dataset,method,variant,dimension,n,gap_leak_fraction_mean,gap_leak_fraction_sem,epi_gap_ratio_mean,epi_gap_ratio_sem,mean_std_epi_gap_in_mean,mean_std_epi_gap_in_sem,mean_std_epi_gap_out_mean,mean_std_epi_gap_out_sem,rmse_gap_in_mean,rmse_gap_in_sem,rmse_gap_out_mean,rmse_gap_out_sem,ll_gap_in_mean,ll_gap_in_sem,ll_gap_out_mean,ll_gap_out_sem,picp95_gap_in_mean,picp95_gap_in_sem,picp95_gap_out_mean,picp95_gap_out_sem,feature_n_distinct,n_train_full,n_removed
energy,mcd,control,0,5,0.0,0.0,1.001920673601088,0.020377039442351648,1.1781470696848606,0.01822749779761896,1.176778426694858,0.016601503111734587,1.102584816387727,0.09961757465046085,1.3534085647631753,0.07359719453043745,-1.783035785607246,0.030741598914432282,-1.8605827489111,0.022895388644837773,1.0,0.0,0.9923850574712644,0.004697638713871208,12,691,varies
energy,mcd,control,1,5,0.0,0.0,1.001920673601088,0.020377039442351648,1.1781470696848606,0.01822749779761896,1.176778426694858,0.016601503111734587,1.102584816387727,0.09961757465046085,1.3534085647631753,0.07359719453043745,-1.783035785607246,0.030741598914432282,-1.8605827489111,0.022895388644837773,1.0,0.0,0.9923850574712644,0.004697638713871208,12,691,varies
energy,mcd,control,2,5,0.25338555212702546,0.002571313292433219,0.9061855689149247,0.017261611376608775,1.099659333275215,0.02145492979660831,1.2137344034939954,0.012862018544807318,1.5560730833433245,0.1283064032211424,1.105158872476415,0.07807389179843628,-1.9269059924198828,0.05024311460421791,-1.7890283466498027,0.02515473809917083,0.9838095238095239,0.010168645954315514,1.0,0.0,7,691,varies
energy,mcd,control,3,5,0.6261874241837866,0.0026477719873418577,1.024230644459852,0.01067934645146095,1.194736996268427,0.017293925378310752,1.1665153798037393,0.012995501173676056,1.4062212434868162,0.18028819783898412,1.2066315771465785,0.04604555764553426,-1.8964646944010197,0.06932117487863804,-1.808249748342028,0.017219501329431307,0.9843076923076923,0.009612614985731268,1.0,0.0,4,691,varies
energy,mcd,control,4,5,1.0,0.0,0.9975297149695933,0.019082634189492062,1.1729286629274964,0.012080554629412647,1.177067584026545,0.01887850134702466,1.2703412230922586,0.05889653460854668,1.299093675736407,0.06326033140553126,-1.8289826825054145,0.019518871769217246,-1.8417834796784476,0.019410697931723973,1.0,0.0,0.9924528301886791,0.004621678759968287,2,691,varies
energy,mcd,control,5,5,0.24847589063851167,0.0030843516391765055,1.0058557550641551,0.010870846824981845,1.1802992486511503,0.021204120333020375,1.1730945413969682,0.009352477521495876,1.2919514366826814,0.08405169846320079,1.2923510668609737,0.057349134379552365,-1.8405904493746525,0.02126516859081774,-1.837712288727855,0.019250111225365223,1.0,0.0,0.9919871794871795,0.004913368498960218,4,691,varies
energy,mcd,control,6,5,0.43368142180873726,0.002289602734819664,0.9894569991918395,0.01607137962057444,1.1676061597651282,0.025073344494373654,1.1797246766953038,0.009544746424681769,1.3147922828733942,0.1546369355055831,1.2769599354863999,0.03392791002330766,-1.8558994352352092,0.05248905916963253,-1.832178427458936,0.016519867806626457,0.9833043478260869,0.010238738107502626,1.0,0.0,4,691,varies
energy,mcd,control,7,5,0.3417257718817179,0.0026920748843153094,0.9878923379937887,0.020408519560109747,1.165887250059344,0.02793164958310422,1.1799576705298502,0.00918719311964162,1.2315587699443362,0.10398791478458322,1.3118861891448799,0.046671929387865886,-1.8193540929837198,0.033047163611104186,-1.8456479892530981,0.013715319984192188,0.9923076923076923,0.0076923076923076875,0.9962264150943396,0.003773584905660398,6,691,varies
energy,mcd,gap,0,20,0.0,0.0,1.0483740705423092,0.007977090859768153,0.8584188859388803,0.00811323203383423,0.8188314710860582,0.004777001108338244,9.059969003376555,0.2207991489623088,0.8306565417748775,0.025662313427550328,-22.70917890390742,0.9434345402990112,-1.4211737844735393,0.01214816878337644,0.06276791840186302,0.017736558834552753,0.9846201896065911,0.0032308422818680734,12,691,varies
energy,mcd,gap,1,20,0.0,0.0,1.0483740705423092,0.007977090859768153,0.8584188859388803,0.00811323203383423,0.8188314710860582,0.004777001108338244,9.059969003376555,0.2207991489623088,0.8306565417748775,0.025662313427550328,-22.70917890390742,0.9434345402990112,-1.4211737844735393,0.01214816878337644,0.06276791840186302,0.017736558834552753,0.9846201896065911,0.0032308422818680734,12,691,varies
energy,mcd,gap,2,20,0.2504690265667931,0.0011220328146099735,0.912130478884331,0.0059508278543970216,0.8578859675711676,0.007553963427506281,0.9404980737873327,0.00520319201664311,4.873245464069975,0.1396647289280558,0.9260330847144136,0.032717536989032445,-6.759612761683873,0.2999894787416022,-1.5481304571102386,0.013644321785731836,0.5168102882240118,0.02556683798493012,0.9867921102948998,0.004317131285590949,7,691,varies
energy,mcd,gap,3,20,0.6270189023635011,0.0012869442322245407,1.0328321183240416,0.007490038071545652,1.0492370498709997,0.010467053280970513,1.016163098787544,0.008951479829904227,1.9289159051240994,0.08318184526390196,1.3913659497844573,0.05145610489061661,-2.1181229743940535,0.049162641824634146,-1.8349226697146424,0.02130912942093862,0.8924474347491589,0.01527264528282646,0.9625708813423826,0.0066172923721705265,4,691,varies
energy,mcd,gap,4,20,1.0,0.0,0.9954875198852315,0.007391953848296613,1.181947357988278,0.0103817906405967,1.1876510815046302,0.008502918120815925,1.304722028540098,0.06281333052238706,1.2696455857765574,0.03684873453977468,-1.8518252212165742,0.022358676094462935,-1.8345391968212836,0.012852176330566801,0.9901699982052318,0.004566520698057699,0.9944158211213351,0.002397135791034476,2,691,varies
energy,mcd,gap,5,20,0.24959056677869254,0.0013250570565973853,1.0025127524080266,0.007179308296116892,1.2066057302219473,0.011313879105827863,1.2034812840099456,0.00629200478047931,1.2955715463605357,0.05070323628824224,1.2782361096560821,0.03589930221339207,-1.8492707291055634,0.0173481566630858,-1.8394284546602329,0.012127242037334954,0.9981481481481481,0.0018518518518518606,0.9909954141926732,0.003018294661352287,4,691,varies
energy,mcd,gap,6,20,0.4385865088557077,0.001422983462656437,1.0072180933926644,0.00814388040897461,1.1929386846356338,0.008501721142546804,1.1850303452856532,0.007743147798938535,1.328047438884899,0.0717493473145329,1.2216604774580124,0.031755316200257205,-1.85830091912444,0.02631742664295878,-1.8175738564113337,0.010592589368210822,0.9759602699778016,0.00823853487350186,0.9981105169340463,0.0013014598076586856,4,691,varies
energy,mcd,gap,7,20,0.34386264900974556,0.001274196316371701,0.9855666245448436,0.008028862907000306,1.1902547977129394,0.008326500401485094,1.2083891459510547,0.00810154185472916,1.1848379862119263,0.04149667812471918,1.3077991599623653,0.03974785815126548,-1.8108890495346608,0.011032581514206224,-1.8523652677271278,0.013021475218908729,0.9979166666666666,0.0020833333333333316,0.9933055152394775,0.0031855240611195993,6,691,varies
energy,map,control,0,5,0.0,0.0,,,0.0,0.0,0.0,0.0,0.6224350051325275,0.04155799147432519,0.5207584910343867,0.024770824151862703,-1.2036245300853285,0.16965290056321222,-0.8347112264389726,0.07016456888423851,0.8352354744804835,0.014768849912476926,0.8804085140687576,0.01009693961292121,12,691,varies
energy,map,control,1,5,0.0,0.0,,,0.0,0.0,0.0,0.0,0.6224350051325275,0.04155799147432519,0.5207584910343867,0.024770824151862703,-1.2036245300853285,0.16965290056321222,-0.8347112264389726,0.07016456888423851,0.8352354744804835,0.014768849912476926,0.8804085140687576,0.01009693961292121,12,691,varies
energy,map,control,2,5,0.25338555212702546,0.002571313292433219,,,0.0,0.0,0.0,0.0,0.6194799632979423,0.02226423436817645,0.5277136913898725,0.029076847796552265,-1.176485835782215,0.10199364411627307,-0.8609807054536758,0.08671995694451169,0.8075384615384615,0.04397444120497656,0.8923023077000927,0.005912327292682235,7,691,varies
energy,map,control,3,5,0.6261874241837866,0.0026477719873418577,,,0.0,0.0,0.0,0.0,0.5482488690011114,0.02741960696419858,0.5660405225006612,0.028674622625310123,-0.9451215058514391,0.11471585970113898,-0.9782282698191276,0.08417977813490762,0.8534641909814324,0.030197050716276715,0.8694570135746605,0.013372255046735091,4,691,varies
energy,map,control,4,5,1.0,0.0,,,0.0,0.0,0.0,0.0,0.5415762205573674,0.045720870113146184,0.5655905040011849,0.026140264768399153,-0.9144428780721009,0.133048943098046,-0.9884971307722275,0.09517920755797564,0.863286808976464,0.02082492709971508,0.8666109613656783,0.014847934354033398,2,691,varies
energy,map,control,5,5,0.24847589063851167,0.0030843516391765055,,,0.0,0.0,0.0,0.0,0.4809750154000317,0.028586273512721045,0.596073798027602,0.027638796595986122,-0.7241966607750095,0.08339033125375575,-1.0894768986730063,0.09409965566507814,0.9053513957307061,0.025542016067373313,0.8438039947473909,0.01396876636703748,4,691,varies
energy,map,control,6,5,0.43368142180873726,0.002289602734819664,,,0.0,0.0,0.0,0.0,0.5129586287858939,0.03409214936395461,0.5791870845148448,0.030944916335953837,-0.8311071356095662,0.10654637009793493,-1.0287601553753993,0.10025459670455425,0.8699219910524258,0.03775867800944078,0.8620729068628228,0.01749402169388042,4,691,varies
energy,map,control,7,5,0.3417257718817179,0.0026920748843153094,,,0.0,0.0,0.0,0.0,0.5138403257721695,0.05816214331715303,0.5736150247640845,0.04793223052472977,-0.8496901462475375,0.19224127450028622,-1.031189867510047,0.16457773808316348,0.878030636030636,0.05456731025217189,0.8563799479417048,0.029714254071080436,6,691,varies
energy,map,gap,0,20,0.0,0.0,,,0.0,0.0,0.0,0.0,15.960383813144967,0.4229706342051332,0.3989369525504555,0.01278379380105952,-1292.8744709063453,79.8355120157712,-0.5820765876271978,0.058073405815840876,0.0,0.0,0.8839742143263104,0.010615741109378105,12,691,varies
energy,map,gap,1,20,0.0,0.0,,,0.0,0.0,0.0,0.0,15.960383813144967,0.4229706342051332,0.3989369525504555,0.01278379380105952,-1292.8744709063453,79.8355120157712,-0.5820765876271978,0.058073405815840876,0.0,0.0,0.8839742143263104,0.010615741109378105,12,691,varies
energy,map,gap,2,20,0.2504690265667931,0.0011220328146099735,,,0.0,0.0,0.0,0.0,4.632138390369218,0.14773200899107636,0.533619670504377,0.024457360617048344,-68.61392731034184,4.591797443193169,-0.9450241740644231,0.09571907876783517,0.2623497139601839,0.0185799573377288,0.8828423909596339,0.012582408149902366,7,691,varies
energy,map,gap,3,20,0.6270189023635011,0.0012869442322245407,,,0.0,0.0,0.0,0.0,0.618339183458559,0.023596548517927356,0.5467929631278905,0.019759072665887497,-1.1977458314631304,0.0901219868369401,-0.9456853631969457,0.06793041992729487,0.8197563183942493,0.012989924142546669,0.8786546889631184,0.011355647125450523,4,691,varies
energy,map,gap,4,20,1.0,0.0,,,0.0,0.0,0.0,0.0,0.5132528977565687,0.024427188243152126,0.5825315742462882,0.021145166396250005,-0.8443573952630675,0.08545545636590404,-1.091655112673822,0.07791975599880752,0.8840646122614464,0.014172863845747676,0.8568198111448577,0.01435781989342886,2,691,varies
energy,map,gap,5,20,0.24959056677869254,0.0013250570565973853,,,0.0,0.0,0.0,0.0,0.5416942888035698,0.021670289665001577,0.5950815718912917,0.02164980373514894,-0.9008668513894985,0.06989018644570147,-1.0697969627621822,0.07530042848095632,0.8774067531742151,0.01760038456678131,0.8699562848525975,0.013077998380657707,4,691,varies
energy,map,gap,6,20,0.4385865088557077,0.001422983462656437,,,0.0,0.0,0.0,0.0,0.6477994636109596,0.030911517199847267,0.559651451957239,0.019941719593430225,-1.2734204289829227,0.11695792246442503,-0.9643976924612389,0.06747822472120917,0.8203060584421034,0.019594995403433752,0.8843966627884609,0.012006939191149691,4,691,varies
energy,map,gap,7,20,0.34386264900974556,0.001274196316371701,,,0.0,0.0,0.0,0.0,0.6093534170960835,0.025293954153210545,0.5366032590696895,0.02244049330096341,-1.2589598327771034,0.10399199252899254,-0.9566003302689566,0.08399704715771526,0.7978259696846653,0.02654436492144628,0.8649039280581722,0.012316614127566534,6,691,varies
energy,laplace,control,0,5,0.0,0.0,1.140287522459055,0.06240567943444187,0.2850266393274123,0.01974971698122893,0.24936131917974338,0.005168414747554981,0.6224350051325275,0.04155799147432519,0.5207584910343867,0.024770824151862703,-1.0102254006149765,0.07867286298321205,-0.755741416969687,0.047571811881626534,0.9090763956753067,0.023860070191660112,0.9195697716752484,0.011145210320086025,12,691,varies
energy,laplace,control,1,5,0.0,0.0,1.140287522459055,0.06240567943444187,0.2850266393274123,0.01974971698122893,0.24936131917974338,0.005168414747554981,0.6224350051325275,0.04155799147432519,0.5207584910343867,0.024770824151862703,-1.0102254006149765,0.07867286298321205,-0.755741416969687,0.047571811881626534,0.9090763956753067,0.023860070191660112,0.9195697716752484,0.011145210320086025,12,691,varies
energy,laplace,control,2,5,0.25338555212702546,0.002571313292433219,0.8920496203919217,0.03110232605440779,0.24058097819972316,0.0045904373554597555,0.2712005429654087,0.011978272494057484,0.6194799632979423,0.02226423436817645,0.5277136913898725,0.029076847796552265,-1.0036145105739682,0.07748712561260428,-0.7664748810885116,0.04860522798632032,0.8728278388278389,0.022195965784359492,0.935231865960725,0.014542049429268452,7,691,varies
energy,laplace,control,3,5,0.6261874241837866,0.0026477719873418577,0.9636016259769711,0.033711252429483744,0.25412053817925534,0.008917860352153117,0.26451904985476726,0.01075296904007829,0.5482488690011114,0.02741960696419858,0.5660405225006612,0.028674622625310123,-0.8269976892624438,0.06052620500989869,-0.8558195853346815,0.053691936767550234,0.9077453580901856,0.020775486792852627,0.9167986425339366,0.014997625801048181,4,691,varies
energy,laplace,control,4,5,1.0,0.0,1.0392538011227064,0.04416828264224004,0.26723240295554024,0.01216250092193838,0.25779772544807866,0.009487658642184342,0.5415762205573674,0.045720870113146184,0.5655905040011849,0.026140264768399153,-0.8164907846563934,0.08839024107144441,-0.8589372713188281,0.040623105762828654,0.8864349571246123,0.023496811546518264,0.9295192529842126,0.010528386513464801,2,691,varies
energy,laplace,control,5,5,0.24847589063851167,0.0030843516391765055,0.7793599254717625,0.021075571512123827,0.22002482426289252,0.006054295596142286,0.28321600615763964,0.011652130693968225,0.4809750154000317,0.028586273512721045,0.596073798027602,0.027638796595986122,-0.6838136704901031,0.05965417767536843,-0.9278693309631267,0.05576746970530762,0.9274778325123153,0.02565092509089838,0.9071381673133695,0.017566887618413275,4,691,varies
energy,laplace,control,6,5,0.43368142180873726,0.002289602734819664,0.8433971914945779,0.031218247345769716,0.23131452792387824,0.009245387481435904,0.27498587293401233,0.010921223030246917,0.5129586287858939,0.03409214936395461,0.5791870845148448,0.030944916335953837,-0.7649769999285799,0.08038882640950663,-0.8828567433915324,0.05486548268909274,0.9101484602354167,0.025423116607895768,0.9146016635092264,0.01659988334233664,4,691,varies
energy,laplace,control,7,5,0.3417257718817179,0.0026920748843153094,0.7890878625609689,0.02179127057860941,0.22134603494274646,0.010827282226826383,0.28010411021646936,0.008204930637188268,0.5138403257721695,0.05816214331715303,0.5736150247640845,0.04793223052472977,-0.7930020266918094,0.1492187887225652,-0.8775743081401913,0.10164330823220477,0.926073926073926,0.044718896350856345,0.907007426799721,0.02444054770241339,6,691,varies
energy,laplace,gap,0,20,0.0,0.0,31.58525351169696,1.206814765737542,6.340493410442955,0.25671373521912044,0.2010272989423695,0.0030632008307985674,15.960383813144967,0.4229706342051332,0.3989369525504555,0.01278379380105952,-6.852840236892547,0.37552188526717273,-0.5078965127796556,0.037517340330571594,0.43166192069367726,0.04344095867232054,0.9399032752425043,0.01055410757222428,12,691,varies
energy,laplace,gap,1,20,0.0,0.0,31.58525351169696,1.206814765737542,6.340493410442955,0.25671373521912044,0.2010272989423695,0.0030632008307985674,15.960383813144967,0.4229706342051332,0.3989369525504555,0.01278379380105952,-6.852840236892547,0.37552188526717273,-0.5078965127796556,0.037517340330571594,0.43166192069367726,0.04344095867232054,0.9399032752425043,0.01055410757222428,12,691,varies
energy,laplace,gap,2,20,0.2504690265667931,0.0011220328146099735,7.7699719848887,0.4912426780416077,1.7728292633444827,0.10862399961912207,0.2288245555951854,0.003172516786918224,4.632138390369218,0.14773200899107636,0.533619670504377,0.024457360617048344,-4.764338744043231,0.39596339699333216,-0.8262460651053118,0.06602370596784377,0.5442525159510698,0.033285182680225824,0.9252207461618236,0.008743587466854346,7,691,varies
energy,laplace,gap,3,20,0.6270189023635011,0.0012869442322245407,1.1694673864385012,0.027416243587081775,0.2946611740850086,0.009230441068045641,0.2515202237492936,0.0038539650997043567,0.618339183458559,0.023596548517927356,0.5467929631278905,0.019759072665887497,-0.9229999543136633,0.05026348417297517,-0.8357425462091221,0.04721847152941645,0.9013446811808882,0.012910396608085068,0.9214923273480986,0.010681406981258284,4,691,varies
energy,laplace,gap,4,20,1.0,0.0,1.00322687196942,0.01876155147644237,0.2686315577061113,0.004542103037487365,0.2686514758112623,0.0044999251259416635,0.5132528977565687,0.024427188243152126,0.5825315742462882,0.021145166396250005,-0.7668109153528766,0.06603392923547914,-0.8966597800037457,0.047559307041307675,0.9330791988977334,0.014322938724273808,0.9092181620454965,0.011784223522256023,2,691,varies
energy,laplace,gap,5,20,0.24959056677869254,0.0013250570565973853,0.8850757854782877,0.015657292047683787,0.24080801950782385,0.0029991052396201056,0.273069418748718,0.0041146476856288765,0.5416942888035698,0.021670289665001577,0.5950815718912917,0.02164980373514894,-0.8292269118339364,0.05228048560006154,-0.917229594427055,0.045454464056550015,0.9262572638856703,0.016376765385455776,0.9265127801315117,0.01090300546925042,4,691,varies
energy,laplace,gap,6,20,0.4385865088557077,0.001422983462656437,2.441758744357646,0.10475438760335574,0.6426551531490065,0.023335560163356403,0.2648511813622488,0.003994048830368335,0.6477994636109596,0.030911517199847267,0.559651451957239,0.019941719593430225,-0.9344265222688595,0.027891353708443718,-0.8301859288885962,0.03652550736160347,0.9871838000708969,0.005389548609073334,0.9402675117975065,0.0067700264007454535,4,691,varies
energy,laplace,gap,7,20,0.34386264900974556,0.001274196316371701,0.8683592178106002,0.011450629210883068,0.22100257500216552,0.0032898269131789847,0.25472057937469994,0.002975546023373956,0.6093534170960835,0.025293954153210545,0.5366032590696895,0.02244049330096341,-1.0813427025191997,0.0768072870743492,-0.8215455771238032,0.05380618082958984,0.8450941911023433,0.019461778923634626,0.9166442493506523,0.00986171059554304,6,691,varies
energy,ensemble,control,0,5,0.0,0.0,0.9929305832677402,0.06719131047206382,0.2289597089031689,0.013811954106169557,0.23304225181622223,0.014790431231362802,0.588057104687266,0.06112047110181271,0.4384535863056733,0.02531313858010649,-0.9099163129199622,0.11648227233620956,-0.6000442396846891,0.043366853621136056,0.930299698553782,0.01653227200477598,0.9492863941332501,0.014289667210824154,12,691,varies
energy,ensemble,control,1,5,0.0,0.0,0.9929305832677402,0.06719131047206382,0.2289597089031689,0.013811954106169557,0.23304225181622223,0.014790431231362802,0.588057104687266,0.06112047110181271,0.4384535863056733,0.02531313858010649,-0.9099163129199622,0.11648227233620956,-0.6000442396846891,0.043366853621136056,0.930299698553782,0.01653227200477598,0.9492863941332501,0.014289667210824154,12,691,varies
energy,ensemble,control,2,5,0.25338555212702546,0.002571313292433219,1.1542138955973738,0.08462538481561863,0.2533289091159211,0.01984693262437126,0.22047406027503547,0.011946300143735558,0.5458527495616828,0.04488130842108408,0.4684627939994974,0.04167940610700527,-0.8603843119012856,0.1110863598564648,-0.6343788656528314,0.06499635935227846,0.907021978021978,0.037097590922649144,0.9577678760106088,0.0067073644795076935,7,691,varies
energy,ensemble,control,3,5,0.6261874241837866,0.0026477719873418577,1.0172753543587085,0.06793705014313155,0.23416376726340818,0.018048290906782026,0.23044016724811134,0.010750575094610049,0.5017734214897901,0.03645495696075651,0.4950410882521469,0.033177487906100096,-0.73000373098396,0.06601618750715456,-0.694567547781147,0.056708853167755535,0.9303342175066313,0.015025567873311798,0.9491515837104073,0.013159541694208217,4,691,varies
energy,ensemble,control,4,5,1.0,0.0,0.9357212085512341,0.01374614622465748,0.2220412394313282,0.012910196637385333,0.2369251402677,0.011663546901129177,0.4469846271125525,0.023177858569292043,0.5169539836316704,0.051732433172797194,-0.6217336237915696,0.054508698925583965,-0.7502605191995496,0.09127367161894778,0.9535531837255975,0.009301437534253228,0.9376227698626621,0.0159967902424185,2,691,varies
energy,ensemble,control,5,5,0.24847589063851167,0.0030843516391765055,0.8895355448836941,0.025263785862756842,0.21410521734703708,0.010374307859151334,0.24140044229979107,0.01329324812975483,0.44211837129732406,0.02136152488684736,0.5196785832057793,0.04537509063297954,-0.6176724227038835,0.052115517865337524,-0.7476999277409021,0.07922036436615702,0.9549770114942528,0.01404647082300684,0.9358017880592004,0.017854524641514182,4,691,varies
energy,ensemble,control,6,5,0.43368142180873726,0.002289602734819664,0.9093986660078078,0.03907976464033316,0.21782988183992064,0.01561535180448253,0.23892048187642895,0.011187073131147163,0.47446256679365656,0.02999299369310501,0.5047734174886946,0.04266954496950662,-0.6703498301148216,0.07041002287922546,-0.7228755230202026,0.0783352030864933,0.9594658385093169,0.018737469997688525,0.9353274487728269,0.016187900636175034,4,691,varies
energy,ensemble,control,7,5,0.3417257718817179,0.0026920748843153094,0.8964865238813513,0.020851055311543885,0.21511228762718435,0.011144665895371888,0.2402880957052611,0.012752853548405087,0.4618340226257455,0.04107106516540209,0.5083657351799877,0.053286718374451016,-0.6504105845314636,0.0893314884733694,-0.739278323828284,0.10422520399634856,0.94988344988345,0.03063073655918358,0.9378822577982241,0.024269000105330816,6,691,varies
energy,ensemble,gap,0,20,0.0,0.0,11.179799967092446,0.5830405481206977,2.2233145202412943,0.098621684886433,0.20117455487825864,0.004464353013989323,16.24452917730985,0.27170483792887395,0.3408353487864337,0.013306513658335484,-48.92894343877295,5.037467357880882,-0.3722082316389071,0.03548456563558713,0.00217391304347826,0.00217391304347826,0.9722082131720489,0.00554318853085903,12,691,varies
energy,ensemble,gap,1,20,0.0,0.0,11.179799967092446,0.5830405481206977,2.2233145202412943,0.098621684886433,0.20117455487825864,0.004464353013989323,16.24452917730985,0.27170483792887395,0.3408353487864337,0.013306513658335484,-48.92894343877295,5.037467357880882,-0.3722082316389071,0.03548456563558713,0.00217391304347826,0.00217391304347826,0.9722082131720489,0.00554318853085903,12,691,varies
energy,ensemble,gap,2,20,0.2504690265667931,0.0011220328146099735,2.5727342597307734,0.11700854124824248,0.5211446910341235,0.024725364025189173,0.2033269563902386,0.004322156776106544,4.604748946143089,0.13313258934628863,0.48184297215862487,0.02244634488995714,-23.4005235909064,1.7692549693669593,-0.7091072268896832,0.056362271311725685,0.36635370525943384,0.02957975244092816,0.9394496798950461,0.008273773223110743,7,691,varies
energy,ensemble,gap,3,20,0.6270189023635011,0.0012869442322245407,1.0544207949823692,0.017893988827161242,0.23535626828133535,0.00650487911162071,0.22354302448479685,0.005564217835708867,0.575510521058966,0.0218887451211433,0.5013579465482347,0.018766811860496464,-0.9013775806904831,0.05053126613161692,-0.7649536731770554,0.048601751990022944,0.8846119378705586,0.014766831571320835,0.936462811995181,0.009327109111572082,4,691,varies
energy,ensemble,gap,4,20,1.0,0.0,0.9683726814222113,0.018826997250569653,0.2344441842293819,0.005460462105971838,0.24301086920150702,0.006072964022140094,0.43388168986134196,0.01661565516492191,0.509066706846897,0.01915617885494954,-0.5955560178342945,0.032364706690016405,-0.7526907100956381,0.04647537065290267,0.9588046115388679,0.008535141291397135,0.9391000686768551,0.007548391951707997,2,691,varies
energy,ensemble,gap,5,20,0.24959056677869254,0.0013250570565973853,0.9738246992890721,0.020350300278918047,0.22571582301450283,0.0073621834950336204,0.23277489567592538,0.007420823697834549,0.4879315215363088,0.022371255156353007,0.5420233713368644,0.016992523251995566,-0.7259107972489456,0.05549053780149961,-0.8229497079314994,0.037649572060106065,0.9210006869602292,0.014275107683504441,0.9271510661929548,0.006296323953612494,4,691,varies
energy,ensemble,gap,6,20,0.4385865088557077,0.001422983462656437,1.4360593141700608,0.06156700089646529,0.3400610138491767,0.014244210071339341,0.2382487892780282,0.00643237414031661,0.5449354072180241,0.018046867442335354,0.5131270003511854,0.022725183506735615,-0.8115355810247221,0.03174984251606116,-0.7811651092653944,0.05641147805572967,0.9530018627935879,0.011541998277148031,0.9367951150667307,0.009553668688699675,4,691,varies
energy,ensemble,gap,7,20,0.34386264900974556,0.001274196316371701,0.999610969402703,0.01820826632628181,0.2457598066287486,0.00629061763117281,0.24609418778255332,0.005222794290253444,0.5484502809506501,0.023809444961314073,0.474905372512477,0.020126699777592485,-0.8760286435025544,0.05982776421691423,-0.7038543911480957,0.04707990060354323,0.8790383777639212,0.01627855406540619,0.9418544492153625,0.00578825072007026,6,691,varies
energy,bbb,control,0,5,0.0,0.0,0.9469857610552956,0.014125976130357092,0.6461464503205679,0.025725513015188457,0.6816751171063278,0.01948813357984933,0.6730031407454298,0.05762737595485354,0.529460093188925,0.027273147994798342,-1.1842229830372712,0.024795281973402982,-1.1086350013965105,0.024571034228116753,0.9923076923076923,0.0076923076923076875,1.0,0.0,12,691,varies
energy,bbb,control,1,5,0.0,0.0,0.9469857610552956,0.014125976130357092,0.6461464503205679,0.025725513015188457,0.6816751171063278,0.01948813357984933,0.6730031407454298,0.05762737595485354,0.529460093188925,0.027273147994798342,-1.1842229830372712,0.024795281973402982,-1.1086350013965105,0.024571034228116753,0.9923076923076923,0.0076923076923076875,1.0,0.0,12,691,varies
energy,bbb,control,2,5,0.25338555212702546,0.002571313292433219,1.035522497915768,0.013724542185038298,0.6849647455540966,0.02296088925238668,0.6614706225104026,0.02073446976393496,0.6245913307765323,0.028284755271474688,0.5706327725584053,0.027537178146361214,-1.1571926937843782,0.024722387675181166,-1.1257362238996427,0.016366670376758548,1.0,0.0,0.9961538461538462,0.003846153846153832,7,691,varies
energy,bbb,control,3,5,0.6261874241837866,0.0026477719873418577,0.9358463113592036,0.012144420057961333,0.6411190480957335,0.0259487480565472,0.684190795627966,0.018997242861711203,0.5944651707664812,0.0296181688460534,0.5874914472708725,0.019689586214795655,-1.1278248197326548,0.025608218632395055,-1.1407166866661869,0.013207906032819268,1.0,0.0,0.9961538461538462,0.003846153846153832,4,691,varies
energy,bbb,control,4,5,1.0,0.0,0.9970063189849945,0.012158085309519675,0.6671336919454521,0.017257609219503818,0.6701056900341236,0.023628450631011412,0.5761422081283234,0.03698142164113154,0.5962723564252421,0.029894684195997633,-1.1305960326719144,0.025414675721960187,-1.1396792081157237,0.01898961730991234,1.0,0.0,0.9960000000000001,0.0040000000000000036,2,691,varies
energy,bbb,control,5,5,0.24847589063851167,0.0030843516391765055,0.9461281917312361,0.016589764246873615,0.6458369743944866,0.02300576596346792,0.682604656512029,0.021054153357608286,0.5574609482043233,0.015000877816450188,0.6053091721205952,0.02449989271837079,-1.110874473689931,0.015635584240821537,-1.1489881311171508,0.017713656907766755,1.0,0.0,0.9962264150943396,0.003773584905660398,4,691,varies
energy,bbb,control,6,5,0.43368142180873726,0.002289602734819664,0.9416779420078853,0.013261207464385317,0.6430150435729844,0.025015204931999425,0.6822303934218075,0.019532986762637684,0.5768823075833068,0.05022529479297145,0.5899629215045774,0.021005092860504924,-1.1267822682137059,0.027747005388716144,-1.1389205454588267,0.020106846996911704,1.0,0.0,0.9963636363636363,0.0036363636363636377,4,691,varies
energy,bbb,control,7,5,0.3417257718817179,0.0026920748843153094,0.9713340400412308,0.02146982381996366,0.6561976080737633,0.019910533177172077,0.6765972792317342,0.02304012355402614,0.5621994203830124,0.041206987173598324,0.6021007774308915,0.020911707863716007,-1.1178881251648594,0.02937830298283324,-1.1455858396062273,0.012863014296722293,1.0,0.0,0.9961538461538462,0.003846153846153832,6,691,varies
energy,bbb,gap,0,20,0.0,0.0,1.1207448803505335,0.02476210459920478,0.6122781745209378,0.018738900674900656,0.5464658661537987,0.012215151744043392,12.683150783277929,0.5233488029950898,0.4644159807940345,0.016300243128437312,-102.46410741092912,9.458189806807244,-0.9430187025505493,0.017356689382741614,0.14401692839061653,0.0329408929061152,0.9990196078431373,0.0009803921568627416,12,691,varies
energy,bbb,gap,1,20,0.0,0.0,1.1207448803505335,0.02476210459920478,0.6122781745209378,0.018738900674900656,0.5464658661537987,0.012215151744043392,12.683150783277929,0.5233488029950898,0.4644159807940345,0.016300243128437312,-102.46410741092912,9.458189806807244,-0.9430187025505493,0.017356689382741614,0.14401692839061653,0.0329408929061152,0.9990196078431373,0.0009803921568627416,12,691,varies
energy,bbb,gap,2,20,0.2504690265667931,0.0011220328146099735,1.1746661961595615,0.014795779777631477,0.7074923231826687,0.014952989549886001,0.6026254534799769,0.011123845002966395,5.375605596044162,0.1362412336627515,0.536217417066701,0.022736921041925498,-13.668609721491126,0.6854323342636504,-1.053189750836229,0.014981261867866491,0.2689738677438204,0.01923773331611117,0.9946486594882671,0.0021353016087917874,7,691,varies
energy,bbb,gap,3,20,0.6270189023635011,0.0012869442322245407,0.9538858726036394,0.009687324142091397,0.6396647518797983,0.013374088213630743,0.670228210243467,0.011041405666651107,0.6692428674090942,0.029785322345349138,0.6579047765918501,0.032311000860386636,-1.1898879152100375,0.022560529344282883,-1.1935183627628054,0.024607745336437163,0.9982142857142857,0.0017857142857142798,0.9884940961058142,0.005088717958372348,4,691,varies
energy,bbb,gap,4,20,1.0,0.0,0.9962813160519502,0.008003437210226746,0.6604439868482059,0.01368947824023529,0.6631919613342396,0.013159872729801807,0.5244275759503193,0.020198860627972662,0.5725062991847858,0.01944500058037593,-1.115848388885974,0.014750000764778493,-1.136990415642423,0.016090173791073234,1.0,0.0,0.9941799474450761,0.002047529524460604,2,691,varies
energy,bbb,gap,5,20,0.24959056677869254,0.0013250570565973853,0.99727448852617,0.010235816676462662,0.6741729258224495,0.017041416426138038,0.6759030678314224,0.015299668822392103,0.5817009905594082,0.017693591794048367,0.5904610769532788,0.02061368954789592,-1.1490352834722364,0.01541872728589454,-1.1560247511398476,0.01607076275005083,1.0,0.0,0.9952346155765968,0.0018970088256012258,4,691,varies
energy,bbb,gap,6,20,0.4385865088557077,0.001422983462656437,0.9576907606037507,0.009158849912690807,0.6439810781655355,0.018506244250990535,0.6712837426843355,0.015882538875025633,0.8412985227647786,0.07817606526134284,0.5964085760410875,0.018083524533027348,-1.3475282428858852,0.08474291314021572,-1.1533355804081054,0.018042487196828598,0.971867196384728,0.00841531723160397,0.9919428906204976,0.0022867853109194095,4,691,varies
energy,bbb,gap,7,20,0.34386264900974556,0.001274196316371701,0.9534410293438407,0.00830892828451687,0.6420405138494117,0.010072792237615731,0.6739296187437871,0.010677409524130831,0.570858064304442,0.017954380790692327,0.5709079160754753,0.019719052657060757,-1.127837563352243,0.014295608427727483,-1.1417441728506414,0.014187286932899446,1.0,0.0,0.995209066532596,0.0019041572431029569,6,691,varies
energy,gp,control,0,5,0.0,0.0,1.1092063639613958,0.046661629691983855,0.26309965173036304,0.010743449266269441,0.23726334591529943,0.0016429854956627056,0.6206250509219686,0.06557309181718803,0.4314061327708334,0.029510072483350372,-1.055551014779121,0.16413738368409264,-0.5890211265377081,0.058665847442572014,0.8649468410194363,0.017138849563505417,0.9459165496437303,0.0172065925649227,12,691,varies
energy,gp,control,1,5,0.0,0.0,1.1092063639613958,0.046661629691983855,0.26309965173036304,0.010743449266269441,0.23726334591529943,0.0016429854956627056,0.6206250509219686,0.06557309181718803,0.4314061327708334,0.029510072483350372,-1.055551014779121,0.16413738368409264,-0.5890211265377081,0.058665847442572014,0.8649468410194363,0.017138849563505417,0.9459165496437303,0.0172065925649227,12,691,varies
energy,gp,control,2,5,0.25338555212702546,0.002571313292433219,0.8871203974402624,0.04529961699848054,0.22558981114455476,0.00717713390818178,0.2555482997729489,0.006852352310366556,0.5134113690213951,0.06057265360916679,0.4945936445725735,0.04908791234671729,-0.8120188663565298,0.15384050049023568,-0.7154841438852249,0.0993323355291795,0.893047619047619,0.039126401360803836,0.9308342547716058,0.01062177714771556,7,691,varies
energy,gp,control,3,5,0.6261874241837866,0.0026477719873418577,0.9288439797764809,0.03517267932175717,0.23343581522790643,0.007341566571805784,0.2517410993602621,0.004796612428540536,0.5117674534015194,0.04343158307672765,0.505723380991631,0.029116123797216054,-0.7835475543319137,0.1015988918917843,-0.7310645027329625,0.05066322643893019,0.8989496021220159,0.03264884753108932,0.9295248868778281,0.018806917837976868,4,691,varies
energy,gp,control,4,5,1.0,0.0,1.0485519768618774,0.04967757248858193,0.2530944989066832,0.010719056627069217,0.24168860839602146,0.0030324542381401326,0.46224816393539614,0.028669135440251764,0.5256243283937602,0.052296066880100654,-0.6572538840246139,0.07013790471225177,-0.79765142573636,0.11051361298233928,0.9452198503922642,0.01759701695535177,0.9062801309202927,0.023007623826047978,2,691,varies
energy,gp,control,5,5,0.24847589063851167,0.0030843516391765055,0.7478599206702,0.027708147049102343,0.20130014013289266,0.004770653858310753,0.2699299331405016,0.006798701919187552,0.42815612439719075,0.019684371613849342,0.5393030085658372,0.04714002447357634,-0.5746396606781696,0.046109836026755384,-0.8325472192664678,0.09793467505894302,0.9200016420361248,0.015844049963173887,0.9207977893624794,0.02052018555747361,4,691,varies
energy,gp,control,6,5,0.43368142180873726,0.002289602734819664,0.8012238500588852,0.021740574832175494,0.2102256054189675,0.00732710240634107,0.26223502909989715,0.0037008780276404124,0.4792071535747719,0.034896530633220534,0.5180848523694445,0.04023127502883961,-0.7149651289791172,0.09115984689999357,-0.7637061092466404,0.07770268015255445,0.9188441124093298,0.018880265518080624,0.9204375238829019,0.018790956872091077,4,691,varies
energy,gp,control,7,5,0.3417257718817179,0.0026920748843153094,0.7603925596089222,0.03495324098856562,0.20263276126965138,0.00954449797717865,0.266509178430254,0.0031162043435652774,0.4842005259315676,0.04008780560579176,0.5168888943176096,0.04438981730262644,-0.7314085411612902,0.10887934321091249,-0.7620238579203436,0.0912868660532114,0.9181911421911423,0.028894296291501153,0.918768092010521,0.019310098564406904,6,691,varies
energy,gp,gap,0,20,0.0,0.0,32.74868000224812,1.203426845276561,6.363242695004898,0.2326481503809491,0.19465753204460493,0.0023007144821815617,20.044110168922856,0.31815573354286963,0.37036575580278225,0.014411583612025644,-11.736187031409461,0.2791976911498419,-0.4443105108525199,0.04067590958498258,0.2268540510286341,0.02113240444805265,0.9421972292317455,0.010021025270462804,12,691,varies
energy,gp,gap,1,20,0.0,0.0,32.74868000224812,1.203426845276561,6.363242695004898,0.2326481503809491,0.19465753204460493,0.0023007144821815617,20.044110168922856,0.31815573354286963,0.37036575580278225,0.014411583612025644,-11.736187031409461,0.2791976911498419,-0.4443105108525199,0.04067590958498258,0.2268540510286341,0.02113240444805265,0.9421972292317455,0.010021025270462804,12,691,varies
energy,gp,gap,2,20,0.2504690265667931,0.0011220328146099735,4.239862773287103,0.21979461097110578,0.9482374729239471,0.040843691781913535,0.2254348163714064,0.0035263759243313866,5.443844370913614,0.10921432274840351,0.4810735831575276,0.02285532314586242,-30.806521504518674,1.5510086999936075,-0.7151530533649428,0.06325946869215658,0.2863482664932192,0.02060900503915459,0.9324215478686323,0.008581324237151319,7,691,varies
energy,gp,gap,3,20,0.6270189023635011,0.0012869442322245407,1.1094560760099799,0.02062853464011727,0.28629323983547267,0.006492847683152969,0.25808674834735096,0.003485881696844039,0.5545230971371018,0.024842600805611924,0.5106217923896579,0.020164446880529138,-0.8047879574350795,0.04814858183331689,-0.7572090680805129,0.0451634526620752,0.925094124266538,0.008808606896156049,0.936017490655965,0.009329727862766826,4,691,varies
energy,gp,gap,4,20,1.0,0.0,1.0099577248309577,0.019269424747779193,0.25235016013705786,0.0044891203798908715,0.2504383900404309,0.0035393311177460162,0.4723955071054756,0.016615340637977958,0.524702202889067,0.020031620681959107,-0.6835319898370633,0.03619064141309492,-0.7768354559355606,0.04990183390432057,0.9204575959636305,0.011374349489438964,0.9198331300275958,0.0067355161048621714,2,691,varies
energy,gp,gap,5,20,0.24959056677869254,0.0013250570565973853,0.9670248520887563,0.019649394616697114,0.2524409431785849,0.00358109388335873,0.2621357499143936,0.004028847524205202,0.4764142182378584,0.01612990496001761,0.5265734538724559,0.018641880815091078,-0.6786166692334653,0.03683327592744108,-0.7992840689827919,0.04473938489730485,0.9481147416381784,0.012338352071084802,0.9367118671923018,0.008516660618497091,4,691,varies
energy,gp,gap,6,20,0.4385865088557077,0.001422983462656437,1.651011516208636,0.03009654475109073,0.42134168462687055,0.006128706999233753,0.2559061014949473,0.0032625031399313937,0.5538490311457152,0.015391879699323983,0.5286925774866842,0.02420543047264617,-0.7880069559905893,0.019047326076953218,-0.7835153245377144,0.049980810508827335,0.968853210370742,0.005445137874625902,0.9447464438910422,0.009204152871120884,4,691,varies
energy,gp,gap,7,20,0.34386264900974556,0.001274196316371701,0.8526223234559132,0.013698942624456251,0.20630352369230137,0.002757025768242146,0.24254565937085065,0.003169529337289331,0.5723784793316407,0.020692909698695566,0.49741391613951835,0.020624887106831018,-0.9688695766028204,0.059229014193102066,-0.7509319170938223,0.0526009996495915,0.8459315090945527,0.018517573592673964,0.9224198753577084,0.009238770327934517,6,691,varies
concrete,mcd,control,0,5,0.00516809037619188,0.0006025903038434478,0.9800309081440929,0.021117578851679725,2.799798978485281,0.01691038836277884,2.86093213947496,0.04884669807435161,6.145650660314585,0.4483737666661097,5.882261719810883,0.34523006440323123,-3.2537170521820107,0.06821225971649345,-3.207673213780562,0.05195205874632289,0.9501329901329901,0.022081138420254977,0.9476201316232725,0.015185843264708145,278,927,varies
concrete,mcd,control,1,5,0.506303903658065,0.0012018961030011972,1.0028540235438754,0.010967229577095932,2.847437769692534,0.04474869124445432,2.8390835375117227,0.02556956331171945,5.564951016802998,0.33935904160842173,6.248470080022903,0.21666493034641,-3.1655672622415514,0.04718236577004677,-3.2587037277963615,0.03196503658626435,0.9593267702091233,0.01390518096691775,0.9413832136428585,0.014458529502655883,185,927,varies
concrete,mcd,control,2,5,0.5080688629176369,0.0013707665837412726,0.9767250454849792,0.015607650905258959,2.7972707412863524,0.04322918188125402,2.8646519153841488,0.030230305102691833,6.546655947612628,0.4633140498150958,5.685404175447026,0.18371684380135775,-3.3206705110044306,0.0754674211300748,-3.173887903352525,0.026129571613647564,0.9230303030303031,0.020825358130685263,0.9613930348258706,0.007497950324633632,156,927,varies
concrete,mcd,control,3,5,0.13278306566380424,0.0009419821913888159,0.9179931426774006,0.006939956171466241,2.6853634760602825,0.029516072815317512,2.925917434693303,0.03924199185847018,5.730217222374209,0.40899725935334247,6.182625389720958,0.3333514333981557,-3.1912713942957884,0.06417547659365283,-3.2526914623697913,0.05434483826824495,0.9501501501501501,0.024972704186677207,0.9429449779429495,0.020982096616512097,195,927,varies
concrete,mcd,control,4,5,0.5107623978100211,0.003277456484235235,0.9283564742943176,0.007607478833234987,2.707556911688431,0.03313935499505486,2.9165254939956378,0.02713213043104677,5.71882831584722,0.24283194638578373,6.160184159497339,0.322245657255698,-3.1745706186484286,0.034757832485534476,-3.2536931540894245,0.04882797497671705,0.9637135474344776,0.004919635815299967,0.9384947809969759,0.01766126321048952,111,927,varies
concrete,mcd,control,5,5,0.010669275402795681,0.00039569818649222937,1.0000140583846076,0.02760036130962763,2.841071793321825,0.0690683748042224,2.84267524955253,0.031038819087408426,5.413078234090571,0.11937330452897175,6.319336519376206,0.28925365176906753,-3.1362060720872256,0.01662920940157675,-3.2739980381251748,0.04655027103903635,0.965427927927928,0.0053172786484015815,0.9384454169612884,0.017421696726101877,284,927,varies
concrete,mcd,control,6,5,0.0,0.0,0.9123191518222443,0.011778403042367174,2.654429408017167,0.03267139226478839,2.910324105492221,0.03217077803817408,5.714368721083813,0.3889447839195058,6.144085779690954,0.17420308827956846,-3.182034311514136,0.05825658280833892,-3.2445726412318465,0.025354068366454142,0.9443697879181749,0.014731860005484418,0.948084073820916,0.013975434049465048,302,927,varies
concrete,mcd,control,7,5,0.12017133979249114,0.0007187215842965448,0.9267596782026504,0.018198119397037686,2.702166909088234,0.05092624243390957,2.9166482709654815,0.033373399269453055,6.552299635927669,0.25272336700823217,5.660597902828063,0.3110478567465858,-3.303797388058448,0.04234817520216457,-3.178684839313747,0.043463954380287904,0.9396585698742982,0.016055569983604683,0.9526908824686713,0.013178425650954074,14,927,varies
concrete,mcd,gap,0,20,0.00451948164740755,0.0004908606364231631,0.9804184638090142,0.006897242927790236,2.811151376060686,0.023237208030137867,2.867844563302107,0.01797789548996413,6.615973375435656,0.16432579895490207,5.565004966627102,0.12392160344410882,-3.321431247532684,0.02811070184154722,-3.158633358200811,0.017261991455608024,0.9332355364389411,0.008360176996811255,0.9646090499640729,0.0056383096341465185,278,927,varies
concrete,mcd,gap,1,20,0.5082749001602845,0.00120428811097486,1.0082682911360923,0.00978568235957379,2.746217087756945,0.022574637762995443,2.725322928737286,0.016196543921980514,6.944016422374825,0.23448433423779114,5.9604312796340455,0.1631008598541981,-3.3815405256168547,0.042374034909485325,-3.2108897522649564,0.02445238764906484,0.9024520257995491,0.010088740209897725,0.9473398227899793,0.006410251395153187,185,927,varies
concrete,mcd,gap,2,20,0.5105234721472128,0.001486215697905229,1.0230866820273175,0.008032047239710535,2.7646085751786376,0.0203549101227875,2.703333911740326,0.01599701276176132,6.845697039648451,0.21816303133429532,5.458034534839134,0.17339002355862107,-3.3665217802629366,0.03998683370165328,-3.139072877575275,0.028402408932144494,0.9066465352589642,0.008857535357519207,0.9577794276506435,0.007333598873347423,156,927,varies
concrete,mcd,gap,3,20,0.13277592887440834,0.000637099715852738,0.9304414167157914,0.006454317229100346,2.846503497358647,0.016024226282374928,3.061001037091649,0.019799444124509867,6.077778509367968,0.20398007373280413,5.877646572317159,0.15078402367869967,-3.2398124670046142,0.03192014859257758,-3.2109945740729144,0.018780996017537063,0.957046989327711,0.008425786340469943,0.9650901984073968,0.004223948746102153,195,927,varies
concrete,mcd,gap,4,20,0.5133576399276,0.0015615839941988032,0.9446836287699337,0.006996422387209774,2.808975704776286,0.02049282202411691,2.9740903280002766,0.013620668504280347,7.1025783840084555,0.22164171735209098,5.844919053770701,0.12995926342772454,-3.4054598713029973,0.03927054737005652,-3.205742474488216,0.018752696337164813,0.8915454090606258,0.009343267660983664,0.9479754929433044,0.0051367345071099855,111,927,varies
concrete,mcd,gap,5,20,0.010358925186482066,0.00024704261212201063,1.029137737000047,0.009001793538600915,3.0218557302563918,0.023462959463485648,2.9379350046617243,0.019127007939464227,7.2412514144054,0.1685894160468992,5.584828012183683,0.1454203237001552,-3.4240407102419623,0.03029178497497152,-3.158253015508542,0.02135641361764387,0.909119415575938,0.007355491543826698,0.9631239657184889,0.005410016851028433,284,927,varies
concrete,mcd,gap,6,20,0.0,0.0,0.9552457410009018,0.010606623212497399,2.743942531775491,0.028572386319029575,2.8742971688356733,0.020744930860617565,7.178893582006708,0.24849902692866463,5.603594577967464,0.11734524781982886,-3.430329060122326,0.04839020000506454,-3.162151961980136,0.01698950373738319,0.8887030994484411,0.011071364897377697,0.954464902210517,0.005372683671919188,302,927,varies
concrete,mcd,gap,7,20,0.12012879113408723,0.0008243874471936628,0.966194969987655,0.0067543499682344325,2.8093790951941893,0.019243710801518,2.908589788348857,0.01619402982811939,6.620822719957289,0.22977593265790253,5.2609175557088665,0.15122074579087455,-3.3235454200302543,0.04148681220608228,-3.1149523057676163,0.021458014148646655,0.9315489525979059,0.010343701579419134,0.9640103785323026,0.005415551695819917,14,927,varies
concrete,map,control,0,5,0.00516809037619188,0.0006025903038434478,,,0.0,0.0,0.0,0.0,5.236701010534256,0.1448678140689535,6.013582214788926,0.6444734845415354,-3.8964223481697444,0.22295665964235076,-4.569253061773244,0.5771194303147743,0.746951951951952,0.05380065055349939,0.7290923367646215,0.029023639740406445,278,927,varies
concrete,map,control,1,5,0.506303903658065,0.0012018961030011972,,,0.0,0.0,0.0,0.0,5.231427321767727,0.3625392052501659,6.041278352159268,0.6085291631298592,-3.9015089639511467,0.2598530421312669,-4.600131678187917,0.5776326138819475,0.730091720679956,0.03432576848534598,0.738786694696064,0.03186034720211617,185,927,varies
concrete,map,control,2,5,0.5080688629176369,0.0013707665837412726,,,0.0,0.0,0.0,0.0,5.53669042224571,0.5018710173162103,5.84807598434552,0.61090174835397,-4.230590311836966,0.43580643751391746,-4.399453433919786,0.5462128669592864,0.7322727272727272,0.04001791507801355,0.7376877517176025,0.031177534674165196,156,927,varies
concrete,map,control,3,5,0.13278306566380424,0.0009419821913888159,,,0.0,0.0,0.0,0.0,6.162017096090218,1.2528789327164425,5.598493185534337,0.13325264440611678,-5.013040996518049,1.3232000080967845,-4.146381151645428,0.18321713337814863,0.763564767775294,0.055716918092362636,0.7151356662269441,0.028774281886847396,195,927,varies
concrete,map,control,4,5,0.5107623978100211,0.003277456484235235,,,0.0,0.0,0.0,0.0,6.074930277914466,0.6391010484576176,5.531465124399582,0.5573215371689021,-4.596500176507933,0.4810232815282666,-4.183087386545168,0.4854250934821726,0.7222960502030269,0.03500101325616857,0.7433423916830414,0.035660429904350206,111,927,varies
concrete,map,control,5,5,0.010669275402795681,0.00039569818649222937,,,0.0,0.0,0.0,0.0,5.404373749021078,0.27084116027648975,5.989072227451643,0.5668543134732014,-4.003422508549154,0.24587731159149365,-4.538448840450106,0.5163772983645348,0.742867867867868,0.039965051149992666,0.7315573222237086,0.03268285290153849,284,927,varies
concrete,map,control,6,5,0.0,0.0,,,0.0,0.0,0.0,0.0,4.411403386065099,0.3459259906655689,6.2391535748866875,0.5262175468628092,-3.3094908253647666,0.20716225927298754,-4.752119132038256,0.516586512604789,0.8175623659494627,0.03231353478412529,0.7054654059390901,0.03662300403801679,302,927,varies
concrete,map,control,7,5,0.12017133979249114,0.0007187215842965448,,,0.0,0.0,0.0,0.0,6.9951285657655955,0.9292467185417309,4.955793053251423,0.18046063231920004,-5.603014807404047,1.016907327745711,-3.670980193922464,0.16142689048105593,0.7110740028365488,0.03336772454368591,0.7500442659559255,0.033058468418358015,14,927,varies
concrete,map,gap,0,20,0.00451948164740755,0.0004908606364231631,,,0.0,0.0,0.0,0.0,8.09872304026873,0.2136066014232898,5.232307618436449,0.18938513768286197,-5.992160847150309,0.23618774845357968,-3.6863066633255044,0.14583030901419933,0.5939269293128999,0.02222813334382716,0.8036628873084967,0.013505960256910058,278,927,varies
concrete,map,gap,1,20,0.5082749001602845,0.00120428811097486,,,0.0,0.0,0.0,0.0,10.3628001218466,0.5261529787941069,5.618865804890325,0.22763287307889665,-10.103847831485655,0.8581980264890834,-4.310289850071653,0.23981553287139032,0.5663579943098132,0.019165515683452417,0.7597688382795612,0.015025957635483981,185,927,varies
concrete,map,gap,2,20,0.5105234721472128,0.001486215697905229,,,0.0,0.0,0.0,0.0,7.742497925029075,0.5001940898963471,5.292226366044161,0.2558567055316019,-6.719334800815025,0.6726576952429587,-4.104935526020188,0.22189855803191352,0.6184412777818851,0.020759319473177093,0.7761480307990272,0.018095937655078043,156,927,varies
concrete,map,gap,3,20,0.13277592887440834,0.000637099715852738,,,0.0,0.0,0.0,0.0,8.420611156558953,0.35847213677576156,5.007200409329171,0.1924899082052871,-6.204000870523185,0.34166171237055726,-3.4941618475979674,0.12725039575397198,0.6020741063080057,0.020544920914857028,0.832128679967097,0.010663848745851143,195,927,varies
concrete,map,gap,4,20,0.5133576399276,0.0015615839941988032,,,0.0,0.0,0.0,0.0,10.746585015241354,0.3069945958138688,4.828586299843058,0.1922654300884687,-9.101408816320834,0.43328354973187627,-3.4510164915152375,0.129101939144633,0.5033350225382682,0.01628495249479533,0.8247662452631379,0.014782496376552205,111,927,varies
concrete,map,gap,5,20,0.010358925186482066,0.00024704261212201063,,,0.0,0.0,0.0,0.0,10.44790252439472,0.4153200858365816,4.997422352932888,0.2373157516611449,-12.862930858829623,1.00459939706521,-4.313581602415938,0.2867869709752242,0.3681023003703788,0.021034671742595292,0.7538053666027824,0.013127620749700274,284,927,varies
concrete,map,gap,6,20,0.0,0.0,,,0.0,0.0,0.0,0.0,8.991455186555353,0.4400985292537334,5.017514158359601,0.19091624024049214,-8.129769307130932,0.6572592060572936,-3.801270913650361,0.17327369574063672,0.5449409496668596,0.02832098850481746,0.795505071464319,0.011011195860747459,302,927,varies
concrete,map,gap,7,20,0.12012879113408723,0.0008243874471936628,,,0.0,0.0,0.0,0.0,8.027859363548469,0.4643281832610074,5.253212421206348,0.16256422743168172,-6.389885985174691,0.5224584049688785,-3.780282451551927,0.11319865240174735,0.6358804341986714,0.01866082927957869,0.7911495000875032,0.01284500643041642,14,927,varies
concrete,laplace,control,0,5,0.00516809037619188,0.0006025903038434478,0.7954250134890911,0.03032035272977877,2.2486582312292405,0.06430010269390758,2.8362521196281634,0.08693126293892876,5.236701010534256,0.1448678140689535,6.013582214788926,0.6444734845415354,-3.0743965727599316,0.0948807211001673,-3.3534559464239124,0.18117267918131014,0.8562580437580438,0.02493536658617606,0.8470693530914382,0.026823837592125623,278,927,varies
concrete,laplace,control,1,5,0.506303903658065,0.0012018961030011972,0.961832078458866,0.05581351196191108,2.5681103343341087,0.10172975340293545,2.685762167250136,0.08972077003246728,5.231427321767727,0.3625392052501659,6.041278352159268,0.6085291631298592,-3.3302304361885433,0.1433272358930048,-3.2148892223645276,0.13210744463298316,0.8584026843585667,0.02874030548658295,0.8473875311597295,0.0199772412952002,185,927,varies
concrete,laplace,control,2,5,0.5080688629176369,0.0013707665837412726,0.9231862865949839,0.031772988536743305,2.4953727625896396,0.09263072647560316,2.70568935197259,0.06818006251875026,5.53669042224571,0.5018710173162103,5.84807598434552,0.61090174835397,-3.3952723526610264,0.1989581008496899,-3.1866993918164184,0.13378872400638123,0.8407575757575756,0.03393469634397154,0.8550959488272921,0.012490120481491113,156,927,varies
concrete,laplace,control,3,5,0.13278306566380424,0.0009419821913888159,0.8723608434803832,0.0602213618490968,2.3925288426489466,0.08281899840264573,2.773532551389705,0.11824818552051612,6.162017096090218,1.2528789327164425,5.598493185534337,0.13325264440611678,-3.350649957233203,0.3380811328637785,-3.2437694386373352,0.04301033630870799,0.851276840750525,0.038379516491748145,0.8484781155288255,0.022436615763932077,195,927,varies
concrete,laplace,control,4,5,0.5107623978100211,0.003277456484235235,1.0021934321068469,0.08691619969026855,2.6046984844868306,0.13443836022181796,2.6461526492533123,0.1432179443738599,6.074930277914466,0.6391010484576176,5.531465124399582,0.5573215371689021,-3.3602821143895887,0.200051259352031,-3.1985287530339406,0.12019577213644801,0.8328220745662606,0.021486630244172147,0.8610539738283374,0.022672716786636234,111,927,varies
concrete,laplace,control,5,5,0.010669275402795681,0.00039569818649222937,0.7823664071176758,0.03158404705547559,2.2228323422846747,0.07957971143363589,2.8486038095515043,0.08175062895715764,5.404373749021078,0.27084116027648975,5.989072227451643,0.5668543134732014,-3.365195751844337,0.14467302045810942,-3.210974125335722,0.12849216224654272,0.8076951951951952,0.030546328297940312,0.871289519113778,0.01785280787980376,284,927,varies
concrete,laplace,control,6,5,0.0,0.0,0.7374142951006297,0.04822757461021128,2.09141677919011,0.11862174026312315,2.8468538602808104,0.07674044957457755,4.411403386065099,0.3459259906655689,6.2391535748866875,0.5262175468628092,-3.027359402000944,0.141990521440374,-3.345814289692054,0.12625103586241823,0.898749816491752,0.021198227714106174,0.8321145287461077,0.019454583596041727,302,927,varies
concrete,laplace,control,7,5,0.12017133979249114,0.0007187215842965448,1.042948811741033,0.0588380425088835,2.6877203764370434,0.08091491617392196,2.5986261655468086,0.1071008327304894,6.9951285657655955,0.9292467185417309,4.955793053251423,0.18046063231920004,-3.478632065701974,0.21083129868443012,-3.137520836931715,0.08996561166059233,0.7901966641409726,0.04530906275890209,0.8870001626562237,0.017282246992810717,14,927,varies
concrete,laplace,gap,0,20,0.00451948164740755,0.0004908606364231631,1.8717678873054688,0.039614525004635755,4.987889024199455,0.09824240368612423,2.674823944102923,0.04826997444292034,8.09872304026873,0.2136066014232898,5.232307618436449,0.18938513768286197,-3.5013943307923485,0.0488089324741009,-3.1310473082449644,0.07048302331094387,0.870869295850764,0.01160286487780586,0.8986552085204238,0.008037882656159005,278,927,varies
concrete,laplace,gap,1,20,0.5082749001602845,0.00120428811097486,1.9207351111067372,0.07317548669242914,5.090464873608658,0.19988204193523998,2.6616275779779333,0.060701774456338176,10.3628001218466,0.5261529787941069,5.618865804890325,0.22763287307889665,-3.6827640103029724,0.07055213875897078,-3.185236781238145,0.10259151928651991,0.8295508940207081,0.017182286131284318,0.8790816850475471,0.011501916995703592,185,927,varies
concrete,laplace,gap,2,20,0.5105234721472128,0.001486215697905229,1.3955193892825277,0.041548315133135255,3.731334574881406,0.11822373770848987,2.681137710924245,0.05534917719360697,7.742497925029075,0.5001940898963471,5.292226366044161,0.2558567055316019,-3.578520826474859,0.10003792002990053,-3.076031423777202,0.08874543458946979,0.821490776446303,0.02144279680258227,0.884253190358631,0.010355907723147222,156,927,varies
concrete,laplace,gap,3,20,0.13277592887440834,0.000637099715852738,1.990940507085276,0.03397356848073181,5.551082532994724,0.09225379522204796,2.793954793193518,0.04054063264208676,8.420611156558953,0.35847213677576156,5.007200409329171,0.1924899082052871,-3.466670573510195,0.05120597294989029,-3.007692461910711,0.05554888669249203,0.8746724114540655,0.014409123704697975,0.9237808349622098,0.007472140631635476,195,927,varies
concrete,laplace,gap,4,20,0.5133576399276,0.0015615839941988032,2.5969333983336345,0.07338476843347906,6.660020526805381,0.18063921350203005,2.57391320658823,0.04631740021544924,10.746585015241354,0.3069945958138688,4.828586299843058,0.1922654300884687,-3.7620239629120746,0.06472665424338048,-3.0017013203450484,0.0701220197891921,0.8546919836660912,0.018017143548366046,0.9048438411309785,0.009075938124656699,111,927,varies
concrete,laplace,gap,5,20,0.010358925186482066,0.00024704261212201063,2.3729193338421655,0.0582387516304759,5.391782780124167,0.13525217644754597,2.2812217686120917,0.04886982328830247,10.44790252439472,0.4153200858365816,4.997422352932888,0.2373157516611449,-4.3237865902728725,0.10775627467795452,-3.016476926853095,0.06804134290433773,0.7437807557754225,0.019609548691080624,0.8836742000336402,0.00853435347902535,284,927,varies
concrete,laplace,gap,6,20,0.0,0.0,2.036520134953918,0.04737644307824402,5.1534613188095975,0.15890253832116252,2.5352153208050576,0.0624929705061002,8.991455186555353,0.4400985292537334,5.017514158359601,0.19091624024049214,-3.64394817722859,0.09656750951955755,-2.9910229286941696,0.04418333685800941,0.8488192637500745,0.01838559172870523,0.8960069794907103,0.009922674035264473,302,927,varies
concrete,laplace,gap,7,20,0.12012879113408723,0.0008243874471936628,1.745787797867934,0.049956652661586595,4.693290167387755,0.15277901983273204,2.6936182888778992,0.05757366013276129,8.027859363548469,0.4643281832610074,5.253212421206348,0.16256422743168172,-3.363367652140333,0.066289606769395,-3.0934397589511677,0.0629799267373157,0.887164232668334,0.013940769841822137,0.8964691527040071,0.009314098167818613,14,927,varies
concrete,ensemble,control,0,5,0.00516809037619188,0.0006025903038434478,0.8151991065034402,0.03322993783855625,1.975705075599216,0.11294357553838155,2.4358564363543715,0.15212618510793424,4.36623620712032,0.3449608602787023,5.368412369783824,0.46264107175484354,-2.9260367178107645,0.17317611593789078,-3.3089744231485,0.18658434006661007,0.8795688545688545,0.0378663960815354,0.8711422738682876,0.022465315336105157,278,927,varies
concrete,ensemble,control,1,5,0.506303903658065,0.0012018961030011972,0.9350529697184387,0.07169302163407013,2.164115703174079,0.1736818029169905,2.336784962031178,0.16162883869689834,4.994567737843822,0.3460977062173314,5.100242525027655,0.3377893889526397,-3.23338019813587,0.15703708863183347,-3.1400087655195223,0.10981022839238684,0.865710376666259,0.026611517544510417,0.8779856124007992,0.009591299247931697,185,927,varies
concrete,ensemble,control,2,5,0.5080688629176369,0.0013707665837412726,0.8995619727036701,0.07316332793716636,2.103248446150151,0.17024234407259603,2.3610138196218857,0.15693520244497472,5.089389099039368,0.5269320622186601,5.041260180006132,0.3356394991144115,-3.363698310338291,0.2142335673561347,-3.0911176467957135,0.10235766664286627,0.8473232323232324,0.03489252085228876,0.886841980573324,0.010602076338549054,156,927,varies
concrete,ensemble,control,3,5,0.13278306566380424,0.0009419821913888159,0.8738182863980747,0.06803730649251646,2.082128365909546,0.19656575064287216,2.379476619435915,0.11460609533013505,5.059918523120893,0.6348995578908625,5.146212930388062,0.2296334928258915,-3.1729983819626577,0.20436092049548593,-3.207021087998277,0.06267496737857206,0.8784203752624805,0.0258874212934172,0.8685838948070185,0.010966955271482972,195,927,varies
concrete,ensemble,control,4,5,0.5107623978100211,0.003277456484235235,1.0102485569782726,0.09396585756430648,2.2883221267329685,0.2457315916604508,2.266903010499962,0.11097996322342638,5.448289150871468,0.5411006842143316,4.816232268586061,0.3674383101716018,-3.3647020055655177,0.2199922732338375,-3.077379668566457,0.117169976027398,0.8718881506090808,0.031716341052390046,0.8742593753919478,0.027413043542349327,111,927,varies
concrete,ensemble,control,5,5,0.010669275402795681,0.00039569818649222937,0.7526475925949969,0.03814186190365376,1.856882683202508,0.07754076726930612,2.4973163408267474,0.1757383599044798,5.074039280395661,0.26802590863081704,5.102999442756291,0.4321699655751922,-3.214840235661538,0.13314964903020812,-3.1766299714679866,0.1612945913542295,0.8264451951951951,0.021231567712502862,0.8975277262853467,0.01636953952166746,284,927,varies
concrete,ensemble,control,6,5,0.0,0.0,0.7948443907016143,0.07218528640766836,1.9320383652540527,0.2282361619084078,2.413347668062573,0.12029265116730942,4.048756815598801,0.5097961025368917,5.420145966600677,0.2709728523751929,-2.9180666519366723,0.18498056514535227,-3.278787914978654,0.09073577645218316,0.9254059560511173,0.01566657196210228,0.8543281689071163,0.01810215881920762,302,927,varies
concrete,ensemble,control,7,5,0.12017133979249114,0.0007187215842965448,1.1075512125757703,0.07644848627400716,2.4315837908349076,0.2011875784562803,2.1980105761720763,0.12489057483229393,5.946907760759539,0.500046070761961,4.50834123646356,0.2561482476054145,-3.3597279399812323,0.17428730634075001,-3.076440984463724,0.1008313597223466,0.8527895076839386,0.021303638999224987,0.8870037740682857,0.017898901125079268,14,927,varies
concrete,ensemble,gap,0,20,0.00451948164740755,0.0004908606364231631,2.3188426392376775,0.061366950236510585,4.693482515845168,0.1215303129275259,2.032030323744047,0.04043778809489678,6.955293266636231,0.2353500940000995,4.888319197986128,0.20659989936407944,-3.465538276633937,0.0728370109097077,-3.0381461808215864,0.07545204731967999,0.8644617394264525,0.012949763012581293,0.8940945698836981,0.008792901962450347,278,927,varies
concrete,ensemble,gap,1,20,0.5082749001602845,0.00120428811097486,2.0188065342523513,0.07335502497029738,4.204895254101983,0.14671974967435233,2.100628899474264,0.058292011305322855,8.564407296153473,0.37060983347743653,4.923768827874414,0.17579603449249362,-3.753344885245055,0.12955195379763487,-3.069644587155122,0.0836358560872652,0.830394629650628,0.011955499444262286,0.8886363535000804,0.009804139828291836,185,927,varies
concrete,ensemble,gap,2,20,0.5105234721472128,0.001486215697905229,1.6045673645481284,0.07110700774426718,3.4350092135798342,0.12478890094919533,2.1678388275279543,0.06275022825370909,6.8765159795005175,0.3431832179386584,4.919714964365399,0.24736442970137504,-3.5807376217268563,0.11512697326752225,-3.0669015819363947,0.10281412223437567,0.8458142111551741,0.009927586052010518,0.8849889902785566,0.011481255692174935,156,927,varies
concrete,ensemble,gap,3,20,0.13277592887440834,0.000637099715852738,2.25146381066055,0.0618983049017852,4.285924320909986,0.122990557401311,1.9123469482365816,0.044352763211473065,7.749483991421336,0.26263163131258466,4.688102527574666,0.17113665961039629,-3.5833578662695826,0.08821499397777272,-2.989000407335388,0.06775770166592884,0.8515216940982173,0.009456373794166825,0.9127950833212408,0.009909017485948584,195,927,varies
concrete,ensemble,gap,4,20,0.5133576399276,0.0015615839941988032,2.671088597262516,0.07175467708284186,4.698594118876731,0.11669026135294508,1.7685152984657324,0.038879249646091914,9.318117473387863,0.2579048075257825,4.6973724704201825,0.21424051127780305,-3.9639329612333754,0.11850730922689025,-2.987839500175292,0.0638678594791025,0.8047281336942651,0.016836967944042346,0.8965519488907349,0.01008927912330368,111,927,varies
concrete,ensemble,gap,5,20,0.010358925186482066,0.00024704261212201063,2.7925163053910924,0.1073715018548226,5.171587761076126,0.12988649035202746,1.8812540253263226,0.05525250035284246,9.115068977122577,0.2720523100144411,4.348519266953273,0.17050508719183258,-4.2920192545224625,0.13260913079776432,-2.902197842485994,0.058720588829888454,0.7747962461581266,0.017395508144656333,0.8860017041978031,0.009566673462240329,284,927,varies
concrete,ensemble,gap,6,20,0.0,0.0,2.4435736887470023,0.0871599593734053,4.6849720803247745,0.13367090677845062,1.932201217191525,0.04243158274146879,8.236391993968502,0.27785327126966597,4.748457650837027,0.200484123857646,-3.598002191291522,0.06494180137366179,-2.9976283992145416,0.06036066088500397,0.8391182941556252,0.017038158251037255,0.8920011966068493,0.007929486466627646,302,927,varies
concrete,ensemble,gap,7,20,0.12012879113408723,0.0008243874471936628,1.857774248011514,0.06400349998107151,3.422831419092983,0.08697074892302654,1.8639139663158322,0.04876927593886674,7.271294604786607,0.3861518476140855,4.721134176279655,0.14348854636286218,-3.46399790259755,0.0850091579249851,-3.0395324261971477,0.06521995658490931,0.8358232468451103,0.01847808061367962,0.8911921216764542,0.01013613266037002,14,927,varies
concrete,bbb,control,0,5,0.00516809037619188,0.0006025903038434478,0.931842700165985,0.01308190450828857,2.358337999556759,0.07899956164314499,2.5371794569579977,0.11817437034208174,5.413514811682615,0.44025478556930087,5.767481499278696,0.2107677115611418,-3.1247044706177816,0.09610268620775245,-3.1839324752902165,0.04607294470846808,0.9101329901329901,0.02763522868277671,0.926890121959308,0.014762933024905238,278,927,varies
concrete,bbb,control,1,5,0.506303903658065,0.0012018961030011972,1.0109881957854556,0.01626072397761398,2.493216683081929,0.08696319028449108,2.471717615367661,0.1123844060204259,5.548811093492034,0.17329775918815993,5.744202908862649,0.26917226746561057,-3.140563035555207,0.03893668155937209,-3.181249469587711,0.05888289099360108,0.9330975602299132,0.013995603066035582,0.9132825941154172,0.016340471805567226,185,927,varies
concrete,bbb,control,2,5,0.5080688629176369,0.0013707665837412726,0.9790399021209589,0.005217469164293698,2.4440657144420728,0.11010686146969652,2.4947326575084436,0.10215272580634775,5.910991095754185,0.2408656283965607,5.5425060329193485,0.20533566932942315,-3.2116389452319787,0.05357505316040536,-3.140468037514985,0.04212885044743639,0.8997474747474747,0.012303967388969536,0.9312295664534471,0.011662192613215638,156,927,varies
concrete,bbb,control,3,5,0.13278306566380424,0.0009419821913888159,0.9433099081178987,0.019268080317002625,2.3822071345290303,0.09676454466400211,2.527783938024289,0.10689555601285036,5.578222700724602,0.4522626576714856,5.76022674730209,0.3514298689362346,-3.1598656589362952,0.104561891457985,-3.188971595880344,0.07974460242200412,0.9345860145860145,0.02372478029799724,0.9084775292320932,0.020605672938372236,195,927,varies
concrete,bbb,control,4,5,0.5107623978100211,0.003277456484235235,0.9653823640183022,0.011618839122832417,2.421213649917172,0.10412393811458034,2.508420416204445,0.10640833412354489,5.8841395900910305,0.14545369337571323,5.5567340555382305,0.2340299484610665,-3.2144372478833696,0.03187313230078607,-3.1384506672218135,0.049216466979751,0.8975544481358435,0.015909534810298376,0.9321185389578716,0.017664830369668455,111,927,varies
concrete,bbb,control,5,5,0.010669275402795681,0.00039569818649222937,0.9405844974614885,0.00868916937316993,2.376332904336218,0.09616279150030141,2.527829801413856,0.10887660173326157,5.156710447679902,0.3074028550183804,5.917986098924341,0.29868375842701544,-3.0614153462937423,0.0652700188216796,-3.223141918697702,0.0682363992884513,0.9286223723723724,0.023762358304568958,0.9145068511475912,0.012727256939028663,284,927,varies
concrete,bbb,control,6,5,0.0,0.0,0.9412396756411127,0.017749049369288058,2.36384386594354,0.0804819110690642,2.5177066044943825,0.11493729906030273,4.7864884140500505,0.4163826483368745,5.973165378361529,0.1553967831263442,-2.9968334188183077,0.07762814418917863,-3.2303806188362194,0.035071433440950525,0.9538152409120151,0.015186615667191214,0.9081648059542797,0.009919730170455606,302,927,varies
concrete,bbb,control,7,5,0.12017133979249114,0.0007187215842965448,0.9659960313065836,0.007655937525334713,2.42110664290267,0.09857525614798769,2.5073911335209873,0.10698685375109353,6.599063366674278,0.4186159697715432,5.081174458681131,0.12942288012015699,-3.3900168074292623,0.106527626021784,-3.041660204802032,0.026752141259527108,0.8703856297721047,0.0132776030973217,0.9498625095160232,0.01286984776944202,14,927,varies
concrete,bbb,gap,0,20,0.00451948164740755,0.0004908606364231631,0.9465748631652249,0.005857930860856271,2.205862562264529,0.045575521080770405,2.3312749062493743,0.04857324325231741,7.972834240841164,0.21101594012685354,5.313750358372228,0.18145147833241546,-3.844023924597489,0.06861345789139948,-3.1117299374675382,0.0402206857621038,0.7718670584559812,0.013384557837735319,0.9311562354756944,0.008872780996544656,278,927,varies
concrete,bbb,gap,1,20,0.5082749001602845,0.00120428811097486,1.0124656387790554,0.007653385978446675,2.237715924047433,0.03551593310925551,2.2108059926285692,0.0329567108578571,8.564743055031311,0.29906765065593205,5.861206188261116,0.17559690457751795,-4.145661394430214,0.12131695121704633,-3.243146169401502,0.045305395309233366,0.7642948062336608,0.015568939759900426,0.8939061765010473,0.0099904595417039,185,927,varies
concrete,bbb,gap,2,20,0.5105234721472128,0.001486215697905229,0.9980090433974919,0.0060077696048134776,2.166743932371956,0.04060118257172046,2.1698529585726667,0.0351499163076097,7.706783632468001,0.3404527093302434,5.753293590512899,0.21002591510805602,-3.900603134716291,0.13129013609664003,-3.2478375491264537,0.06284896248582132,0.7887025479132926,0.01655863813261457,0.9027679277286234,0.009492505809527462,156,927,varies
concrete,bbb,gap,3,20,0.13277592887440834,0.000637099715852738,0.9619156587523738,0.00898067766138512,2.2423429726143427,0.05166133981577794,2.331867239077895,0.05149845211315083,8.411447519883009,0.18398320119295072,5.342651130104192,0.13921070550011988,-3.992227627443478,0.0666826554837923,-3.107617808657659,0.03127076500221855,0.7760530519614114,0.016481821239753402,0.926050582957514,0.007672928687068412,195,927,varies
concrete,bbb,gap,4,20,0.5133576399276,0.0015615839941988032,0.9582508291295616,0.008373967260001277,2.198795645163659,0.04936255221739896,2.2963769571628063,0.05297102058305371,8.424403220823832,0.33917623880489955,5.106123416343907,0.18669372607648355,-4.129646682833707,0.13009669626840697,-3.077307364652468,0.04463534643223222,0.7644377363592783,0.021320834410273597,0.9365608280169827,0.006290430680543743,111,927,varies
concrete,bbb,gap,5,20,0.010358925186482066,0.00024704261212201063,0.9859493564018204,0.009320488245120379,2.093210574747497,0.04042330904330369,2.124675234937877,0.0411756258372313,8.902791622623484,0.38206035913306663,5.065503405436036,0.17531904429798473,-4.582512111782694,0.18218725251797402,-3.091693854099362,0.053327176231638386,0.6674945942836726,0.02060311119887918,0.9259797381233804,0.008150286454169446,284,927,varies
concrete,bbb,gap,6,20,0.0,0.0,0.9632618085954501,0.007519289159946893,2.014829580494376,0.03598614022116604,2.093221594029391,0.03827512038542016,8.048968168842443,0.29030376277695025,5.239800518056212,0.15088751241883944,-4.130440007195408,0.12760509147911273,-3.1165804722046877,0.04138469343864584,0.7523983426285388,0.019307439954526398,0.915403072000028,0.007124229210073171,302,927,varies
concrete,bbb,gap,7,20,0.12012879113408723,0.0008243874471936628,0.972424669095972,0.007508635737521152,2.212282753821414,0.04828695407025496,2.274798814046531,0.04564803400180878,7.52949332174816,0.2862543731086397,5.099577629991214,0.15354956575642045,-3.7992758081612186,0.11093933727420775,-3.059829780080846,0.03641935419456567,0.8181642681316028,0.019200084285309303,0.9167038877983726,0.007096790246278752,14,927,varies
concrete,gp,control,0,5,0.00516809037619188,0.0006025903038434478,0.7833588777378502,0.015079165804055081,2.3803663906427195,0.10431663869139483,3.0389807970503506,0.12233522739024996,5.441524910773145,0.3560109928476101,6.159048906714221,0.3747105882950436,-3.056471813055046,0.03677056337025583,-3.238016914613214,0.06045906107136445,0.9255099742599743,0.00739743612635743,0.9268110753006077,0.015863419893683138,278,927,varies
concrete,gp,control,1,5,0.506303903658065,0.0012018961030011972,0.936835623829217,0.0671104766047941,2.673229176854741,0.07847364662252379,2.9035115458257876,0.18277194879991737,5.410841969236424,0.19051887624360286,6.24955355304819,0.21339740594412016,-3.1272350811869196,0.04688014708295088,-3.2036961235939048,0.03136060411721573,0.9259066589213647,0.01754982901397466,0.9281076003672453,0.012036484769237481,185,927,varies
concrete,gp,control,2,5,0.5080688629176369,0.0013707665837412726,0.8724616637211066,0.0272267222601836,2.5589849430776264,0.05996766917350351,2.9498655478587943,0.14276179585599613,6.299079300835872,0.3065825937245048,5.749948185589175,0.32038773579556223,-3.253224766566581,0.052102454759000105,-3.1370325769449283,0.03635439834596507,0.8882323232323233,0.024481616698407354,0.9462781331438048,0.010088870366031498,156,927,varies
concrete,gp,control,3,5,0.13278306566380424,0.0009419821913888159,0.820571668352516,0.050428689570837466,2.46489255145658,0.16560699139076634,3.007563860000984,0.10251071305133164,5.67020703911799,0.7256949124564208,6.140773896541505,0.17307874266318293,-3.113378329744756,0.11232397990541368,-3.22620090562134,0.03565975052492737,0.9361403508771928,0.02291039393403406,0.9190466436876173,0.015295706070280645,195,927,varies
concrete,gp,control,4,5,0.5107623978100211,0.003277456484235235,0.8961835761061445,0.046285193644209105,2.614591072174903,0.1394069888808409,2.930196470215777,0.13102868533929024,5.876088991635361,0.3838597043235286,5.997728514809637,0.2936082990281795,-3.139351223706825,0.07804206727273266,-3.2022671856285827,0.04159738116684296,0.9363805832410483,0.01894514053537508,0.9202090388394163,0.012829196848552639,111,927,varies
concrete,gp,control,5,5,0.010669275402795681,0.00039569818649222937,0.7543710985325993,0.0339082684885889,2.3071219672617036,0.08718430217372505,3.0763550204033336,0.14784800367408676,5.673330222934402,0.21926352290345225,6.12790158010987,0.27210421914376914,-3.163505327537453,0.048501662112447344,-3.1899336013960324,0.05316452140056745,0.919894894894895,0.01331493681278152,0.9293997362738166,0.01608358270320165,284,927,varies
concrete,gp,control,6,5,0.0,0.0,0.6963732570729522,0.04209596935208302,2.1374480378697043,0.1388809087492202,3.0795773990365265,0.13390950821897474,5.155728237135896,0.35631352995188553,6.258739435026284,0.15063966982253865,-3.062591065055353,0.07506081932223901,-3.2239873434840227,0.017562606725115337,0.9325131260615132,0.015856969275698594,0.9241825776562619,0.011149779395531674,302,927,varies
concrete,gp,control,7,5,0.12017133979249114,0.0007187215842965448,0.9780126141093618,0.008452990397850248,2.7769770235104354,0.1235824978392817,2.8369437247923392,0.10984685944259788,6.800828377717345,0.42089291297562303,5.351883418072532,0.34518988937999323,-3.2903038979201233,0.0765699842784524,-3.1047007336509127,0.06109526347928985,0.9097840774416662,0.018265500764603915,0.9379296304152552,0.016638347561982333,14,927,varies
concrete,gp,gap,0,20,0.00451948164740755,0.0004908606364231631,1.5133438469481075,0.029351414906971723,4.09942826599043,0.07358335448325591,2.715051299968295,0.03567355766882345,5.854211349039354,0.17928353271727274,5.733179794671992,0.16058535527519385,-3.1058728404708336,0.020735236140070435,-3.1459911814159325,0.024159282117363772,0.9720310909542722,0.007310347867597753,0.9360459927860711,0.0069635114535381935,278,927,varies
concrete,gp,gap,1,20,0.5082749001602845,0.00120428811097486,1.8211249893121053,0.06003815075606982,4.893327095760478,0.13100828287519908,2.70655957306679,0.05456692497179038,7.68621129632155,0.23515394887365385,5.993940710269557,0.16580594135127338,-3.334650621545022,0.029693458598209477,-3.157571894542968,0.030229176376209407,0.9141044468337425,0.008658992382002545,0.9123085471824821,0.0072661718483302004,185,927,varies
concrete,gp,gap,2,20,0.5105234721472128,0.001486215697905229,1.1832852074936882,0.030055374827563635,3.0064257629798314,0.06547781020200522,2.5534290692938897,0.04864210517311932,6.896939419451766,0.2390103202315195,5.632075922762678,0.22501902664431295,-3.356505490843098,0.04119255602790612,-3.092035386462382,0.03741788348925751,0.8831164499505343,0.010631795806728335,0.926755192651723,0.009718649238993536,156,927,varies
concrete,gp,gap,3,20,0.13277592887440834,0.000637099715852738,1.4494778511964816,0.03278612655902821,4.134966793056093,0.09958139177286689,2.8555948697277778,0.03902206189742074,6.508824686946726,0.22496542551911264,5.758956769152208,0.12074274237370065,-3.1824435632987496,0.02758194017426379,-3.146324066431402,0.023935482383211203,0.9507923294269502,0.008076726410935658,0.9390081519577477,0.006064436268574946,195,927,varies
concrete,gp,gap,4,20,0.5133576399276,0.0015615839941988032,2.0135285194128496,0.04394549666496995,5.28321545075727,0.11166939374839058,2.629823273441644,0.037739003616218736,7.5002600004799405,0.20109425239074308,5.798482700662086,0.17581626939565992,-3.2983711413767174,0.023504767937715595,-3.124467191928597,0.026391681363483542,0.9392208344431084,0.008853171069979713,0.9248860972141412,0.006928837629433951,111,927,varies
concrete,gp,gap,5,20,0.010358925186482066,0.00024704261212201063,1.791285912042757,0.04285031947863924,4.502020337003825,0.11125407020181054,2.5187048876314173,0.041684258624849,7.657041781692522,0.2745175558259355,5.322613717166214,0.16455167654155622,-3.4583806820046923,0.035206027049307316,-3.028943627032077,0.029290858765120945,0.894043675832922,0.009279158615355401,0.9395888298426872,0.007660938699573213,284,927,varies
concrete,gp,gap,6,20,0.0,0.0,1.3619771749706988,0.031013633101463753,3.5074700753602683,0.0784681978619436,2.579490902615542,0.03297457857533361,7.530177720378927,0.27566432282918885,5.747523155587504,0.13783156558614648,-3.4100184265720808,0.04807657965186097,-3.1151754245519605,0.02081611235833738,0.8695269054388494,0.015429709838472135,0.9305612403071972,0.005515497445472183,302,927,varies
concrete,gp,gap,7,20,0.12012879113408723,0.0008243874471936628,1.5734965691632483,0.05111284952511282,4.020285599390061,0.12639725436502225,2.56217040295581,0.03704885330244648,7.916535361733073,0.30245221011220613,5.2826982089280135,0.14545502715824488,-3.419714096934819,0.03167192570176546,-3.0599224112242354,0.02737519318718807,0.8876788090858658,0.011565063781801454,0.9520568779487013,0.0063370869781036645,14,927,varies
sin_gap,mcd,gap,0,3,0.0,0.0,0.663499143467127,0.00608876858348258,0.09192490968082877,0.0002850436614454717,0.13856628708746369,0.0011921287439005386,0.2380930967531676,0.027704344165692674,0.15634371183573648,0.004339307029771588,-0.014927551475326298,0.13165522089202986,0.27295343447114995,0.012730323607345908,0.9633333333333334,0.01763834207376392,0.9966666666666667,0.0022047927592204804,250,250,0
sin_gap,map,gap,0,3,0.0,0.0,,,0.0,0.0,0.0,0.0,0.10711326162171098,0.006974504144370874,0.10595202811665,0.002398028663649268,0.7958342516654099,0.07502790159674831,0.8234315919038045,0.022714931865126187,0.9333333333333332,0.026034165586355507,0.9525,0.008779711460710613,250,250,0
sin_gap,laplace,gap,0,3,0.0,0.0,5.122905843939635,0.30825354372190444,0.08835725765828394,0.0018964531768362368,0.017347855801227868,0.0008805243274827277,0.10711326162171098,0.006974504144370874,0.10595202811665,0.002398028663649268,0.7447172486766259,0.045535023834540424,0.8239655420124775,0.023694000758308534,0.9766666666666666,0.011666666666666678,0.9533333333333333,0.008333333333333342,250,250,0
sin_gap,ensemble,gap,0,3,0.0,0.0,1.7548784155345478,0.3436571361531201,0.0482505157943195,0.0013547301392624696,0.029424284228210303,0.004969715127836326,0.10915374871164163,0.008554131297942951,0.10280027638126522,0.000740995766003904,0.7705179479074915,0.0829222228256058,0.8460141052496782,0.00779175459575053,0.9533333333333333,0.022422706745122832,0.9608333333333333,0.008207381501496774,250,250,0
sin_gap,bbb,gap,0,3,0.0,0.0,1.2744456758349572,0.061259332811254785,0.169486763376949,0.011375100902256694,0.13287176146990876,0.004426810109032923,0.23848738378595535,0.04825647125332971,0.11527412621721238,0.0005659288449680353,-0.10054268494658092,0.18195837967234488,0.4551008352369417,0.03595756584967589,0.9316666666666666,0.04381146476031639,0.9991666666666666,0.0008333333333333156,250,250,0
sin_gap,gp,gap,0,3,0.0,0.0,2.454992389769613,0.19450042063626893,0.0373378645382572,0.002634990683893827,0.015239888302943367,0.00037326764700790194,0.10790425815107156,0.010135195725061798,0.10078113432334267,0.0014750667927964612,0.7969398664401485,0.0994502467692533,0.8731307500134564,0.014552167699402398,0.9433333333333334,0.024551533104427044,0.9508333333333333,0.006666666666666672,250,250,0
