dataset,method,activation,n,n_parameters_mean,n_parameters_sem,mean_std_epi_in_range_mean,mean_std_epi_in_range_sem,mean_std_epi_extrapolation_mean,mean_std_epi_extrapolation_sem,epi_extrap_ratio_mean,epi_extrap_ratio_sem,std_epi_at_edge_mean,std_epi_at_edge_sem,mpiw95_in_range_mean,mpiw95_in_range_sem,mpiw95_extrapolation_mean,mpiw95_extrapolation_sem,picp95_in_range_mean,picp95_in_range_sem,picp95_extrapolation_mean,picp95_extrapolation_sem,rmse_in_range_mean,rmse_in_range_sem,ll_in_range_mean,ll_in_range_sem
sin_homo,mcd,relu,3,152.0,0.0,0.1106771429645763,0.004364388552241046,0.4087202559230813,0.07508459148201502,3.6651222423861896,0.5961396731133521,0.5842490031650165,0.2691374072661503,0.9432670276397482,0.06575597254830581,1.869108452011572,0.1841133508171545,0.9916666666666667,0.006009252125773321,0.8341666666666666,0.16583333333333336,0.1510448040972536,0.022846460457436487,0.30658851778170493,0.11217137848535783
sin_homo,mcd,tanh,3,152.0,0.0,0.12437298427843836,0.0015501079701385426,0.16581885978206304,0.0005188247591109874,1.3335754277424865,0.0137720727592956,0.17707891456440591,0.007605728168217932,0.9247491610591333,0.012872380868932526,1.0138449574308221,0.010433567039113965,0.9944444444444445,0.0014698618394803202,0.3466666666666667,0.05343090033970147,0.14886801145196385,0.0023335021284632655,0.3378693920768067,0.013305969576390618
sin_homo,map,relu,3,152.0,0.0,0.0,0.0,0.0,0.0,,,0.0,0.0,0.3855493284890268,0.015833583420163593,0.3855493284890268,0.015833583420163538,0.9411111111111111,0.00949333749479725,0.39083333333333337,0.05208833309335636,0.10179585989090885,0.001333622864643403,0.8589778074107466,0.014462622750305455
sin_homo,map,tanh,3,152.0,0.0,0.0,0.0,0.0,0.0,,,0.0,0.0,0.4141523747290221,0.026052071686054896,0.4141523747290221,0.026052071686054834,0.9505555555555555,0.012260042494841066,0.5525,0.02919046648022832,0.10406540059114407,0.0009856419558036057,0.8354824301254101,0.007976832456983005
sin_homo,laplace,relu,3,152.0,0.0,0.030367493340278,0.0025283157284240443,0.3268154751112254,0.04822706223855082,11.188767497705173,2.5628744476705934,0.2738263617813773,0.12642828797375089,0.4118534728223993,0.014891036351193732,1.379670609958423,0.17305127108059626,0.9477777777777777,0.010555555555555584,0.85,0.07891187067440068,0.10179585989090885,0.001333622864643403,0.8549080214519907,0.011387833271432727
sin_homo,laplace,tanh,3,152.0,0.0,0.018239489685843567,0.0010277557268619773,0.3338095425544598,0.012696964436150843,18.35244348339935,0.629007964307869,0.4802678433151186,0.011269890204698905,0.42047459026573836,0.026370486140174093,1.417804596207614,0.057869514585095205,0.9522222222222223,0.012260042494841087,0.9566666666666667,0.0030046260628866658,0.10406540059114407,0.0009856419558036057,0.8357728200293574,0.007809585107195816
sin_homo,ensemble,relu,3,760.0,0.0,0.012590141962210833,0.0026960555250961694,0.0520217276218822,0.019396205549972883,3.8797466911493204,0.5931597482235457,0.0701908271191466,0.03047835582041452,0.3916563736862477,0.013127191435464643,0.4587078119888473,0.04405382723105978,0.9422222222222222,0.00728604280478006,0.4458333333333333,0.10737719083264897,0.10191824110465918,0.0010040226173432952,0.8609360875371891,0.01000975575903305
sin_homo,ensemble,tanh,3,760.0,0.0,0.0302560035465783,0.006229163187818426,0.053297277768914963,0.004794156034959338,1.8476828350233847,0.21937515268413246,0.07099623550621141,0.003297831424069799,0.4322439884149834,0.01680928961641993,0.47045013837437105,0.014342886196887457,0.9594444444444444,0.01059932446018831,0.5758333333333333,0.034197140881138684,0.10313482007147368,0.000967808385569281,0.8433748580646502,0.005546812736684849
sin_homo,bbb,relu,3,303.0,0.0,0.07826458425239673,0.008744938107460373,0.9742498461566539,0.0876393900419334,12.52206445327304,0.3887968934347024,0.14051293777675414,0.014024849096827456,0.5957783777605622,0.02948346640873267,3.9676175365680297,0.34554935228807127,0.9911111111111112,0.0033793125168323926,0.8183333333333334,0.02980259123707943,0.10456321574121503,0.0011479645940741647,0.7271047528917052,0.019596974360032614
sin_homo,bbb,tanh,3,303.0,0.0,0.14982039727557997,0.012457904480995999,0.1637425296157227,0.011126337557953617,1.095755168044608,0.020020144958842623,0.2045106429007152,0.005329414996975381,0.9558836987026229,0.08573339279798793,0.9936133041107409,0.08007242062294744,1.0,0.0,0.3325,0.06276610019216851,0.1209104659947493,0.0034577534341840195,0.37482465722640107,0.07181166368420015
sin_gap,mcd,relu,3,152.0,0.0,0.10518686453507749,0.006080938990007108,0.45738050564733485,0.014969028884453263,4.360445623173805,0.10534718246658775,0.8250446419831721,0.038767533987426876,0.8892109163371139,0.03152559814320115,1.9668931898073296,0.06386181241707063,0.995,0.003469443332443617,0.9958333333333332,0.0022047927592204804,0.14722748813282496,0.005627947968704613,0.3429131730793418,0.0016719497920695862
sin_gap,mcd,tanh,3,152.0,0.0,0.12301916128525203,0.0007997061298426324,0.163529948379896,0.002139871146584503,1.3291904647510837,0.008832811027842865,0.16828678227252222,0.003932396218044749,0.9583406870251084,0.004871676468159212,1.043369829475721,0.006247379995044129,0.9855555555555556,0.00709285851933535,0.41583333333333333,0.049630579731093666,0.1882770963542086,0.011836524414186237,0.1769931058223245,0.04302885038498076
sin_gap,map,relu,3,152.0,0.0,0.0,0.0,0.0,0.0,,,0.0,0.0,0.3887851903270058,0.01440304352179412,0.3887851903270057,0.014403043521794086,0.9233333333333333,0.009765775461803853,0.4833333333333334,0.04744148442496761,0.10971096798904206,0.001540268889562271,0.7783135723923426,0.012449149078311959
sin_gap,map,tanh,3,152.0,0.0,0.0,0.0,0.0,0.0,,,0.0,0.0,0.41070626351059447,0.02449260562359502,0.4107062635105944,0.02449260562359498,0.9461111111111111,0.014021588293471093,0.5608333333333334,0.0030046260628866298,0.1064964435788421,0.0018586480967730749,0.8142324784910063,0.019830631003970783
sin_gap,laplace,relu,3,152.0,0.0,0.06659770788135629,0.03571081853599572,0.2376477304978759,0.03058116356502341,6.142835120941808,2.400720380030886,0.1472072053729563,0.025649420512839763,0.527158951572589,0.12694464751917484,1.0608284610880323,0.10978166717419144,0.9472222222222223,0.01876593972672725,0.7891666666666666,0.08063980268935299,0.10971096798904206,0.001540268889562271,0.7258110724201003,0.07222530079309318
sin_gap,laplace,tanh,3,152.0,0.0,0.041017656420246566,0.0006489490918884283,0.3200263798454146,0.012760185418970648,7.815592725824753,0.4349082397401192,0.493806033195624,0.017490620221575538,0.4602040965015283,0.02190022795001269,1.3664864627566564,0.0488521879716439,0.9611111111111112,0.00894082052190616,0.96,0.006614378277661497,0.1064964435788421,0.0018586480967730749,0.7975494442338603,0.01695411792431768
sin_gap,ensemble,relu,3,760.0,0.0,0.015962630827179098,0.0007031885683488858,0.0698861699801201,0.011006410594616833,4.346672073384269,0.5634472015553258,0.12151674555658476,0.03387073167304263,0.3942397979060135,0.012926935535809168,0.4955269505508773,0.018969319210580305,0.9322222222222223,0.009246287209496261,0.5525000000000001,0.0074999999999999884,0.10731210907517073,0.0010907009420142993,0.8059351373539069,0.012764238825812131
sin_gap,ensemble,tanh,3,760.0,0.0,0.0356996947502467,0.0034752913570292934,0.04425238592830516,0.00284391042093673,1.2502175599508663,0.06365019270240721,0.04848837333278177,0.004345864120772174,0.43958188029904477,0.017895044832501008,0.45153350237046525,0.015666190154526614,0.9583333333333334,0.012945755775256775,0.5833333333333334,0.018162078931419474,0.10508100823201406,0.0034838258708220393,0.8208487194689494,0.030183980386147075
sin_gap,bbb,relu,3,303.0,0.0,0.07058381556818637,0.00877860665761097,1.1028591852715302,0.15377370608427987,16.102732849302352,2.7416650275363574,0.1291287079109457,0.028938762933867882,0.5664728420445301,0.03428227366869604,4.4789386851361,0.5982997183401516,0.9844444444444446,0.004006168083848846,0.8516666666666667,0.010833333333333363,0.11410836029424193,0.002612330987395738,0.7028387733843874,0.03452006194515146
sin_gap,bbb,tanh,3,303.0,0.0,0.14507676210558887,0.006243042392459607,0.14655368759977108,0.005725006304622231,1.0107534837390875,0.017449095758411345,0.18002878560818203,0.009012038715072212,0.9009469775739231,0.050804303151029635,0.9040200870054766,0.04613275613761287,0.9766666666666667,0.015122952876462445,0.4216666666666667,0.12079884565305711,0.16839741789202853,0.02250209121660616,0.2698863285091008,0.04441123788204565
