method,depth,dataset,seed,n_parameters,train_time_s,rmse_in_range,ll_in_range,picp95_in_range,mpiw95_in_range,median_std_epi_in_range,rmse_extrapolation,ll_extrapolation,picp95_extrapolation,mpiw95_extrapolation,median_std_epi_extrapolation,std_epi_at_m2,ratio_at_m2,std_epi_at_8,ratio_at_8,max_abs_delta_var_epi,max_abs_delta_var_epi_at_x,timestamp,git_commit,posterior_precision_lambda_min,posterior_precision_lambda_max,posterior_precision_cond,rmse_in_gap,ll_in_gap,picp95_in_gap,mpiw95_in_gap,median_std_epi_in_gap,gap_ratio
map,1,sin_homo,0,151,5.526563599996734,0.10337345486229882,0.8493430012809863,0.9383333333333334,0.39199279690801087,0.0,0.2144469191735299,-0.9157274973615496,0.575,0.3919927969080109,0.0,0.0,,0.0,,0.0,-2.0,2026-08-31T20:29:53.348562+00:00,1806733,,,,,,,,,
map,2,sin_homo,0,2701,7.818192200007616,0.10580131052340792,0.8239506943658436,0.9316666666666666,0.39199279690801087,0.0,0.5687411447966755,-14.789677929442266,0.135,0.3919927969080109,0.0,0.0,,0.0,,0.0,-2.0,2026-08-31T20:30:01.215559+00:00,1806733,,,,,,,,,
gp,0,sin_homo,0,3,0.8296239000046626,0.10282020235619008,0.8542100179538348,0.935,0.382629658517585,0.013630837567553924,0.34352633584748504,-0.4843188128742173,0.8775,1.031805198014648,0.21248605829790795,0.5249239649817964,38.51003009758518,0.5249239649817958,38.510030097585144,0.003378245913343292,7.98998998998999,2026-08-31T20:30:02.101613+00:00,1806733,,,,,,,,,
bbb,1,sin_homo,0,302,118.94260460001533,0.11634958338529207,0.7216659499659697,0.9766666666666667,0.5190514129801991,0.08952732622573648,0.7253672787252909,-11.505496347000536,0.1075,0.547799459256423,0.095590717981327,0.07819832649640115,0.873457633474163,0.1274044033126033,1.4230783905169089,5.759745159026816e-05,3.035035035035035,2026-08-31T20:32:01.130249+00:00,1806733,,,,,,,,,
bbb,2,sin_homo,0,5402,140.91288289998192,0.10960902295303043,0.7453844853494994,0.9866666666666667,0.5424510949527721,0.09279187569046174,0.9607589414873773,-20.827152566900864,0.055,0.5678381357264835,0.10365522337909427,0.11386354008116788,1.227085229540975,0.10475419373309253,1.1289155753520392,0.0002642243503246343,5.347347347347347,2026-08-31T20:34:22.251150+00:00,1806733,,,,,,,,,
mcd,1,sin_homo,0,151,6.041189400013536,0.1409097697646579,0.5629990383291041,0.96,0.5876497293206818,0.11987176514315374,0.8872215313566946,-12.278507884999296,0.105,0.6817700822148395,0.14089052940538116,0.1544284797616228,1.288280685424133,0.1287048022662961,1.0736873867886547,0.018591523344829625,-0.10810810810810811,2026-08-31T20:34:28.485810+00:00,1806733,,,,,,,,,
mcd,2,sin_homo,0,2701,8.898242700000992,0.12401149906771256,0.6667559522609499,0.95,0.5120493986505055,0.0844437233210537,1.0152880057166946,-26.093954766809226,0.0225,0.5390237094415615,0.09419669250719909,0.09783068669953454,1.1585311832779308,0.08894888667264447,1.0533510742351118,0.006027743317937045,7.60960960960961,2026-08-31T20:34:37.736040+00:00,1806733,,,,,,,,,
laplace,1,sin_homo,0,151,5.650550599995768,0.10337345486229882,0.8512489435461832,0.9416666666666667,0.39833928215664627,0.016857180278895115,0.2144469191735299,-0.1735505712492908,0.9725,1.5880079941337186,0.34059061825116294,0.8942756342720147,53.05013172289743,0.88334073956289,52.40145296831266,0.010351566718819316,-2.0,2026-08-31T20:34:43.755794+00:00,1806733,0.991093244996345,1577965.709978756,1592146.5694023324,,,,,,
laplace,2,sin_homo,0,2701,13.41213259997312,0.10580131052340792,0.8275871159516395,0.935,0.40079242415158667,0.02022591042974485,0.5687411447966755,-0.8372982423166225,0.945,1.548424481441411,0.39667463205949877,0.5576511998492744,27.571129704459445,0.7232915926657003,35.76064450488247,0.0034201359698431966,7.44944944944945,2026-08-31T20:35:01.127740+00:00,1806733,0.997913963533303,240310.94475383015,240813.29005855758,,,,,,
ensemble,1,sin_homo,0,755,27.49934960002429,0.10426925608901337,0.8394716494132295,0.9366666666666666,0.39972114031076145,0.020422461735083906,0.20192454231640358,-0.5229411208529573,0.6375,0.4213316449979234,0.02720283353334764,0.09913658367082083,4.854291561751996,0.054502766367933386,2.6687657479755567,0.00014576599712889937,-2.0,2026-08-31T20:35:29.706880+00:00,1806733,,,,,,,,,
ensemble,2,sin_homo,0,13505,39.05738310000743,0.1032059363928226,0.8502612012100705,0.9433333333333334,0.3990623821398517,0.013628586786203191,0.5641868616864539,-11.902718437029087,0.1475,0.42281466556716174,0.03655797341089241,0.044058727503512876,3.232817033393032,0.07521322342175125,5.518783759581944,4.630634184811045e-05,7.53953953953954,2026-08-31T20:36:08.819453+00:00,1806733,,,,,,,,,
map,1,sin_homo,1,151,5.667967599991243,0.10297335111727883,0.8534710077732535,0.9416666666666667,0.39199279690801087,0.0,0.20060119506892612,-0.6283954133646938,0.7,0.3919927969080109,0.0,0.0,,0.0,,0.0,-2.0,2026-08-31T20:36:14.538375+00:00,1806733,,,,,,,,,
map,2,sin_homo,1,2701,7.738223099993775,0.09997069226512675,0.8839395941909393,0.95,0.39199279690801087,0.0,0.5918827993218418,-16.132615846863605,0.18,0.3919927969080109,0.0,0.0,,0.0,,0.0,-2.0,2026-08-31T20:36:22.330128+00:00,1806733,,,,,,,,,
gp,0,sin_homo,1,3,0.6974745999905281,0.09914033426689187,0.8919074215294693,0.9466666666666667,0.3799578685956041,0.013289207757789901,0.11698381452291934,0.32736830235204406,0.9975,1.0671027642480424,0.21581199904629633,0.5682343282001807,42.75908229872407,0.5682343282001874,42.75908229872457,0.004438880958210156,-2.0,2026-08-31T20:36:23.084464+00:00,1806733,,,,,,,,,
bbb,1,sin_homo,1,302,121.42979490000289,0.11413592511609916,0.7366216225594865,0.9683333333333334,0.5275758366747975,0.08551465547006903,0.6163712101077118,-7.241694617161284,0.23,0.5678546228842581,0.10517953067216737,0.10128611993710146,1.18442995975763,0.12299349041577601,1.4382738226528309,5.342498682376837e-05,3.315315315315315,2026-08-31T20:38:24.633045+00:00,1806733,,,,,,,,,
bbb,2,sin_homo,1,5402,221.35360510001192,0.10647683922381418,0.7765864894781861,0.98,0.5240305960854629,0.08921118311465624,0.8894803393469125,-19.234873363324905,0.11,0.5445478956816988,0.09464810844275776,0.10763764212677843,1.2065487573283282,0.09604874985164936,1.0766447265720636,0.00019123553800747158,5.257257257257257,2026-08-31T20:42:06.249718+00:00,1806733,,,,,,,,,
mcd,1,sin_homo,1,151,7.656911800004309,0.1373180015272753,0.5923195635235492,0.96,0.5704790101927222,0.1137259873292921,0.8553262915960997,-11.483890987528467,0.1275,0.6773436789278882,0.13967530722575633,0.1481654792777392,1.302828691640443,0.15690196348563257,1.3796491652459786,0.011962872153880425,7.95995995995996,2026-08-31T20:42:14.135163+00:00,1806733,,,,,,,,,
mcd,2,sin_homo,1,2701,10.030758299981244,0.10932115589905014,0.7685885473181558,0.9766666666666667,0.5077814219555723,0.08217825921476168,0.9659967371718882,-22.441687618561435,0.07,0.5512991335398907,0.09843546684714755,0.11019684433068724,1.340948876061037,0.09183710797902149,1.117535329374862,0.0057460082271038986,-1.7997997997997999,2026-08-31T20:42:24.504665+00:00,1806733,,,,,,,,,
laplace,1,sin_homo,1,151,6.179940100002568,0.10297335111727883,0.8541377821748104,0.9466666666666667,0.3984897626364729,0.01685223575967984,0.20060119506892612,-0.07784640415021066,0.9825,1.6574966051065838,0.3630432221277901,0.9587275593708161,56.89022946525821,0.8505449477750621,50.4707482083802,0.010379769575471043,7.98998998998999,2026-08-31T20:42:31.122022+00:00,1806733,0.9888245174159663,1197998.0538899722,1211537.5709136198,,,,,,
laplace,2,sin_homo,1,2701,16.088771899987478,0.09997069226512675,0.8837060802880853,0.9583333333333334,0.4009933229877715,0.019829141792702717,0.5918827993218418,-0.9075776473413744,0.8325,1.7814636378129356,0.4007842634671044,0.9862297305377238,49.73637996278105,0.4546681724121404,22.92929150264395,0.006404296330424053,-1.2692692692692693,2026-08-31T20:42:51.398376+00:00,1806733,0.9974678937225945,289005.448770701,289739.0989619925,,,,,,
ensemble,1,sin_homo,1,755,30.689137999986997,0.10045245224769492,0.8784944668285192,0.9566666666666667,0.40034346167966195,0.01956583985851336,0.20054811402785477,-0.33315700967288187,0.6825,0.43201334451893003,0.03679487398335041,0.09283371264395136,4.744683249748575,0.07151778568971942,3.655237199470437,8.330242649685383e-05,-2.0,2026-08-31T20:43:23.200635+00:00,1806733,,,,,,,,,
ensemble,2,sin_homo,1,13505,43.074792100000195,0.099843819090097,0.8855651660058559,0.96,0.4011264457282451,0.021338572065153126,0.552223364772983,-8.663341489724628,0.195,0.4557291205348216,0.04436719655170883,0.05148715211288083,2.412867738088329,0.11247400049698741,5.270924415821743,8.028042696025389e-05,7.059059059059059,2026-08-31T20:44:06.335985+00:00,1806733,,,,,,,,,
map,1,sin_homo,2,151,6.188338300009491,0.10225355321072775,0.8608571025784164,0.94,0.39199279690801087,0.0,0.2847953473404376,-2.6717729335486506,0.515,0.3919927969080109,0.0,0.0,,0.0,,0.0,-2.0,2026-08-31T20:44:12.577063+00:00,1806733,,,,,,,,,
map,2,sin_homo,2,2701,8.66854029998649,0.1005904977873021,0.8777241475345113,0.9433333333333334,0.39199279690801087,0.0,0.5157242804812306,-11.914930114104777,0.275,0.3919927969080109,0.0,0.0,,0.0,,0.0,-2.0,2026-08-31T20:44:21.299808+00:00,1806733,,,,,,,,,
gp,0,sin_homo,2,3,0.6636957000009716,0.0987376300622768,0.8897485926703337,0.9566666666666667,0.42193429645730646,0.014325080173431235,0.26746493648832137,0.11817516388844426,0.9825,1.1056029931392153,0.21796458390689832,0.5887231843348492,41.09737447939423,0.5887231843348526,41.097374479394475,0.005099021395147008,-2.0,2026-08-31T20:44:22.017899+00:00,1806733,,,,,,,,,
bbb,1,sin_homo,2,302,138.45117709998158,0.11060423671177957,0.7367392920196367,0.99,0.5607710687330894,0.0986456443054086,0.593086646724098,-6.055727908351223,0.2325,0.6014167000979441,0.11638935219183769,0.10566145563355518,1.0711213493261345,0.13217177857548737,1.3398643143967033,4.358774036915605e-05,3.255255255255255,2026-08-31T20:46:40.591245+00:00,1806733,,,,,,,,,
bbb,2,sin_homo,2,5402,220.1356681000034,0.10250034232944923,0.7763416994615665,0.9883333333333333,0.5521050706595461,0.0972771630692795,0.8951589765883146,-18.633411033768507,0.09,0.555914414242554,0.09952119762088948,0.10923667143345,1.1229426104424232,0.10145971997115068,1.0429962878223784,0.00026525816610255097,0.3523523523523524,2026-08-31T20:50:20.952540+00:00,1806733,,,,,,,,,
mcd,1,sin_homo,2,151,6.235304700006964,0.15552686525511034,0.4677044445006472,0.9216666666666666,0.5648198399969726,0.10958738731154799,0.7562174905781048,-8.68602981883222,0.305,0.6746966729918492,0.1386566831237812,0.12682910742293252,1.1573330702954687,0.13437345288288374,1.226176261515123,0.013851053023011452,7.80980980980981,2026-08-31T20:50:27.370274+00:00,1806733,,,,,,,,,
mcd,2,sin_homo,2,2701,8.886885500018252,0.1125021788832227,0.745419759931863,0.9766666666666667,0.5133786466188429,0.0844373973476642,0.8849853667072134,-18.64149999695214,0.105,0.54874628476928,0.09764740633009143,0.09200066699908725,1.0895725103923075,0.11171792819798364,1.323085880276414,0.005845273368048328,-1.7297297297297298,2026-08-31T20:50:36.661768+00:00,1806733,,,,,,,,,
laplace,1,sin_homo,2,151,5.72394080000231,0.10225355321072775,0.8620644894641553,0.9433333333333334,0.39846461499148544,0.016891725465719543,0.2847953473404376,-0.18962515890190487,0.9825,1.7703588609365182,0.38616509709537256,1.013105914382162,59.97646104527228,0.9732536903781706,57.61718613964654,0.012769973683969482,7.98998998998999,2026-08-31T20:50:42.661783+00:00,1806733,0.9872747142978778,1572720.6378339948,1592991.9150744884,,,,,,
laplace,2,sin_homo,2,2701,13.460504599992419,0.1005904977873021,0.8782253258090951,0.9483333333333334,0.40060765024478634,0.02007669872413629,0.5157242804812306,-0.6487166251060725,0.9375,1.702530422998214,0.40827749406719105,0.9412662762166716,46.883518508203615,0.5418414739908706,26.988574239023993,0.006679900536770145,-1.6696696696696698,2026-08-31T20:50:59.832011+00:00,1806733,0.998133391846912,225045.84501223586,225466.70299830238,,,,,,
ensemble,1,sin_homo,2,755,27.459114600002067,0.10033493130506325,0.8787359390538412,0.9466666666666667,0.40582044466646094,0.02945667646917614,0.2842398429037304,-1.4102136418891202,0.5525,0.432609601347425,0.0333912659644119,0.10967248394562572,3.723179159753086,0.04703346370318868,1.5966996056871903,0.00013350989234703348,-2.0,2026-08-31T20:51:28.356599+00:00,1806733,,,,,,,,,
ensemble,2,sin_homo,2,13505,38.962191200000234,0.09961771720534406,0.8830348291005127,0.9583333333333334,0.4117899832285941,0.0255715399526247,0.4519813759575169,-4.5608270571920535,0.29,0.47668550252172565,0.056294490578822014,0.08498727806237959,3.3235103642499393,0.15107615638171235,5.907980382159412,0.00019705027096882793,7.50950950950951,2026-08-31T20:52:07.374326+00:00,1806733,,,,,,,,,
map,1,sin_gap,0,151,5.615706999989925,0.10304625284068719,0.8527200485640313,0.9475,0.3919927969080109,0.0,0.22543193313937318,-1.1573312641583673,0.5525,0.3919927969080109,0.0,0.0,,0.0,,0.0,-2.0,2026-08-31T20:52:13.044582+00:00,1806733,,,,0.12665367174410544,0.5815889314761925,0.87,0.3919927969080109,0.0,
map,2,sin_gap,0,2701,7.883988799992949,0.1061296553581959,0.8204713724669009,0.935,0.3919927969080109,0.0,0.7371511256311094,-25.785942541171202,0.1075,0.3919927969080109,0.0,0.0,,0.0,,0.0,-2.0,2026-08-31T20:52:20.988740+00:00,1806733,,,,0.10100241362098973,0.8735721819260983,0.94,0.3919927969080109,0.0,
gp,0,sin_gap,0,3,0.8503407000098377,0.10373037458753054,0.8442247414006567,0.9375,0.38382001518052605,0.013604046243867525,0.4660760948342849,-0.8801430588179824,0.765,1.0724822596559398,0.2260233927003344,0.5383693881712954,39.574210387147374,0.5383693881712954,39.574210387147374,0.0031315064569406026,7.98998998998999,2026-08-31T20:52:21.896721+00:00,1806733,,,,0.1281387227074444,0.5980437033811764,0.895,0.4156233955815404,0.044433936818223815,3.2662294747971683
bbb,1,sin_gap,0,302,145.3831804000074,0.10984629230521716,0.7518239276410977,0.975,0.5100283860108527,0.08085325187708312,0.6786068763752455,-12.54507403791024,0.125,0.5279219603090213,0.08866806550258349,0.06561152714935294,0.8114890326130437,0.12221569136106956,1.511574222727214,7.804973173421506e-05,3.255255255255255,2026-08-31T20:54:47.426078+00:00,1806733,,,,0.2328446913700339,-0.3954112464596815,0.705,0.5465819215978752,0.09883387680631026,1.2223859215528168
bbb,2,sin_gap,0,5402,232.37001990000135,0.10604776906363401,0.7851302177262786,0.9875,0.5127862246955859,0.08164657707443301,0.8939547808797336,-20.233918046291098,0.095,0.532808144509255,0.09273803402832173,0.08796556855705123,1.0773944445565369,0.10571270881922343,1.294759836935363,0.0016356603131482614,2.5145145145145147,2026-08-31T20:58:40.018001+00:00,1806733,,,,0.14295531624938446,0.46962122655644073,0.985,0.7478212341353645,0.13732805432972833,1.681981771318268
mcd,1,sin_gap,0,151,6.353768600005424,0.13696291413318631,0.5486125020509922,0.97,0.6309379243254174,0.12627820382963265,0.8832310249627371,-12.571116774427132,0.1075,0.6710409405002742,0.13774589502075169,0.15111956863472262,1.1967193391395123,0.13378722640719728,1.0594641224680024,0.01260717316218867,-1.3293293293293293,2026-08-31T20:58:46.555329+00:00,1806733,,,,0.22338985594686,-0.3954205753493289,0.67,0.5195411473010477,0.08507929025754818,0.673744856019114
mcd,2,sin_gap,0,2701,9.036190400016494,0.12258911646202826,0.6673345885088554,0.945,0.5208054734908419,0.08700481777699454,0.9956728150531629,-24.148472649108836,0.0425,0.5467707497758082,0.09726149883659407,0.09341824723776007,1.0737134979950655,0.09806826676947877,1.127159038719458,0.00757946051583428,0.07207207207207222,2026-08-31T20:58:55.921733+00:00,1806733,,,,0.18622845461370788,0.1872151228095144,0.855,0.5567854126779086,0.09915530307205452,1.1396530169881323
laplace,1,sin_gap,0,151,5.845567400014261,0.10304625284068719,0.8543592002228965,0.9525,0.3983832916713186,0.01644465849782145,0.22543193313937318,-0.24801917926433642,0.9675,1.6961744877610039,0.36724284343579994,0.9053302914156144,55.05315245893068,1.0018401706097593,60.92192007164397,0.012858640062842985,7.98998998998999,2026-08-31T20:59:02.007206+00:00,1806733,0.9887215770180859,1717863.5336254966,1737459.3349185835,0.12665367174410544,0.6129806870035123,0.975,0.6109518210434832,0.12034639548720585,7.318266627619482
laplace,2,sin_gap,0,2701,13.559396199998446,0.1061296553581959,0.8237028107129462,0.94,0.400242913369768,0.019860465823601348,0.7371511256311094,-1.8192985667475599,0.6,1.5337278355341852,0.32147831796700643,0.8826199949717346,44.441052028239234,0.3676462352566059,18.511460834907027,0.0053885947383369714,-1.2892892892892893,2026-08-31T20:59:19.269071+00:00,1806733,0.9975550387278863,340352.0798495054,341186.26705904177,0.10100241362098973,0.6039205448470524,0.985,0.7397050115877067,0.15994299085563712,8.053335318327104
ensemble,1,sin_gap,0,755,28.318228399992222,0.10349028458717087,0.8477140910504048,0.9475,0.39796650657188204,0.019585962395901584,0.222688206158952,-0.7713330933235077,0.63,0.4500153569159717,0.03549335258538904,0.12564819724775567,6.415216914439083,0.11871013749858768,6.060980568584575,0.00028599608830159884,7.98998998998999,2026-08-31T20:59:48.642742+00:00,1806733,,,,0.1242306500982894,0.6300816842360922,0.89,0.40656316938644194,0.027698417796379222,1.4141974357193288
ensemble,2,sin_gap,0,13505,39.771642500010785,0.1045125915868014,0.8350382187653682,0.9475,0.4003979523833367,0.014677285301779102,0.6370782119247593,-14.109733240843955,0.14,0.43507545588024954,0.04640232741856812,0.058135795820118005,3.9609365509213816,0.07938786791719908,5.408893149169494,4.112591278418844e-05,7.019019019019019,2026-08-31T21:00:28.474247+00:00,1806733,,,,0.10261054271271894,0.8573686638284951,0.935,0.39929421093020323,0.01940224985729956,1.3219236022446006
map,1,sin_gap,1,151,5.64833239998552,0.10400234837663351,0.8428221363966409,0.95,0.3919927969080109,0.0,0.21597980165301647,-0.9487171763144429,0.705,0.3919927969080109,0.0,0.0,,0.0,,0.0,-2.0,2026-08-31T21:00:34.177996+00:00,1806733,,,,0.1002236596829208,0.8814074617774768,0.93,0.3919927969080109,0.0,
map,2,sin_gap,1,2701,7.811631899996428,0.10008300042052827,0.8828162111305999,0.9575,0.3919927969080109,0.0,0.5974389982963489,-16.463021274477864,0.1675,0.3919927969080109,0.0,0.0,,0.0,,0.0,-2.0,2026-08-31T21:00:42.047299+00:00,1806733,,,,0.1122890943617303,0.7532045241604944,0.92,0.3919927969080109,0.0,
gp,0,sin_gap,1,3,0.691209999989951,0.09924364505969376,0.8905212283728747,0.9575,0.37986980469370557,0.013171934926111352,0.16370313836445846,0.25522707792194266,0.99,1.0758983513978475,0.21731537417305424,0.5754925692601435,43.69081478829031,0.5754925692601451,43.69081478829043,0.004397233180206517,7.98998998998999,2026-08-31T21:00:42.801961+00:00,1806733,,,,0.09883173168965921,0.89525129159665,0.96,0.40095245254134154,0.036790200517427596,2.7930748765313616
bbb,1,sin_gap,1,302,134.54516710000462,0.10644817758627027,0.7899849333421308,0.9775,0.5081148198738061,0.07801603666828813,0.497634541138453,-5.06114842719476,0.225,0.5344078623876088,0.09234890875901017,0.07271908605269196,0.9321043359570038,0.11690535666892526,1.498478539303251,0.00016499841468195844,3.3553553553553552,2026-08-31T21:02:57.473243+00:00,1806733,,,,0.17896029299652896,0.16420446213343823,0.85,0.5283504721588981,0.08060303758421936,1.0331598607979888
bbb,2,sin_gap,1,5402,221.63932429999113,0.10482528498248704,0.7980313525211398,0.985,0.5067280023179599,0.07707419943563508,0.9084151876869806,-22.224201989811082,0.095,0.5144222260739084,0.08452015340346222,0.0788656450344157,1.0232431295024564,0.09757549269329027,1.26599424201319,0.0006293664471393352,2.774774774774775,2026-08-31T21:06:39.338499+00:00,1806733,,,,0.16985386040491468,0.3819266582366519,0.955,0.6579619979266813,0.12666665814367492,1.6434378698860788
mcd,1,sin_gap,1,151,6.362451499997405,0.13947573024524854,0.5398519689518961,0.965,0.6129642070838685,0.1198218029030027,0.8718184873089664,-12.97860357788014,0.12,0.6527953562571938,0.13255622152875263,0.13722099314633976,1.1452088837072658,0.1326823641937514,1.107330727623582,0.011752108453887364,7.119119119119119,2026-08-31T21:06:45.899925+00:00,1806733,,,,0.2599722724184839,-0.9006898246201538,0.63,0.5205619826436556,0.08594166243918774,0.717245612710056
mcd,2,sin_gap,1,2701,9.156825599988224,0.11050606250241748,0.7545698360677089,0.98,0.5165230681503998,0.08570065609130267,0.9279700853887668,-21.465255272010655,0.0825,0.5397570667074133,0.09412305897474835,0.10188568552481249,1.1888553737122713,0.09566445029601527,1.1162627529256892,0.005658839620117213,6.938938938938939,2026-08-31T21:06:55.400200+00:00,1806733,,,,0.11999094030071593,0.6830507011463299,0.975,0.5408660953467104,0.09456730214458986,1.103460655468506
laplace,1,sin_gap,1,151,5.821864800003823,0.10400234837663351,0.8432590574446366,0.9525,0.39792601245125075,0.015533898420165759,0.21597980165301647,-0.09520248509237804,0.9875,1.7901181645254147,0.39173602221486714,1.0884915586116441,70.07201471065298,0.8779682894714663,56.51950757780851,0.012704368545431333,-2.0,2026-08-31T21:07:01.496802+00:00,1806733,0.9881339723992489,1372523.3359813439,1389005.3113433337,0.1002236596829208,0.8251206416701646,0.98,0.5100871818054874,0.08352715321730109,5.3770889288723565
laplace,2,sin_gap,1,2701,13.567806600010954,0.10008300042052827,0.8828494993103007,0.9625,0.39930173898727506,0.01723152801889826,0.5974389982963489,-0.8886547347435554,0.8975,1.5206772440526926,0.3667880218642886,0.7736923545399019,44.89981118861738,0.6420688884397132,37.26128569303545,0.005590511045894808,-2.0,2026-08-31T21:07:18.769560+00:00,1806733,0.9976506482595663,306548.73341540474,307270.6201817128,0.1122890943617303,0.5854905467942716,0.995,0.7508255956800661,0.15903611815160307,9.22936828220829
ensemble,1,sin_gap,1,755,30.473096700006863,0.10048503425073443,0.8784040390498769,0.965,0.3996974666318592,0.019104906087844677,0.22862748969460558,-0.3549869112070763,0.6975,0.44754912939648184,0.03638783944599917,0.1277864291485343,6.688670886994689,0.06531776524316137,3.418900095233611,0.00014105563545655647,-1.8198198198198199,2026-08-31T21:07:50.322602+00:00,1806733,,,,0.09955366638070416,0.8854066934225382,0.95,0.40492228120713114,0.02718451238407718,1.4229074070860301
ensemble,2,sin_gap,1,13505,40.049006499990355,0.10147189259620315,0.8699950099919789,0.96,0.3996151263602627,0.016898450941711614,0.5043525718784408,-9.195428383822435,0.205,0.4211638303666922,0.03717056628193437,0.04089998541799974,2.420339329272098,0.05762424408251316,3.410031149084515,2.0849433026317796e-05,6.638638638638639,2026-08-31T21:08:30.439533+00:00,1806733,,,,0.10698462542855554,0.8165451513914678,0.925,0.40716344296255585,0.028711091226135514,1.6990368717919548
map,1,sin_gap,2,151,5.68749090001802,0.10067384389441905,0.8768854175654802,0.9375,0.3919927969080109,0.0,0.2913893512661021,-2.8617411417746177,0.5075,0.3919927969080109,0.0,0.0,,0.0,,0.0,-2.0,2026-08-31T21:08:36.185744+00:00,1806733,,,,0.09824574524618061,0.901035236840502,0.935,0.3919927969080109,0.0,
map,2,sin_gap,2,2701,7.858569500007434,0.10524812883562168,0.8297881286193919,0.9325,0.3919927969080109,0.0,0.4822500082578156,-10.244606963443784,0.3,0.3919927969080109,0.0,0.0,,0.0,,0.0,-2.0,2026-08-31T21:08:44.099344+00:00,1806733,,,,0.1315396081858941,0.5185131337044458,0.87,0.3919927969080109,0.0,
gp,0,sin_gap,2,3,0.6447709999920335,0.0993693833228038,0.8846462802668376,0.9575,0.4220945672136323,0.014363192368301183,0.19045669416120378,0.22947289173588306,0.9875,1.082071381522112,0.21190569368999793,0.573433196237148,39.92379838222352,0.5734331962371457,39.92379838222336,0.004692641954088916,-2.0,2026-08-31T21:08:44.814927+00:00,1806733,,,,0.09674232005611119,0.8975246043426188,0.975,0.4385909463115889,0.03528607029664611,2.4567010864883096
bbb,1,sin_gap,2,302,135.9910094999941,0.12092316153297497,0.6711591959103967,0.9925,0.583727817263528,0.11168506067231032,0.6658387246021158,-6.602761682989693,0.24,0.6432268183259388,0.1285046098641072,0.11828765381448404,1.0591179617258397,0.1514025297251939,1.355620248704674,0.0001894828309918807,2.734734734734735,2026-08-31T21:11:00.929514+00:00,1806733,,,,0.1486645158181046,0.4996727633157965,0.98,0.6557884005586484,0.1371019355598579,1.2275763180370378
bbb,2,sin_gap,2,5402,220.3488737999869,0.10419552794046076,0.7883203776795553,0.985,0.5220131029069563,0.08268987335469033,0.8314241873902317,-16.662674679718727,0.125,0.5378878517467576,0.09485494140847861,0.08847156088941618,1.0699201401594347,0.10758041265565856,1.3010107319212187,0.0012887836368256286,3.3453453453453452,2026-08-31T21:14:41.487872+00:00,1806733,,,,0.17115035339647708,0.2908172246716712,0.955,0.7581121184536802,0.150008448573658,1.8141090618220088
mcd,1,sin_gap,2,151,6.291747200011741,0.1620917819367831,0.3975043995214559,0.94,0.602373061356413,0.11693476789672272,0.7207266645377863,-8.119320127510044,0.245,0.6639682240326,0.13665074221030366,0.1455800479407433,1.2449680326840022,0.1395234219233959,1.1931731206464067,0.01350333328485517,-1.6696696696696698,2026-08-31T21:14:47.993634+00:00,1806733,,,,0.17594420891070048,0.1657337302573955,0.84,0.5151150463724866,0.08205875995781539,0.7017481749336522
mcd,2,sin_gap,2,2701,9.015754499996547,0.12445881448052432,0.6577349929422344,0.975,0.5262283152333674,0.08932400881093724,0.8639986717696477,-18.62400372425978,0.115,0.5396734183685037,0.09401601779611315,0.0857179368547852,0.9596293090272667,0.0991815867879956,1.1103575411390554,0.010166205715884976,2.744744744744745,2026-08-31T21:14:57.350888+00:00,1806733,,,,0.1572755069370675,0.4215286293742231,0.935,0.564342604081764,0.10240396177083973,1.1464326683723685
laplace,1,sin_gap,2,151,5.809949999995297,0.10067384389441905,0.878495690117488,0.945,0.3978920358453536,0.015433047123590584,0.2913893512661021,-0.1711143250269815,0.98,1.6641510441240774,0.35635561062405646,0.9329540708585317,60.45170881597585,0.9557175425710069,61.92669113995772,0.012411265084361855,7.98998998998999,2026-08-31T21:15:03.443803+00:00,1806733,0.9914872116486421,1518270.0649003005,1531305.746622516,0.09824574524618061,0.7880911957843378,0.995,0.5562274940250287,0.10031127898102948,6.4997714435599745
laplace,2,sin_gap,2,2701,13.598114799999166,0.10524812883562168,0.8325182119417823,0.94,0.39994319254987604,0.019358801073572737,0.4822500082578156,-0.6234864832911994,0.88,1.6001421283403936,0.3754850911931426,0.7901726573710374,40.8172311068233,0.4299121938773084,22.20758363306879,0.004487788916938545,-0.8088088088088088,2026-08-31T21:15:20.780197+00:00,1806733,0.9969888474431471,368812.1036826656,369926.0073254701,0.1315396081858941,0.576909260269764,0.98,0.6154654572065394,0.1216292336148369,6.2828908232791605
ensemble,1,sin_gap,2,755,28.299571899988223,0.1011829406215592,0.8716219683628027,0.9425,0.39774631089668505,0.01679193929146769,0.28551726957058965,-2.0168108164024274,0.5325,0.4105667165828273,0.027633210498749037,0.06905291215607241,4.112265471991049,0.025488072711679806,1.5178754680604873,6.600411368078846e-05,-2.0,2026-08-31T21:15:50.125189+00:00,1806733,,,,0.09909799499982845,0.8930266828960624,0.945,0.4024292096240715,0.02506356657690942,1.4925951161367468
ensemble,2,sin_gap,2,13505,40.39557799999602,0.10035271948445322,0.8755016882762178,0.9525,0.40461670781503867,0.01658696249581164,0.4577944974102918,-4.459258421658037,0.305,0.49130545615099647,0.07270766107626395,0.09519318079063781,5.739036355491548,0.11680175008699274,7.041780562082193,9.969893534764185e-05,6.868868868868869,2026-08-31T21:16:30.582193+00:00,1806733,,,,0.11576836895804778,0.7148861713310504,0.92,0.3933891001565696,0.008260628417000912,0.49801935822106047
