experiment_id,dataset,method,T,repeat,init_seed,predict_seed,mpiw95,picp95,ll,rmse,mean_std_epistemic,mean_var_epistemic,timestamp,git_commit
e6a,sin_homo,mcd,2,0,0,0,0.926080927943919,0.679,-2.848741848387634,0.5865730331077373,0.11251289675915004,0.02108442285614192,2026-08-31T19:36:29.300351+00:00,1806733
e6a,sin_homo,mcd,2,1,0,1000,0.9205227297741326,0.682,-2.6679538313432047,0.5793353443669291,0.10924612024279554,0.020648892800999248,2026-08-31T19:36:29.332578+00:00,1806733
e6a,sin_homo,mcd,2,2,0,2000,0.9257419893707379,0.699,-2.7097246594801683,0.5814049599221071,0.1115858760472098,0.021366169461184234,2026-08-31T19:36:29.360645+00:00,1806733
e6a,sin_homo,mcd,2,3,0,3000,0.9194889263413204,0.689,-2.607650168201678,0.5767746748716924,0.10910791963583187,0.020346407016999912,2026-08-31T19:36:29.391430+00:00,1806733
e6a,sin_homo,mcd,2,4,0,4000,0.9262522661584347,0.705,-2.7635692212507985,0.5790266482748467,0.11104256409392642,0.021723522196498517,2026-08-31T19:36:29.422555+00:00,1806733
e6a,sin_homo,mcd,2,5,0,5000,0.9185391913339926,0.689,-2.7063757369352937,0.5791822688658345,0.11031680203334444,0.01993945195246377,2026-08-31T19:36:29.450009+00:00,1806733
e6a,sin_homo,mcd,2,6,0,6000,0.9329998390962904,0.692,-2.7070158034765806,0.5758464002610716,0.11441249405168796,0.022516735734105797,2026-08-31T19:36:29.476857+00:00,1806733
e6a,sin_homo,mcd,2,7,0,7000,0.9253664576206005,0.687,-2.558972047746524,0.5768465872637147,0.11155780821504337,0.02105012588726933,2026-08-31T19:36:29.506741+00:00,1806733
e6a,sin_homo,mcd,2,8,0,8000,0.9192301279815125,0.693,-2.6589864210913237,0.5732674917810002,0.10843348599177366,0.02063302672398384,2026-08-31T19:36:29.533877+00:00,1806733
e6a,sin_homo,mcd,2,9,0,9000,0.9294819325008327,0.692,-2.5978490948597157,0.5748236171325349,0.11331000473376932,0.021738077221939982,2026-08-31T19:36:29.560916+00:00,1806733
e6a,sin_homo,mcd,5,0,0,0,0.9418834160698816,0.694,-2.2727414564183928,0.5757737612073945,0.1329966567335001,0.021236915135143766,2026-08-31T19:36:29.595426+00:00,1806733
e6a,sin_homo,mcd,5,1,0,1000,0.9406226025917271,0.695,-2.232560347542726,0.5705957500882356,0.13207675666326682,0.021139116207438365,2026-08-31T19:36:29.626911+00:00,1806733
e6a,sin_homo,mcd,5,2,0,2000,0.9448960603281013,0.704,-2.2311163215999286,0.5739207260397304,0.1340680398310178,0.021700120173989264,2026-08-31T19:36:29.657436+00:00,1806733
e6a,sin_homo,mcd,5,3,0,3000,0.9371738605059756,0.701,-2.254187759496621,0.572394230753347,0.13086501358658814,0.020658442064144286,2026-08-31T19:36:29.694181+00:00,1806733
e6a,sin_homo,mcd,5,4,0,4000,0.9499723069452461,0.709,-2.2640454777547396,0.5738905373266158,0.13540936188931074,0.022559591130470097,2026-08-31T19:36:29.725320+00:00,1806733
e6a,sin_homo,mcd,5,5,0,5000,0.9334429735962255,0.695,-2.3047312364211328,0.5768340485914926,0.1298533493254572,0.020056264283490298,2026-08-31T19:36:29.756616+00:00,1806733
e6a,sin_homo,mcd,5,6,0,6000,0.9467623786910986,0.716,-2.222484350946734,0.5695015883395458,0.13469891381998725,0.02193935581278529,2026-08-31T19:36:29.786296+00:00,1806733
e6a,sin_homo,mcd,5,7,0,7000,0.9390277932936187,0.695,-2.152021471908235,0.5707687691724264,0.13148058113099073,0.02091060712965877,2026-08-31T19:36:29.816070+00:00,1806733
e6a,sin_homo,mcd,5,8,0,8000,0.9402476505630027,0.701,-2.2395338298807066,0.572472029180816,0.13190528829003598,0.021184374040363364,2026-08-31T19:36:29.846297+00:00,1806733
e6a,sin_homo,mcd,5,9,0,9000,0.9478975821344547,0.688,-2.211432088027154,0.572200593337634,0.13537392314500324,0.02205529372526166,2026-08-31T19:36:29.875600+00:00,1806733
e6a,sin_homo,mcd,10,0,0,0,0.9449485833788667,0.694,-2.1270348761648386,0.5718368287142939,0.1372627422828057,0.021142141429689565,2026-08-31T19:36:29.920210+00:00,1806733
e6a,sin_homo,mcd,10,1,0,1000,0.946419527795163,0.696,-2.090292151005472,0.570660985839965,0.1378707436917635,0.021355368399043444,2026-08-31T19:36:29.957395+00:00,1806733
e6a,sin_homo,mcd,10,2,0,2000,0.9505158852845895,0.703,-2.0812419424186093,0.5719380795033497,0.13957921664934253,0.02187828551034457,2026-08-31T19:36:30.003355+00:00,1806733
e6a,sin_homo,mcd,10,3,0,3000,0.9433433890681137,0.694,-2.1140615189451215,0.5723970071298263,0.13657582834591003,0.020961220804844295,2026-08-31T19:36:30.051396+00:00,1806733
e6a,sin_homo,mcd,10,4,0,4000,0.9550132379265062,0.705,-2.0579713565509636,0.5717705624853557,0.1410382282033326,0.022558119830244167,2026-08-31T19:36:30.088191+00:00,1806733
e6a,sin_homo,mcd,10,5,0,5000,0.9447168568402599,0.701,-2.195714089588977,0.57396442451082,0.13717713204711907,0.02112197615245101,2026-08-31T19:36:30.124349+00:00,1806733
e6a,sin_homo,mcd,10,6,0,6000,0.9464436100426797,0.703,-2.114427320936913,0.5691663001063783,0.13792630665557748,0.021341973135576023,2026-08-31T19:36:30.165727+00:00,1806733
e6a,sin_homo,mcd,10,7,0,7000,0.9494881804436965,0.704,-2.04215315697602,0.5679873162838456,0.13879960360308627,0.021808486743745886,2026-08-31T19:36:30.204379+00:00,1806733
e6a,sin_homo,mcd,10,8,0,8000,0.9453729543148208,0.704,-2.0806659965973804,0.57123602975058,0.13718561452976588,0.02124688288967446,2026-08-31T19:36:30.243984+00:00,1806733
e6a,sin_homo,mcd,10,9,0,9000,0.9528882788407236,0.693,-2.064511884187644,0.5700524484315346,0.14041214022837484,0.022219491733000384,2026-08-31T19:36:30.283014+00:00,1806733
e6a,sin_homo,mcd,20,0,0,0,0.9508629912599437,0.703,-2.039120987533536,0.5703385841989509,0.14097279498547471,0.021690523634935198,2026-08-31T19:36:30.334795+00:00,1806733
e6a,sin_homo,mcd,20,1,0,1000,0.9499483732386504,0.696,-2.0114659733561426,0.5690966511098451,0.14066596951258079,0.02156038237308947,2026-08-31T19:36:30.377038+00:00,1806733
e6a,sin_homo,mcd,20,2,0,2000,0.9502660095995866,0.699,-2.0162867373800624,0.5692598311717976,0.14075158823182207,0.021610771002669373,2026-08-31T19:36:30.439706+00:00,1806733
e6a,sin_homo,mcd,20,3,0,3000,0.9487540501201477,0.694,-2.015085378151168,0.5692752262029236,0.14026459345450518,0.021387358149719652,2026-08-31T19:36:30.493526+00:00,1806733
e6a,sin_homo,mcd,20,4,0,4000,0.9543650323878109,0.698,-2.023455178898784,0.5711527726100979,0.14240321323606708,0.0221500089721254,2026-08-31T19:36:30.545085+00:00,1806733
e6a,sin_homo,mcd,20,5,0,5000,0.9474388672306843,0.701,-2.1037401033036067,0.5723596101825114,0.13963753953334673,0.02123293789070998,2026-08-31T19:36:30.594424+00:00,1806733
e6a,sin_homo,mcd,20,6,0,6000,0.9507231523789137,0.7,-2.0395119985384054,0.5703875331096435,0.1410328192172711,0.021651539782271734,2026-08-31T19:36:30.644815+00:00,1806733
e6a,sin_homo,mcd,20,7,0,7000,0.9498742657613265,0.712,-2.01439019466274,0.5690880353445549,0.14065438501319505,0.021554190876224198,2026-08-31T19:36:30.694427+00:00,1806733
e6a,sin_homo,mcd,20,8,0,8000,0.951113012089837,0.708,-1.9989366682676066,0.570029823919651,0.1411779130327316,0.021711298908609157,2026-08-31T19:36:30.744936+00:00,1806733
e6a,sin_homo,mcd,20,9,0,9000,0.951730673600475,0.696,-2.03683736719675,0.5711646446767041,0.1414630824442964,0.02179736438506801,2026-08-31T19:36:30.793825+00:00,1806733
e6a,sin_homo,mcd,50,0,0,0,0.9527382759517422,0.701,-1.9749993024436507,0.5691191794055622,0.1426967146847277,0.021765301805414496,2026-08-31T19:36:30.886514+00:00,1806733
e6a,sin_homo,mcd,50,1,0,1000,0.9522287328578016,0.696,-1.9825094456998344,0.5692551910659969,0.14249774571998647,0.021686954105969845,2026-08-31T19:36:30.977305+00:00,1806733
e6a,sin_homo,mcd,50,2,0,2000,0.9521055929947302,0.699,-1.9790476882727406,0.5690716301340358,0.14246542261436668,0.021673935413393876,2026-08-31T19:36:31.067260+00:00,1806733
e6a,sin_homo,mcd,50,3,0,3000,0.9504116082916452,0.694,-1.967703807695941,0.5696725179414523,0.14177703476088027,0.021452935369269406,2026-08-31T19:36:31.155694+00:00,1806733
e6a,sin_homo,mcd,50,4,0,4000,0.9530632115651817,0.701,-2.0101969772201813,0.5714494419821541,0.14286356760339589,0.02179848710356055,2026-08-31T19:36:31.244924+00:00,1806733
e6a,sin_homo,mcd,50,5,0,5000,0.9511609192722696,0.706,-2.016904344462611,0.5713052230671071,0.14212413425962558,0.021548485262756444,2026-08-31T19:36:31.342751+00:00,1806733
e6a,sin_homo,mcd,50,6,0,6000,0.9505859089418939,0.704,-2.0039361126579256,0.5704680051121579,0.1418408140208786,0.021478922066721372,2026-08-31T19:36:31.440737+00:00,1806733
e6a,sin_homo,mcd,50,7,0,7000,0.9514283073253644,0.705,-1.9671650673258574,0.5695045217951858,0.14214725813235157,0.021592850898775474,2026-08-31T19:36:31.530219+00:00,1806733
e6a,sin_homo,mcd,50,8,0,8000,0.9518142991181711,0.702,-1.9737405904218344,0.5699269281830759,0.1423520404565237,0.021642216696902337,2026-08-31T19:36:31.616495+00:00,1806733
e6a,sin_homo,mcd,50,9,0,9000,0.9538551788753638,0.702,-1.9757778111448476,0.5694126717267851,0.14322861000055673,0.021898694732192973,2026-08-31T19:36:31.707587+00:00,1806733
e6a,sin_homo,mcd,100,0,0,0,0.9517469439269428,0.698,-1.9727553296378524,0.5697208036990944,0.1425702960411332,0.02158439160934062,2026-08-31T19:36:31.862054+00:00,1806733
e6a,sin_homo,mcd,100,1,0,1000,0.9527038019785354,0.702,-1.968020943131118,0.5692875346764268,0.14294521789094145,0.021701556162964052,2026-08-31T19:36:32.017654+00:00,1806733
e6a,sin_homo,mcd,100,2,0,2000,0.9519141212941966,0.695,-1.9838152274339973,0.5697755394857278,0.14264454332858992,0.02159806094707363,2026-08-31T19:36:32.180603+00:00,1806733
e6a,sin_homo,mcd,100,3,0,3000,0.9514287089896818,0.697,-1.9679417251592495,0.5696519089184267,0.14240473582686275,0.021542359894760083,2026-08-31T19:36:32.335788+00:00,1806733
e6a,sin_homo,mcd,100,4,0,4000,0.9528638024495972,0.708,-1.9863899748280682,0.5702031193804927,0.14302195216846228,0.021724884854381888,2026-08-31T19:36:32.516000+00:00,1806733
e6a,sin_homo,mcd,100,5,0,5000,0.9516701258210172,0.701,-1.9862072687776722,0.5705917531476371,0.14258379313710526,0.021566838954916644,2026-08-31T19:36:32.673501+00:00,1806733
e6a,sin_homo,mcd,100,6,0,6000,0.9514135356080414,0.701,-1.9916147715916963,0.5699654323339174,0.14244606685541752,0.02153703499827188,2026-08-31T19:36:32.828370+00:00,1806733
e6a,sin_homo,mcd,100,7,0,7000,0.9500401080866118,0.703,-1.9838234569412214,0.5696483571346398,0.1418151235562961,0.021371111437398657,2026-08-31T19:36:32.985244+00:00,1806733
e6a,sin_homo,mcd,100,8,0,8000,0.9528894452626726,0.706,-1.96846904058361,0.570153629444007,0.14298726353793278,0.021738517119546077,2026-08-31T19:36:33.140042+00:00,1806733
e6a,sin_homo,mcd,100,9,0,9000,0.9528532579111647,0.694,-1.9734189553636012,0.5700591841516622,0.14303321325996615,0.021722376578116903,2026-08-31T19:36:33.297799+00:00,1806733
e6a,sin_homo,mcd,200,0,0,0,0.9516744159916032,0.703,-1.9748866557837306,0.5697717064607192,0.14265210962883831,0.021549610503904675,2026-08-31T19:36:33.622763+00:00,1806733
e6a,sin_homo,mcd,200,1,0,1000,0.9524438145623981,0.695,-1.9609666252319133,0.5694018942635639,0.14296576202747197,0.02164704262545046,2026-08-31T19:36:33.931095+00:00,1806733
e6a,sin_homo,mcd,200,2,0,2000,0.9528575054705911,0.698,-1.9770194728002557,0.5700415823558845,0.14314698845612855,0.021699022798882275,2026-08-31T19:36:34.236307+00:00,1806733
e6a,sin_homo,mcd,200,3,0,3000,0.9526957183334125,0.698,-1.956872127046087,0.5697180399578544,0.14302848757895198,0.021683593243350834,2026-08-31T19:36:34.562119+00:00,1806733
e6a,sin_homo,mcd,200,4,0,4000,0.9522617895470928,0.703,-1.9758409499007479,0.5699678410352539,0.14288240034733196,0.021624489651072318,2026-08-31T19:36:34.881920+00:00,1806733
e6a,sin_homo,mcd,200,5,0,5000,0.951894397292588,0.698,-1.9802775631101477,0.5708054571204623,0.1427803634192537,0.021572555911983822,2026-08-31T19:36:35.178853+00:00,1806733
e6a,sin_homo,mcd,200,6,0,6000,0.9515686455589735,0.699,-1.9840373201309554,0.5701942782886722,0.14263412104068066,0.021533948963734447,2026-08-31T19:36:35.479060+00:00,1806733
e6a,sin_homo,mcd,200,7,0,7000,0.9516344636696313,0.701,-1.97732366238289,0.569957203428305,0.1425973080421665,0.021550692430891482,2026-08-31T19:36:35.765446+00:00,1806733
e6a,sin_homo,mcd,200,8,0,8000,0.9529819312079472,0.703,-1.9563843459363857,0.5699939273870861,0.14315912885437992,0.021722053216903257,2026-08-31T19:36:36.070325+00:00,1806733
e6a,sin_homo,mcd,200,9,0,9000,0.9523172319824228,0.697,-1.9737696631907944,0.5699093070792745,0.14292551786553873,0.021629915128615736,2026-08-31T19:36:36.391277+00:00,1806733
e6a,sin_homo,mcd,500,0,0,0,0.9523717463160588,0.697,-1.9684298856079931,0.5702242779703358,0.14302289096286006,0.021623549400212022,2026-08-31T19:36:37.187289+00:00,1806733
e6a,sin_homo,mcd,500,1,0,1000,0.9520237845367011,0.696,-1.9691475123069029,0.5699798730102877,0.14289005947016217,0.02157676906434722,2026-08-31T19:36:37.908877+00:00,1806733
e6a,sin_homo,mcd,500,2,0,2000,0.952284354368971,0.698,-1.977872435153795,0.5702428885024131,0.14300590052873263,0.021609661034071706,2026-08-31T19:36:38.649802+00:00,1806733
e6a,sin_homo,mcd,500,3,0,3000,0.9525456180737901,0.695,-1.9610656137827527,0.5700341508201824,0.14306658499662894,0.021647818432689852,2026-08-31T19:36:39.353212+00:00,1806733
e6a,sin_homo,mcd,500,4,0,4000,0.952313925702992,0.698,-1.970395536282577,0.5700255707236964,0.14298837154242522,0.021615716945498797,2026-08-31T19:36:40.036029+00:00,1806733
e6a,sin_homo,mcd,500,5,0,5000,0.9520151369652565,0.698,-1.966590439639454,0.5704448913178926,0.14287615348875357,0.021579438517300296,2026-08-31T19:36:40.757390+00:00,1806733
e6a,sin_homo,mcd,500,6,0,6000,0.9523852229437312,0.696,-1.9682546814832655,0.569973809764367,0.1430366276640415,0.021624617266293753,2026-08-31T19:36:41.470035+00:00,1806733
e6a,sin_homo,mcd,500,7,0,7000,0.9519056650181796,0.698,-1.9677067859046249,0.5700559819128675,0.1428128892762396,0.02156659736560347,2026-08-31T19:36:42.208077+00:00,1806733
e6a,sin_homo,mcd,500,8,0,8000,0.9524797154728238,0.702,-1.9634581133761466,0.5703909350101112,0.14303551541237566,0.02164169133527121,2026-08-31T19:36:42.907430+00:00,1806733
e6a,sin_homo,mcd,500,9,0,9000,0.9524754822172965,0.694,-1.9628278399046972,0.5699175954655116,0.14305821819936881,0.0216377278841048,2026-08-31T19:36:43.669413+00:00,1806733
e6a,sin_homo,bbb,2,0,0,0,0.8721848044827574,0.674,-2.702112488546755,0.5166839346371476,0.13417300492075573,0.026017924054576074,2026-08-31T19:39:03.713785+00:00,1806733
e6a,sin_homo,bbb,2,1,0,1000,0.7753475335178504,0.648,-3.485643849588635,0.5403921997049064,0.10365271658293726,0.013767488300673019,2026-08-31T19:39:03.739974+00:00,1806733
e6a,sin_homo,bbb,2,2,0,2000,0.7927608415169772,0.669,-2.7308352829299407,0.5012112643289901,0.10226485590337364,0.016181970864101475,2026-08-31T19:39:03.765498+00:00,1806733
e6a,sin_homo,bbb,2,3,0,3000,0.744893309522491,0.672,-2.209575695105694,0.4889338652868518,0.08876152072044315,0.010492121766836355,2026-08-31T19:39:03.794091+00:00,1806733
e6a,sin_homo,bbb,2,4,0,4000,0.8467623239006535,0.682,-1.9704278490895109,0.5268878113432279,0.13658483914693706,0.021414440995747363,2026-08-31T19:39:03.823731+00:00,1806733
e6a,sin_homo,bbb,2,5,0,5000,0.9270031023835591,0.681,-2.7522851654138525,0.4961853928729207,0.16349322482692435,0.03157208452308061,2026-08-31T19:39:03.851267+00:00,1806733
e6a,sin_homo,bbb,2,6,0,6000,0.7684473450529633,0.693,-1.6533286575749906,0.4296981942347719,0.10161542912094113,0.013037464841003299,2026-08-31T19:39:03.878997+00:00,1806733
e6a,sin_homo,bbb,2,7,0,7000,0.9261335615610546,0.682,-2.7363200575844866,0.5109751098552895,0.15704634532890774,0.03286146587069175,2026-08-31T19:39:03.907026+00:00,1806733
e6a,sin_homo,bbb,2,8,0,8000,0.7072137595776146,0.609,-4.749799512450125,0.5593517340962685,0.06590159502418777,0.006802332645905626,2026-08-31T19:39:03.938399+00:00,1806733
e6a,sin_homo,bbb,2,9,0,9000,0.7849530611642938,0.69,-2.6654673369189092,0.46780516943169237,0.09952088108772811,0.015191051279002126,2026-08-31T19:39:03.968396+00:00,1806733
e6a,sin_homo,bbb,5,0,0,0,0.8354106335831184,0.662,-2.6004018268198976,0.5498819092662312,0.13716303699741803,0.01962841592311078,2026-08-31T19:39:04.000284+00:00,1806733
e6a,sin_homo,bbb,5,1,0,1000,0.778588454412801,0.662,-2.127794170321894,0.5113202260838857,0.11397342754129348,0.013493967288196589,2026-08-31T19:39:04.030816+00:00,1806733
e6a,sin_homo,bbb,5,2,0,2000,0.7620045487774012,0.665,-2.8678312283413265,0.5173114547918716,0.10340398018764768,0.012061726382388506,2026-08-31T19:39:04.057461+00:00,1806733
e6a,sin_homo,bbb,5,3,0,3000,0.7328552953173951,0.658,-2.675539581548911,0.5105367593745146,0.09135703263526747,0.008956912182735787,2026-08-31T19:39:04.084803+00:00,1806733
e6a,sin_homo,bbb,5,4,0,4000,0.8561993368107009,0.681,-2.287995133376724,0.5209181595873026,0.14541420728634707,0.02188058954221364,2026-08-31T19:39:04.112417+00:00,1806733
e6a,sin_homo,bbb,5,5,0,5000,0.8574318891846101,0.665,-2.6058895178103425,0.5338978886023927,0.144548285827103,0.02226965033619669,2026-08-31T19:39:04.140384+00:00,1806733
e6a,sin_homo,bbb,5,6,0,6000,0.8029328712173043,0.675,-1.9132054179221707,0.4907051451005031,0.12089688777061133,0.016375912018133543,2026-08-31T19:39:04.169538+00:00,1806733
e6a,sin_homo,bbb,5,7,0,7000,0.8344662319174075,0.673,-2.397076772199979,0.5112925890330471,0.1371140069022928,0.01944914359571035,2026-08-31T19:39:04.196458+00:00,1806733
e6a,sin_homo,bbb,5,8,0,8000,0.7395749010823128,0.65,-2.75669154026256,0.5201814572891822,0.09548272389333402,0.009599731430648201,2026-08-31T19:39:04.223819+00:00,1806733
e6a,sin_homo,bbb,5,9,0,9000,0.9716957927981799,0.697,-2.1537387300235866,0.5163700480274763,0.17802085165359996,0.03903222638186397,2026-08-31T19:39:04.252872+00:00,1806733
e6a,sin_homo,bbb,10,0,0,0,0.788261296824503,0.668,-2.5616052709616164,0.5198998791482863,0.11834170272270104,0.014470961215546365,2026-08-31T19:39:04.288041+00:00,1806733
e6a,sin_homo,bbb,10,1,0,1000,0.7785342850883324,0.663,-2.416990660997124,0.5097463217305962,0.11489717542020812,0.0133625802120109,2026-08-31T19:39:04.328582+00:00,1806733
e6a,sin_homo,bbb,10,2,0,2000,0.8949622766037741,0.688,-2.0416975572692118,0.5077537927893762,0.15188491466381673,0.028542159434290008,2026-08-31T19:39:04.369988+00:00,1806733
e6a,sin_homo,bbb,10,3,0,3000,0.7496563952018906,0.658,-2.680758356497079,0.5225370655114269,0.09994604423743118,0.010630482774444824,2026-08-31T19:39:04.408206+00:00,1806733
e6a,sin_homo,bbb,10,4,0,4000,0.8416336184309146,0.685,-1.8054836211831788,0.48996243543012996,0.13993494968260514,0.020244989005171382,2026-08-31T19:39:04.447109+00:00,1806733
e6a,sin_homo,bbb,10,5,0,5000,0.7978832783015446,0.675,-2.4197347722286198,0.49950921184432506,0.12126019356475273,0.015623587706365858,2026-08-31T19:39:04.484187+00:00,1806733
e6a,sin_homo,bbb,10,6,0,6000,0.8819440820518243,0.694,-1.4896438610724192,0.49190548028539666,0.1524177306264455,0.025653086795403214,2026-08-31T19:39:04.518059+00:00,1806733
e6a,sin_homo,bbb,10,7,0,7000,0.8036551560668382,0.668,-2.4599139486965615,0.5020759525803845,0.12586607800520463,0.015926609006134202,2026-08-31T19:39:04.555920+00:00,1806733
e6a,sin_homo,bbb,10,8,0,8000,0.7949052849200027,0.69,-1.5484429417951953,0.46518930211099124,0.11941397071442214,0.015386698512401422,2026-08-31T19:39:04.589667+00:00,1806733
e6a,sin_homo,bbb,10,9,0,9000,1.0027289512713995,0.711,-1.6216634919617712,0.49643274537863336,0.1909332987364694,0.04306087985990594,2026-08-31T19:39:04.621753+00:00,1806733
e6a,sin_homo,bbb,20,0,0,0,0.7867743563825625,0.668,-2.6593979344156407,0.5201716830902711,0.11675260344286716,0.01443460892778635,2026-08-31T19:39:04.659062+00:00,1806733
e6a,sin_homo,bbb,20,1,0,1000,0.8512991325586301,0.677,-2.0355337290388844,0.5132146857442996,0.14308760658616468,0.02152355630285042,2026-08-31T19:39:04.693977+00:00,1806733
e6a,sin_homo,bbb,20,2,0,2000,0.8414182503157915,0.683,-2.1108181275823132,0.502969130156477,0.13466263597143271,0.02124380108601057,2026-08-31T19:39:04.730954+00:00,1806733
e6a,sin_homo,bbb,20,3,0,3000,0.8025655822510801,0.673,-2.2300073667624676,0.50502350766323,0.12543826465711855,0.01581041602147227,2026-08-31T19:39:04.775614+00:00,1806733
e6a,sin_homo,bbb,20,4,0,4000,0.8604389172365476,0.683,-1.9932619035454602,0.5080279155578682,0.14597664187789275,0.022697871287749385,2026-08-31T19:39:04.817542+00:00,1806733
e6a,sin_homo,bbb,20,5,0,5000,0.7886942003326926,0.672,-2.3954771767313314,0.5113269815150565,0.11825323960771014,0.014559213721248184,2026-08-31T19:39:04.860298+00:00,1806733
e6a,sin_homo,bbb,20,6,0,6000,0.8787323896527617,0.684,-1.750272507520066,0.5072902807193856,0.15414375800699412,0.024466531027724916,2026-08-31T19:39:04.898406+00:00,1806733
e6a,sin_homo,bbb,20,7,0,7000,0.8007447439070133,0.674,-2.2040056673153576,0.4930405948114165,0.12316968906279033,0.01586120353114047,2026-08-31T19:39:04.940895+00:00,1806733
e6a,sin_homo,bbb,20,8,0,8000,0.7883343388654551,0.689,-1.6680887490293592,0.47293064071190194,0.11653049449288791,0.014685541014859398,2026-08-31T19:39:04.978760+00:00,1806733
e6a,sin_homo,bbb,20,9,0,9000,0.8849030946232597,0.686,-1.8847841444343398,0.5067279431750915,0.15292738650283785,0.026162136596820804,2026-08-31T19:39:05.017949+00:00,1806733
e6a,sin_homo,bbb,50,0,0,0,0.8140170022933106,0.671,-2.367229227483623,0.513462436292006,0.12791607800170507,0.01738545830679168,2026-08-31T19:39:05.076872+00:00,1806733
e6a,sin_homo,bbb,50,1,0,1000,0.8134410262324233,0.676,-2.1792624536337852,0.5045027855277685,0.12786048232530525,0.01733383983134026,2026-08-31T19:39:05.151795+00:00,1806733
e6a,sin_homo,bbb,50,2,0,2000,0.8227504201664336,0.679,-2.1893351611101175,0.5015343240366648,0.1307897399771589,0.018474992397786074,2026-08-31T19:39:05.217897+00:00,1806733
e6a,sin_homo,bbb,50,3,0,3000,0.820609485124228,0.674,-2.1532435884536394,0.5018081303138408,0.1327269114201136,0.017739543436411275,2026-08-31T19:39:05.279205+00:00,1806733
e6a,sin_homo,bbb,50,4,0,4000,0.8269492716891855,0.674,-2.1223528158685867,0.5143121180825441,0.1336372368148038,0.018756255291833505,2026-08-31T19:39:05.356627+00:00,1806733
e6a,sin_homo,bbb,50,5,0,5000,0.8343328848332883,0.679,-2.0043840362262335,0.5063742369334342,0.13677233265651814,0.01954760552882606,2026-08-31T19:39:05.413783+00:00,1806733
e6a,sin_homo,bbb,50,6,0,6000,0.8319070853243604,0.673,-2.1184474297461815,0.514842344001278,0.13514925439375472,0.019394693518891493,2026-08-31T19:39:05.470212+00:00,1806733
e6a,sin_homo,bbb,50,7,0,7000,0.8031037510617919,0.678,-2.2403533667274975,0.4902898960728183,0.12354460227832514,0.01618184660594783,2026-08-31T19:39:05.523893+00:00,1806733
e6a,sin_homo,bbb,50,8,0,8000,0.7972657155546663,0.676,-2.0134477344923836,0.4950362388670473,0.12264874675204365,0.015347682050669545,2026-08-31T19:39:05.580751+00:00,1806733
e6a,sin_homo,bbb,50,9,0,9000,0.8506677111846477,0.685,-1.8768845611038305,0.4921368657424398,0.14072090786551608,0.021894431301750762,2026-08-31T19:39:05.634733+00:00,1806733
e6a,sin_homo,bbb,100,0,0,0,0.8297735451722387,0.683,-2.0819594873450504,0.4940607547518006,0.1339560251266077,0.019205367354031878,2026-08-31T19:39:05.726392+00:00,1806733
e6a,sin_homo,bbb,100,1,0,1000,0.8271713615500551,0.677,-2.1122317787291007,0.49806566609046493,0.13378195210709662,0.018755517413659797,2026-08-31T19:39:05.819127+00:00,1806733
e6a,sin_homo,bbb,100,2,0,2000,0.8236133645588736,0.68,-2.0654161773738378,0.49404419535211447,0.13249293200057302,0.018333474735015967,2026-08-31T19:39:05.924254+00:00,1806733
e6a,sin_homo,bbb,100,3,0,3000,0.8128291655070837,0.678,-2.1772139526732017,0.49605293792185423,0.12919156464169876,0.016974530084539745,2026-08-31T19:39:06.019087+00:00,1806733
e6a,sin_homo,bbb,100,4,0,4000,0.8166839804903979,0.674,-2.1887432561047016,0.5093660122755993,0.12948976284772484,0.017633359617620085,2026-08-31T19:39:06.107344+00:00,1806733
e6a,sin_homo,bbb,100,5,0,5000,0.8330818405789959,0.681,-2.009847241766169,0.5023833708211273,0.1360597213757137,0.019443217022053243,2026-08-31T19:39:06.202398+00:00,1806733
e6a,sin_homo,bbb,100,6,0,6000,0.8175404710142254,0.673,-2.210007400979315,0.5114308234415543,0.12975803716188838,0.017736205201307878,2026-08-31T19:39:06.299309+00:00,1806733
e6a,sin_homo,bbb,100,7,0,7000,0.7968999623069802,0.679,-2.156394943351432,0.4871305630264364,0.12175412122668966,0.015415717434709469,2026-08-31T19:39:06.406528+00:00,1806733
e6a,sin_homo,bbb,100,8,0,8000,0.817886718679741,0.677,-1.9891034414452886,0.495776377266789,0.130462185484678,0.017667355700976068,2026-08-31T19:39:06.507693+00:00,1806733
e6a,sin_homo,bbb,100,9,0,9000,0.8518319571998755,0.685,-1.949549158599838,0.49560946194620503,0.1429491597516272,0.021633318465286003,2026-08-31T19:39:06.597762+00:00,1806733
e6a,sin_homo,bbb,200,0,0,0,0.8358202237588872,0.685,-2.003591476945883,0.4911846863621789,0.13696077315523966,0.01976833310519104,2026-08-31T19:39:06.787554+00:00,1806733
e6a,sin_homo,bbb,200,1,0,1000,0.8156987420157541,0.678,-2.085901896068611,0.49167564968782124,0.1293936467504838,0.017459326343335944,2026-08-31T19:39:06.952197+00:00,1806733
e6a,sin_homo,bbb,200,2,0,2000,0.824185325114516,0.68,-2.128344527027476,0.4937961871535973,0.13249862264351178,0.018427629427191634,2026-08-31T19:39:07.106881+00:00,1806733
e6a,sin_homo,bbb,200,3,0,3000,0.804507961203783,0.677,-2.193447437163621,0.4936550823454942,0.12537830700863928,0.016153842813953028,2026-08-31T19:39:07.262137+00:00,1806733
e6a,sin_homo,bbb,200,4,0,4000,0.8122646137564352,0.677,-2.1813351029659613,0.5014382861112773,0.12826249506322782,0.01704699016016692,2026-08-31T19:39:07.444735+00:00,1806733
e6a,sin_homo,bbb,200,5,0,5000,0.823508829217247,0.677,-2.121607324000645,0.5027579881472057,0.13235932185107083,0.01835810924525416,2026-08-31T19:39:07.627598+00:00,1806733
e6a,sin_homo,bbb,200,6,0,6000,0.816986269245157,0.678,-2.118961174564264,0.49919188427674227,0.12943141862552834,0.01769215098935207,2026-08-31T19:39:07.792917+00:00,1806733
e6a,sin_homo,bbb,200,7,0,7000,0.8042179662626946,0.677,-2.163045708078802,0.4952442542411015,0.12449502022970076,0.01624461090895201,2026-08-31T19:39:07.971616+00:00,1806733
e6a,sin_homo,bbb,200,8,0,8000,0.8141449323212785,0.678,-2.0666249784357795,0.49193945306683023,0.12855692691176182,0.01732360817065019,2026-08-31T19:39:08.139337+00:00,1806733
e6a,sin_homo,bbb,200,9,0,9000,0.8255341535211184,0.679,-2.0573950739650426,0.4971904938012286,0.1334220141780148,0.01852333109449009,2026-08-31T19:39:08.308308+00:00,1806733
e6a,sin_homo,bbb,500,0,0,0,0.822282211093132,0.681,-2.107305284983846,0.4957565619094213,0.1318137634461318,0.01822111955277401,2026-08-31T19:39:08.723574+00:00,1806733
e6a,sin_homo,bbb,500,1,0,1000,0.8141480412488709,0.681,-2.090478130000851,0.49063689636720675,0.12848416801597126,0.017338981982635573,2026-08-31T19:39:09.120625+00:00,1806733
e6a,sin_homo,bbb,500,2,0,2000,0.8130417003084951,0.679,-2.219456616039059,0.4963578262944551,0.12810672072127693,0.017191926672909787,2026-08-31T19:39:09.521935+00:00,1806733
e6a,sin_homo,bbb,500,3,0,3000,0.799078331038092,0.677,-2.2168034329426805,0.4945072524809642,0.12285366476553261,0.015621133915680702,2026-08-31T19:39:09.972372+00:00,1806733
e6a,sin_homo,bbb,500,4,0,4000,0.8094181576887514,0.677,-2.188132090291942,0.5004982089772286,0.1270346545605095,0.01674619686290508,2026-08-31T19:39:10.355219+00:00,1806733
e6a,sin_homo,bbb,500,5,0,5000,0.8222827870369862,0.679,-2.1123801685929546,0.4977973753999836,0.13166665730221574,0.018250240644686406,2026-08-31T19:39:10.733474+00:00,1806733
e6a,sin_homo,bbb,500,6,0,6000,0.8079941182013254,0.677,-2.1405926377420523,0.49870084685532823,0.12626751577458936,0.01662654588445262,2026-08-31T19:39:11.121524+00:00,1806733
e6a,sin_homo,bbb,500,7,0,7000,0.8061979258856765,0.679,-2.11929987705307,0.4925123164728491,0.1253544506568433,0.016456504084425873,2026-08-31T19:39:11.486292+00:00,1806733
e6a,sin_homo,bbb,500,8,0,8000,0.8166402268699683,0.677,-2.1340780956221304,0.4949368047328292,0.1296136890381078,0.017584027573851222,2026-08-31T19:39:11.850934+00:00,1806733
e6a,sin_homo,bbb,500,9,0,9000,0.8223745735454204,0.68,-2.1138259572781566,0.49524836469980377,0.1318286648292926,0.01823225123927121,2026-08-31T19:39:12.319481+00:00,1806733
e6a,sin_gap,mcd,2,0,0,0,0.9676044084072941,0.721,-2.062280629603101,0.5460150716214773,0.11282113434408651,0.020825168574866593,2026-08-31T19:39:19.363247+00:00,1806733
e6a,sin_gap,mcd,2,1,0,1000,0.9722611297083134,0.714,-2.010012713709833,0.5389199823185928,0.11454025533802217,0.021562075369707733,2026-08-31T19:39:19.389052+00:00,1806733
e6a,sin_gap,mcd,2,2,0,2000,0.9581900201190579,0.721,-2.0022124552149148,0.5384523239335995,0.10772233268046529,0.019483053626256984,2026-08-31T19:39:19.415883+00:00,1806733
e6a,sin_gap,mcd,2,3,0,3000,0.9638495455579008,0.727,-1.9602731706090768,0.5411632045187367,0.1107130612916644,0.020300674756228095,2026-08-31T19:39:19.442747+00:00,1806733
e6a,sin_gap,mcd,2,4,0,4000,0.9665843945363048,0.726,-2.050748608175385,0.5395941174983045,0.11251672331010774,0.02086356657151448,2026-08-31T19:39:19.467863+00:00,1806733
e6a,sin_gap,mcd,2,5,0,5000,0.9573499495290568,0.718,-2.0715292537894827,0.5409927346987137,0.10683267596903036,0.019636483226454643,2026-08-31T19:39:19.493978+00:00,1806733
e6a,sin_gap,mcd,2,6,0,6000,0.9682799291986728,0.726,-2.0257213239993144,0.5384030269844807,0.11251199388619759,0.02113960523705047,2026-08-31T19:39:19.535302+00:00,1806733
e6a,sin_gap,mcd,2,7,0,7000,0.9610239191797347,0.712,-1.9488897948597932,0.5369423453228885,0.10944754610643845,0.019580327432493227,2026-08-31T19:39:19.562770+00:00,1806733
e6a,sin_gap,mcd,2,8,0,8000,0.9630988538832534,0.726,-2.0036698246500437,0.5335303226934206,0.11044900122651086,0.020163785649434673,2026-08-31T19:39:19.590370+00:00,1806733
e6a,sin_gap,mcd,2,9,0,9000,0.9691535247692858,0.72,-2.061973369230357,0.5414950838427582,0.11152747710433704,0.021371665802402462,2026-08-31T19:39:19.617380+00:00,1806733
e6a,sin_gap,mcd,5,0,0,0,0.9796222671168638,0.728,-1.7288111294421797,0.5361957232068675,0.13171657854864827,0.020671152050293046,2026-08-31T19:39:19.647039+00:00,1806733
e6a,sin_gap,mcd,5,1,0,1000,0.9823381823178136,0.731,-1.6845315755207142,0.5285140108217059,0.132982582049595,0.021056629659222052,2026-08-31T19:39:19.676164+00:00,1806733
e6a,sin_gap,mcd,5,2,0,2000,0.9731172339251429,0.741,-1.7629184244417135,0.5340807073335061,0.12898865459049577,0.019740432232595487,2026-08-31T19:39:19.704357+00:00,1806733
e6a,sin_gap,mcd,5,3,0,3000,0.9782840900941043,0.725,-1.7160500037677173,0.5347644254429812,0.13088509924003466,0.02051943117517336,2026-08-31T19:39:19.740331+00:00,1806733
e6a,sin_gap,mcd,5,4,0,4000,0.9853015552190356,0.745,-1.7473698863198377,0.5344767602314848,0.13423430640935918,0.021470959741408408,2026-08-31T19:39:19.768045+00:00,1806733
e6a,sin_gap,mcd,5,5,0,5000,0.9733412127612799,0.728,-1.7676844099801934,0.5358750091161237,0.1287649035940047,0.019875842588840526,2026-08-31T19:39:19.795086+00:00,1806733
e6a,sin_gap,mcd,5,6,0,6000,0.9807214686403829,0.733,-1.7335056520799548,0.5329243926342464,0.1317566513416435,0.020851600647182826,2026-08-31T19:39:19.841836+00:00,1806733
e6a,sin_gap,mcd,5,7,0,7000,0.9731302136390533,0.724,-1.70827030499691,0.5326881903699079,0.12912150292578284,0.019683691566653744,2026-08-31T19:39:19.871673+00:00,1806733
e6a,sin_gap,mcd,5,8,0,8000,0.977616274081466,0.727,-1.7525042580145216,0.5319561096331109,0.13106606112616362,0.02040032016285326,2026-08-31T19:39:19.898310+00:00,1806733
e6a,sin_gap,mcd,5,9,0,9000,0.9809123291979075,0.728,-1.7332672505500581,0.5352989751452017,0.1326345744359399,0.020823772498691533,2026-08-31T19:39:19.943986+00:00,1806733
e6a,sin_gap,mcd,10,0,0,0,0.9835952735343788,0.731,-1.637879528953771,0.5318357468577817,0.13674523254724794,0.020739442033739976,2026-08-31T19:39:19.973125+00:00,1806733
e6a,sin_gap,mcd,10,1,0,1000,0.9848744505376475,0.733,-1.6221854150203914,0.5290769792629922,0.13709126669073618,0.02095783411732058,2026-08-31T19:39:20.004996+00:00,1806733
e6a,sin_gap,mcd,10,2,0,2000,0.9819741943777321,0.739,-1.6392817490825673,0.5323852342755052,0.13641378931247097,0.0204741407678233,2026-08-31T19:39:20.045709+00:00,1806733
e6a,sin_gap,mcd,10,3,0,3000,0.9858372715644584,0.728,-1.6212458959101774,0.5333816297306726,0.13763807375052556,0.021078185800866955,2026-08-31T19:39:20.074671+00:00,1806733
e6a,sin_gap,mcd,10,4,0,4000,0.9891732344102304,0.737,-1.6291516232636218,0.531698232053298,0.13892312544506435,0.021545008602947037,2026-08-31T19:39:20.105736+00:00,1806733
e6a,sin_gap,mcd,10,5,0,5000,0.9814308836808252,0.735,-1.693814720828045,0.535188947854639,0.1355993961011228,0.02049616804568106,2026-08-31T19:39:20.151933+00:00,1806733
e6a,sin_gap,mcd,10,6,0,6000,0.9842514503305265,0.732,-1.647314698316809,0.5311608032266124,0.13684447818097728,0.020839657215025852,2026-08-31T19:39:20.182756+00:00,1806733
e6a,sin_gap,mcd,10,7,0,7000,0.9835322231512625,0.74,-1.608567843022112,0.5292606168117456,0.13640629890633343,0.020775411071671968,2026-08-31T19:39:20.212958+00:00,1806733
e6a,sin_gap,mcd,10,8,0,8000,0.9811082110381194,0.732,-1.6555357940926896,0.5316560836640801,0.13567150034168401,0.020421184603012725,2026-08-31T19:39:20.255202+00:00,1806733
e6a,sin_gap,mcd,10,9,0,9000,0.9886938188053532,0.74,-1.6089394650085078,0.531813371799947,0.13906897158931333,0.02141240490937048,2026-08-31T19:39:20.284993+00:00,1806733
e6a,sin_gap,mcd,20,0,0,0,0.9876133567925042,0.734,-1.5823648433942437,0.5300731733290801,0.1397994574860778,0.021092605064324234,2026-08-31T19:39:20.321323+00:00,1806733
e6a,sin_gap,mcd,20,1,0,1000,0.9875602408209422,0.746,-1.5641566415428978,0.5283107581401079,0.1397160103601432,0.02108699568138739,2026-08-31T19:39:20.361792+00:00,1806733
e6a,sin_gap,mcd,20,2,0,2000,0.9846853025101552,0.732,-1.6061893125251983,0.5309937328474029,0.13877178183783564,0.02067119916198348,2026-08-31T19:39:20.398876+00:00,1806733
e6a,sin_gap,mcd,20,3,0,3000,0.987298947773837,0.73,-1.581225489517135,0.5309607411804308,0.139848453477021,0.02102208739592713,2026-08-31T19:39:20.435994+00:00,1806733
e6a,sin_gap,mcd,20,4,0,4000,0.9890515565015495,0.735,-1.5900009720512052,0.5310154577082,0.1404053598309706,0.021291535974553983,2026-08-31T19:39:20.472838+00:00,1806733
e6a,sin_gap,mcd,20,5,0,5000,0.9866963899546434,0.738,-1.612960144017598,0.5331579490768639,0.13939662566600067,0.020969120772602507,2026-08-31T19:39:20.510975+00:00,1806733
e6a,sin_gap,mcd,20,6,0,6000,0.9850719976094251,0.727,-1.6122267810551798,0.5316990668781407,0.1388113469317193,0.02072545908186671,2026-08-31T19:39:20.549009+00:00,1806733
e6a,sin_gap,mcd,20,7,0,7000,0.9854596867459879,0.738,-1.5881201274418661,0.5298297492014066,0.13878959409747807,0.0208055113821092,2026-08-31T19:39:20.587191+00:00,1806733
e6a,sin_gap,mcd,20,8,0,8000,0.9853821314573565,0.744,-1.586724615185478,0.5300220556350841,0.13913223378743522,0.020753920113037724,2026-08-31T19:39:20.625266+00:00,1806733
e6a,sin_gap,mcd,20,9,0,9000,0.9895470798457477,0.746,-1.5719787531551708,0.5313096527026177,0.1407315124091354,0.02133460846923334,2026-08-31T19:39:20.663654+00:00,1806733
e6a,sin_gap,mcd,50,0,0,0,0.9882221012498402,0.735,-1.5599504103956057,0.5290259147053638,0.14097901282025344,0.021035395018106192,2026-08-31T19:39:20.726601+00:00,1806733
e6a,sin_gap,mcd,50,1,0,1000,0.9866991635719775,0.744,-1.55105167008165,0.5289028189763665,0.14028309207966697,0.020828584223518447,2026-08-31T19:39:20.788292+00:00,1806733
e6a,sin_gap,mcd,50,2,0,2000,0.9866490706681057,0.735,-1.5630306585685725,0.5300964570181905,0.1403965528137569,0.02080720781640223,2026-08-31T19:39:20.853453+00:00,1806733
e6a,sin_gap,mcd,50,3,0,3000,0.9880153274099898,0.739,-1.5523855326884326,0.5299126883071148,0.1408836756425735,0.021001033432132225,2026-08-31T19:39:20.912918+00:00,1806733
e6a,sin_gap,mcd,50,4,0,4000,0.9888366214899911,0.735,-1.5850531743804843,0.5317225085275765,0.14124094671758206,0.021112609860538284,2026-08-31T19:39:20.971810+00:00,1806733
e6a,sin_gap,mcd,50,5,0,5000,0.9868586126203188,0.734,-1.5772596986372531,0.5317594743335892,0.14042212178692565,0.020840201064409675,2026-08-31T19:39:21.032685+00:00,1806733
e6a,sin_gap,mcd,50,6,0,6000,0.9853969237047926,0.734,-1.5809507583195461,0.5314296516992707,0.13971500262570907,0.020656950003550712,2026-08-31T19:39:21.092080+00:00,1806733
e6a,sin_gap,mcd,50,7,0,7000,0.9866053571214547,0.736,-1.554435647643889,0.5300194156374315,0.1402019134901497,0.02082189558324243,2026-08-31T19:39:21.152670+00:00,1806733
e6a,sin_gap,mcd,50,8,0,8000,0.9869129908219569,0.742,-1.5582577966528457,0.5292209861117246,0.14040871879344158,0.020858434088328732,2026-08-31T19:39:21.212010+00:00,1806733
e6a,sin_gap,mcd,50,9,0,9000,0.9911071237279376,0.74,-1.5355828702177623,0.5297447380831257,0.1422346365075136,0.021416140772485808,2026-08-31T19:39:21.271853+00:00,1806733
e6a,sin_gap,mcd,100,0,0,0,0.987175230359418,0.739,-1.558732684244971,0.530003550805141,0.1407901573385603,0.020854990789544968,2026-08-31T19:39:21.376870+00:00,1806733
e6a,sin_gap,mcd,100,1,0,1000,0.9866130364005608,0.738,-1.5616817633554145,0.5295803003286527,0.14057269227050478,0.020770826562325134,2026-08-31T19:39:21.479758+00:00,1806733
e6a,sin_gap,mcd,100,2,0,2000,0.9874022526972968,0.74,-1.5534213376261268,0.5300288460361661,0.1409104894259649,0.02087710739955637,2026-08-31T19:39:21.577727+00:00,1806733
e6a,sin_gap,mcd,100,3,0,3000,0.9882205267290828,0.743,-1.5514735553149128,0.5297056075165485,0.14122200970103546,0.020987985307731435,2026-08-31T19:39:21.674396+00:00,1806733
e6a,sin_gap,mcd,100,4,0,4000,0.9875898781216258,0.737,-1.562788537400492,0.53078105917438,0.1409505821794097,0.020907457854079957,2026-08-31T19:39:21.775305+00:00,1806733
e6a,sin_gap,mcd,100,5,0,5000,0.9876970508329264,0.737,-1.564483729259392,0.5310239518306455,0.1410216979918508,0.02091818277873449,2026-08-31T19:39:21.872806+00:00,1806733
e6a,sin_gap,mcd,100,6,0,6000,0.9873578449989616,0.735,-1.5595373201422462,0.5303913652729392,0.14087383355014152,0.020870701077928558,2026-08-31T19:39:21.972215+00:00,1806733
e6a,sin_gap,mcd,100,7,0,7000,0.9865717082582207,0.738,-1.5603106876903277,0.5299635553916695,0.140437941270927,0.020778397176006054,2026-08-31T19:39:22.074143+00:00,1806733
e6a,sin_gap,mcd,100,8,0,8000,0.9880531525203355,0.738,-1.551580077019193,0.5296257253191934,0.14119399522675208,0.020963373215726742,2026-08-31T19:39:22.174081+00:00,1806733
e6a,sin_gap,mcd,100,9,0,9000,0.9900499246784552,0.735,-1.533361332439649,0.5296952448560573,0.14198246434742823,0.021237468856921907,2026-08-31T19:39:22.282927+00:00,1806733
e6a,sin_gap,mcd,200,0,0,0,0.9876290668533959,0.739,-1.5562016154737615,0.5302929236019976,0.14109774846103745,0.02089289526139767,2026-08-31T19:39:22.458155+00:00,1806733
e6a,sin_gap,mcd,200,1,0,1000,0.9873858617118194,0.737,-1.5482570685250878,0.5295867384898452,0.1409974257373314,0.020858215678158362,2026-08-31T19:39:22.640328+00:00,1806733
e6a,sin_gap,mcd,200,2,0,2000,0.9885969658958488,0.738,-1.5467441887993134,0.530201698522985,0.14153761705483572,0.021017921511002385,2026-08-31T19:39:22.813669+00:00,1806733
e6a,sin_gap,mcd,200,3,0,3000,0.9888633066305161,0.741,-1.5423367322017965,0.529803104214775,0.14160126871481588,0.021055952740178838,2026-08-31T19:39:22.992457+00:00,1806733
e6a,sin_gap,mcd,200,4,0,4000,0.9876988502375809,0.739,-1.5567975212573877,0.5304454136726665,0.1411438068992669,0.020898624011874343,2026-08-31T19:39:23.163550+00:00,1806733
e6a,sin_gap,mcd,200,5,0,5000,0.9876721365708365,0.735,-1.5555321276582574,0.5308561770303963,0.14112293448976812,0.020896445967389116,2026-08-31T19:39:23.337013+00:00,1806733
e6a,sin_gap,mcd,200,6,0,6000,0.987449432257012,0.733,-1.5598147661691133,0.5304080723132645,0.1410495279493637,0.020863474390773292,2026-08-31T19:39:23.508790+00:00,1806733
e6a,sin_gap,mcd,200,7,0,7000,0.9871025155987597,0.738,-1.5587377004790632,0.5302645645558415,0.14081635888101765,0.020826891835071085,2026-08-31T19:39:23.687474+00:00,1806733
e6a,sin_gap,mcd,200,8,0,8000,0.9889166960004712,0.737,-1.5422807362328723,0.5296293440797648,0.14168989214528618,0.02105822565016314,2026-08-31T19:39:23.867373+00:00,1806733
e6a,sin_gap,mcd,200,9,0,9000,0.988553819037174,0.737,-1.5466859014428638,0.530087508872297,0.14149520939968444,0.021014675772298454,2026-08-31T19:39:24.045756+00:00,1806733
e6a,sin_gap,mcd,500,0,0,0,0.9880601536202294,0.737,-1.5502666071723215,0.530567240379146,0.14135523022913662,0.020938244270709127,2026-08-31T19:39:24.476609+00:00,1806733
e6a,sin_gap,mcd,500,1,0,1000,0.9879168527889474,0.739,-1.548060477867381,0.5299662874918853,0.14129548176391,0.0209179157014266,2026-08-31T19:39:24.913110+00:00,1806733
e6a,sin_gap,mcd,500,2,0,2000,0.9883001395818987,0.739,-1.5488247036701464,0.5303508657449808,0.1415072253984651,0.020965182920370196,2026-08-31T19:39:25.331123+00:00,1806733
e6a,sin_gap,mcd,500,3,0,3000,0.9886140170811989,0.738,-1.545027770289779,0.5301264760699207,0.141584344180728,0.02101151521142644,2026-08-31T19:39:25.723343+00:00,1806733
e6a,sin_gap,mcd,500,4,0,4000,0.9885708046042786,0.737,-1.5480314436099747,0.530158837086794,0.1415935655363889,0.021002221468492746,2026-08-31T19:39:26.130764+00:00,1806733
e6a,sin_gap,mcd,500,5,0,5000,0.9879111901094163,0.735,-1.5503866554870933,0.5306586266600084,0.14130097944644812,0.020916975720452,2026-08-31T19:39:26.539032+00:00,1806733
e6a,sin_gap,mcd,500,6,0,6000,0.9884557204373405,0.735,-1.5495385990504458,0.5303185679408122,0.14155371029905695,0.020985581286415766,2026-08-31T19:39:26.946389+00:00,1806733
e6a,sin_gap,mcd,500,7,0,7000,0.9873346742077146,0.739,-1.5526998988787744,0.5304712166353348,0.1410393183470476,0.020842052967242054,2026-08-31T19:39:27.358257+00:00,1806733
e6a,sin_gap,mcd,500,8,0,8000,0.9884761136164505,0.739,-1.5470019346187056,0.5304447875430197,0.14154661306636204,0.02099167163562538,2026-08-31T19:39:27.817383+00:00,1806733
e6a,sin_gap,mcd,500,9,0,9000,0.9885446072605648,0.741,-1.5455772980004565,0.5302225596638149,0.14156900192761565,0.021001487734468076,2026-08-31T19:39:28.238750+00:00,1806733
e6a,sin_gap,bbb,2,0,0,0,0.692179453729706,0.59,-4.046741095622523,0.5223827446746717,0.04723028906739489,0.005357924501171299,2026-08-31T19:40:43.891478+00:00,1806733
e6a,sin_gap,bbb,2,1,0,1000,0.7132209195441196,0.609,-4.068448287490803,0.5504407724452786,0.07209685877475357,0.00700072233595038,2026-08-31T19:40:43.914893+00:00,1806733
e6a,sin_gap,bbb,2,2,0,2000,0.6629463968317625,0.644,-3.335923558089915,0.48591011074415147,0.04003235421083335,0.002057489848595688,2026-08-31T19:40:43.937632+00:00,1806733
e6a,sin_gap,bbb,2,3,0,3000,0.716934482610128,0.617,-2.605295150514279,0.4986513408901237,0.07615046284553142,0.007135974583823526,2026-08-31T19:40:43.959536+00:00,1806733
e6a,sin_gap,bbb,2,4,0,4000,0.7123498068407537,0.598,-3.546530625184463,0.5422479986916005,0.06548080755129591,0.006843348947575933,2026-08-31T19:40:43.982819+00:00,1806733
e6a,sin_gap,bbb,2,5,0,5000,1.0403468927443056,0.693,-2.074723755888799,0.4947531231372189,0.2065402391832405,0.04575805403971087,2026-08-31T19:40:44.007350+00:00,1806733
e6a,sin_gap,bbb,2,6,0,6000,0.6762290240527434,0.612,-2.5541323272800693,0.4732142446196775,0.04799679103377998,0.00329015127273266,2026-08-31T19:40:44.030321+00:00,1806733
e6a,sin_gap,bbb,2,7,0,7000,0.8206100580133772,0.628,-3.8896374439720214,0.5555616842970251,0.12377505633696574,0.018314964297838965,2026-08-31T19:40:44.053560+00:00,1806733
e6a,sin_gap,bbb,2,8,0,8000,0.6743190736088075,0.603,-4.303464719572252,0.5347893526211339,0.04488178908465795,0.0031167453545227386,2026-08-31T19:40:44.076537+00:00,1806733
e6a,sin_gap,bbb,2,9,0,9000,0.7643575472737485,0.628,-2.681533736994883,0.5075503196819936,0.10370026132543955,0.011661907837765339,2026-08-31T19:40:44.098734+00:00,1806733
e6a,sin_gap,bbb,5,0,0,0,0.7716666669087463,0.621,-3.3582991165021494,0.55931062695462,0.1074772248282903,0.012443189977213092,2026-08-31T19:40:44.122516+00:00,1806733
e6a,sin_gap,bbb,5,1,0,1000,0.7826898396062695,0.644,-2.610349715252018,0.5240114095533317,0.11417659985088996,0.013396906774380433,2026-08-31T19:40:44.147136+00:00,1806733
e6a,sin_gap,bbb,5,2,0,2000,0.7421473298824198,0.637,-2.758666884816148,0.5044996179036937,0.08714519613912873,0.009780462757233472,2026-08-31T19:40:44.171426+00:00,1806733
e6a,sin_gap,bbb,5,3,0,3000,0.7300782338451095,0.602,-2.94150228813276,0.5110432493905909,0.08558936241062459,0.008259670068822948,2026-08-31T19:40:44.196072+00:00,1806733
e6a,sin_gap,bbb,5,4,0,4000,0.7351375643063083,0.601,-3.118524341905806,0.5167934091734591,0.08585937943110444,0.008910853204097709,2026-08-31T19:40:44.219513+00:00,1806733
e6a,sin_gap,bbb,5,5,0,5000,0.8865711555597697,0.666,-2.3545406523491033,0.5312829799655262,0.15360799330785863,0.025388225900554545,2026-08-31T19:40:44.241971+00:00,1806733
e6a,sin_gap,bbb,5,6,0,6000,0.8386648530013965,0.65,-2.3105518640113423,0.5035984875649637,0.12892118317058424,0.020541159724047256,2026-08-31T19:40:44.265952+00:00,1806733
e6a,sin_gap,bbb,5,7,0,7000,0.8551808381498521,0.653,-2.5109747568260157,0.528799229575946,0.14305448816416785,0.021370264502327974,2026-08-31T19:40:44.290171+00:00,1806733
e6a,sin_gap,bbb,5,8,0,8000,0.817473255122128,0.675,-2.008198092898143,0.4855894052703705,0.12640404232366115,0.017417072992090644,2026-08-31T19:40:44.313850+00:00,1806733
e6a,sin_gap,bbb,5,9,0,9000,0.9036866027801307,0.676,-2.2235007744752564,0.533294283887231,0.15886822347868051,0.027819952733286735,2026-08-31T19:40:44.338119+00:00,1806733
e6a,sin_gap,bbb,10,0,0,0,0.7755560287079014,0.633,-2.9645807597805316,0.5320408251055136,0.10936652094847762,0.012799672336273988,2026-08-31T19:40:44.364062+00:00,1806733
e6a,sin_gap,bbb,10,1,0,1000,0.8060122698523388,0.649,-2.2606507863001197,0.5089815578364059,0.1245271842894195,0.015774683028233608,2026-08-31T19:40:44.389395+00:00,1806733
e6a,sin_gap,bbb,10,2,0,2000,0.8197471206367227,0.668,-2.0905745600124015,0.5072256860854654,0.12423988343847435,0.01820415717927021,2026-08-31T19:40:44.414581+00:00,1806733
e6a,sin_gap,bbb,10,3,0,3000,0.8132945941258807,0.64,-2.6665590971825797,0.5235481974367135,0.125299015068806,0.01700325921979488,2026-08-31T19:40:44.440655+00:00,1806733
e6a,sin_gap,bbb,10,4,0,4000,0.777142847068216,0.628,-2.5393301509641737,0.5056967943884744,0.10506405294967132,0.013400225560763528,2026-08-31T19:40:44.466120+00:00,1806733
e6a,sin_gap,bbb,10,5,0,5000,0.8575999448922415,0.683,-1.882824144524486,0.4851183793581214,0.14329695501830694,0.021844203810056223,2026-08-31T19:40:44.492219+00:00,1806733
e6a,sin_gap,bbb,10,6,0,6000,0.8304028435493583,0.652,-2.0618562629994375,0.4970648602065618,0.13076411956060352,0.019019930158814004,2026-08-31T19:40:44.518263+00:00,1806733
e6a,sin_gap,bbb,10,7,0,7000,0.8747435294907213,0.668,-2.205183988639479,0.5088549859674014,0.15117277453670824,0.02360526583640121,2026-08-31T19:40:44.543836+00:00,1806733
e6a,sin_gap,bbb,10,8,0,8000,0.861835687548708,0.678,-1.8441775872500858,0.4730051924177382,0.14490832367807793,0.022334139838464155,2026-08-31T19:40:44.569568+00:00,1806733
e6a,sin_gap,bbb,10,9,0,9000,0.911108736280669,0.683,-1.6753977929457724,0.5063911180510056,0.16119181044780856,0.028967989722405888,2026-08-31T19:40:44.594424+00:00,1806733
e6a,sin_gap,bbb,20,0,0,0,0.8229431375075028,0.651,-2.7588206417903085,0.5307052886751699,0.12807959742818895,0.018114010726367886,2026-08-31T19:40:44.624359+00:00,1806733
e6a,sin_gap,bbb,20,1,0,1000,0.8203722441473369,0.641,-2.1453172167082046,0.5142144633751246,0.1291550443349716,0.01754740586075665,2026-08-31T19:40:44.653947+00:00,1806733
e6a,sin_gap,bbb,20,2,0,2000,0.8035589774531934,0.663,-2.1676263616022062,0.5029669118869089,0.11879409743683073,0.016156249933465698,2026-08-31T19:40:44.684453+00:00,1806733
e6a,sin_gap,bbb,20,3,0,3000,0.8542869914029564,0.674,-1.9670450370904624,0.49575991297873084,0.1435264371926229,0.021170408206934287,2026-08-31T19:40:44.713543+00:00,1806733
e6a,sin_gap,bbb,20,4,0,4000,0.8259346612097799,0.644,-2.4521890337748644,0.5157768621289605,0.12913664820280105,0.018512415151026064,2026-08-31T19:40:44.742892+00:00,1806733
e6a,sin_gap,bbb,20,5,0,5000,0.8432636122280085,0.67,-2.36299133428737,0.5090491854295807,0.13789936524959465,0.0201279523341082,2026-08-31T19:40:44.771550+00:00,1806733
e6a,sin_gap,bbb,20,6,0,6000,0.8638064354165436,0.667,-2.0409048314353364,0.5018955555514857,0.1456687371996831,0.022558175829867907,2026-08-31T19:40:44.801063+00:00,1806733
e6a,sin_gap,bbb,20,7,0,7000,0.8496925535414869,0.674,-2.1750957148065058,0.4893308698295006,0.1404555525947756,0.020948586430228695,2026-08-31T19:40:44.829785+00:00,1806733
e6a,sin_gap,bbb,20,8,0,8000,0.8393797360242842,0.677,-2.049468762197918,0.4690673240949848,0.134977966883229,0.019981786538315782,2026-08-31T19:40:44.859730+00:00,1806733
e6a,sin_gap,bbb,20,9,0,9000,0.8439022751819011,0.665,-2.0126615427659504,0.5085044939370019,0.13766847385996636,0.020313925108765358,2026-08-31T19:40:44.889321+00:00,1806733
e6a,sin_gap,bbb,50,0,0,0,0.8321349350557578,0.656,-2.439028604289885,0.5190162956510563,0.13399542854591634,0.018836195196618916,2026-08-31T19:40:44.931259+00:00,1806733
e6a,sin_gap,bbb,50,1,0,1000,0.8160389179052756,0.652,-2.3216687555184534,0.5125819289945592,0.12809088585449666,0.016967649338096913,2026-08-31T19:40:44.973779+00:00,1806733
e6a,sin_gap,bbb,50,2,0,2000,0.8040209885345355,0.659,-2.2846760306804796,0.5066375465401465,0.12186152081964832,0.015837657534885356,2026-08-31T19:40:45.016783+00:00,1806733
e6a,sin_gap,bbb,50,3,0,3000,0.8390901054557446,0.666,-2.1769212001768654,0.5047066572589309,0.13828421580685366,0.019313990828274667,2026-08-31T19:40:45.057374+00:00,1806733
e6a,sin_gap,bbb,50,4,0,4000,0.8262058025557838,0.664,-2.3075717790312584,0.5150283034622525,0.1320277304351222,0.01811706369486728,2026-08-31T19:40:45.099906+00:00,1806733
e6a,sin_gap,bbb,50,5,0,5000,0.8495067166007705,0.673,-2.0963879443987286,0.5027522085327147,0.14214562051275045,0.020500349522438944,2026-08-31T19:40:45.141206+00:00,1806733
e6a,sin_gap,bbb,50,6,0,6000,0.84336019121602,0.661,-2.412517378341615,0.5152679246746588,0.13737783070345383,0.020362609623623726,2026-08-31T19:40:45.182725+00:00,1806733
e6a,sin_gap,bbb,50,7,0,7000,0.8289791852001308,0.667,-2.1701257496678044,0.49204313698532354,0.1323884256949587,0.018543164669191817,2026-08-31T19:40:45.223770+00:00,1806733
e6a,sin_gap,bbb,50,8,0,8000,0.8449467938002793,0.671,-2.0460936829995933,0.4918885931145282,0.13952537986190058,0.020180246033001305,2026-08-31T19:40:45.264429+00:00,1806733
e6a,sin_gap,bbb,50,9,0,9000,0.8289529794150924,0.666,-2.091237212537406,0.4966970335998759,0.13223349826340836,0.018536354761164574,2026-08-31T19:40:45.304436+00:00,1806733
e6a,sin_gap,bbb,100,0,0,0,0.8380263537812879,0.666,-2.1943423744636736,0.5022768169707458,0.13627767427055437,0.019507001256278085,2026-08-31T19:40:45.364415+00:00,1806733
e6a,sin_gap,bbb,100,1,0,1000,0.8261691769810828,0.665,-2.2551199328330287,0.5028430311250204,0.13200369478065174,0.0181117175558957,2026-08-31T19:40:45.424182+00:00,1806733
e6a,sin_gap,bbb,100,2,0,2000,0.8096975281101081,0.662,-2.2344410429847663,0.49902722411742356,0.1251227784677434,0.016331574716355348,2026-08-31T19:40:45.485324+00:00,1806733
e6a,sin_gap,bbb,100,3,0,3000,0.8318175989311115,0.667,-2.146578857995466,0.4993546549740982,0.13498379380341088,0.01859750374264029,2026-08-31T19:40:45.543900+00:00,1806733
e6a,sin_gap,bbb,100,4,0,4000,0.8318824826723135,0.659,-2.3302915573604457,0.5148431264936145,0.1338489809614604,0.018820942937114563,2026-08-31T19:40:45.604281+00:00,1806733
e6a,sin_gap,bbb,100,5,0,5000,0.8350303584208868,0.668,-2.1826510163896238,0.5031171065260965,0.13610218207081662,0.01897811438277986,2026-08-31T19:40:45.664246+00:00,1806733
e6a,sin_gap,bbb,100,6,0,6000,0.8417483979139292,0.663,-2.2757785457822792,0.5108414394765743,0.13759161667976602,0.01994834228841914,2026-08-31T19:40:45.725350+00:00,1806733
e6a,sin_gap,bbb,100,7,0,7000,0.8199272521826608,0.665,-2.1825277513467753,0.4942358924121127,0.12902626403224315,0.017501208906752084,2026-08-31T19:40:45.785119+00:00,1806733
e6a,sin_gap,bbb,100,8,0,8000,0.8283527372403826,0.667,-2.105661743404705,0.4950225080081702,0.1331375863303016,0.018300956970977972,2026-08-31T19:40:45.844859+00:00,1806733
e6a,sin_gap,bbb,100,9,0,9000,0.8376494393979211,0.665,-2.1223295766619072,0.5006603711777562,0.13689568008203737,0.019309982445626317,2026-08-31T19:40:45.904294+00:00,1806733
e6a,sin_gap,bbb,200,0,0,0,0.8418215111866398,0.667,-2.114077955492521,0.4974529234096784,0.1380608778527622,0.019884355751998595,2026-08-31T19:40:46.002391+00:00,1806733
e6a,sin_gap,bbb,200,1,0,1000,0.8144280779483233,0.662,-2.341068010357773,0.5017632953733229,0.12713575944460792,0.016847824288204645,2026-08-31T19:40:46.104636+00:00,1806733
e6a,sin_gap,bbb,200,2,0,2000,0.8291250549273596,0.668,-2.2007351635502914,0.4982066001356849,0.13259123101966155,0.01853035577975551,2026-08-31T19:40:46.202681+00:00,1806733
e6a,sin_gap,bbb,200,3,0,3000,0.8245584228961682,0.664,-2.231133416470375,0.49707859311737174,0.13154570646545455,0.017901705660493997,2026-08-31T19:40:46.300217+00:00,1806733
e6a,sin_gap,bbb,200,4,0,4000,0.8257727897327081,0.661,-2.2445988620849726,0.5041648818376242,0.1316529114747301,0.018105540861287066,2026-08-31T19:40:46.398968+00:00,1806733
e6a,sin_gap,bbb,200,5,0,5000,0.8271149862938056,0.661,-2.3282805928542754,0.5055616084304976,0.13235259424483772,0.01821820482032025,2026-08-31T19:40:46.496550+00:00,1806733
e6a,sin_gap,bbb,200,6,0,6000,0.8391368559316031,0.662,-2.295552364305557,0.5062639663129269,0.13650412316117155,0.01968341083749882,2026-08-31T19:40:46.595983+00:00,1806733
e6a,sin_gap,bbb,200,7,0,7000,0.8069842665706383,0.661,-2.314856667282658,0.4985457358530661,0.12346161415374615,0.016124004036451468,2026-08-31T19:40:46.695120+00:00,1806733
e6a,sin_gap,bbb,200,8,0,8000,0.8393950635929189,0.67,-2.099056985115772,0.49301924135224784,0.13687828215686745,0.019645876315801114,2026-08-31T19:40:46.792399+00:00,1806733
e6a,sin_gap,bbb,200,9,0,9000,0.8245855599465192,0.661,-2.2694014100604,0.5033408350694902,0.131648839566399,0.01788366377695091,2026-08-31T19:40:46.889163+00:00,1806733
e6a,sin_gap,bbb,500,0,0,0,0.8300277720495326,0.665,-2.223604876614899,0.5003797979584839,0.13320592754774993,0.01858733408114581,2026-08-31T19:40:47.103675+00:00,1806733
e6a,sin_gap,bbb,500,1,0,1000,0.815919050784842,0.664,-2.3095911433176357,0.4975372790237221,0.12740370855747882,0.01705508842691167,2026-08-31T19:40:47.339517+00:00,1806733
e6a,sin_gap,bbb,500,2,0,2000,0.820276627277532,0.664,-2.2656777752361896,0.49897582150230557,0.12943621011874104,0.017492611771782223,2026-08-31T19:40:47.559328+00:00,1806733
e6a,sin_gap,bbb,500,3,0,3000,0.82296969580832,0.664,-2.2614719850765335,0.497960871435683,0.13041528283274242,0.01780078407763601,2026-08-31T19:40:47.776538+00:00,1806733
e6a,sin_gap,bbb,500,4,0,4000,0.8282652235741778,0.664,-2.269132349397539,0.5042617107494123,0.13254255744439378,0.018388729217169334,2026-08-31T19:40:47.988660+00:00,1806733
e6a,sin_gap,bbb,500,5,0,5000,0.8295127928254995,0.665,-2.288159291976764,0.5020257139202657,0.13281022656237154,0.0185635321476205,2026-08-31T19:40:48.201835+00:00,1806733
e6a,sin_gap,bbb,500,6,0,6000,0.8276479509553089,0.664,-2.2635776972423574,0.5032664455992467,0.1324865059714178,0.01829238497308664,2026-08-31T19:40:48.417046+00:00,1806733
e6a,sin_gap,bbb,500,7,0,7000,0.8195796164117467,0.664,-2.248599924781998,0.49492386326395954,0.12870463257178005,0.01751018146903769,2026-08-31T19:40:48.634323+00:00,1806733
e6a,sin_gap,bbb,500,8,0,8000,0.8351597293187234,0.668,-2.1804635285829947,0.4979067108141627,0.13531678428719346,0.019158926202317864,2026-08-31T19:40:48.847264+00:00,1806733
e6a,sin_gap,bbb,500,9,0,9000,0.8302858777625197,0.664,-2.2457621533868,0.500581781923563,0.13352474318145272,0.018574729338273362,2026-08-31T19:40:49.059444+00:00,1806733
