dataset,dropout_p,split_index,epochs,rmse,ll,picp95,mpiw95,mean_var_aleatoric,mean_var_epistemic,timestamp,git_commit
yacht,0.005,0,2000,0.8936217466709313,-1.6778176660644928,1.0,7.140478840851244,1.8693246039996139,1.5023001246732133,2026-08-28T23:43:10.919985+00:00,1806733
yacht,0.005,1,2000,0.9219639754236564,-1.526533768521417,0.967741935483871,5.854470870119705,1.4355590267229397,0.8382621218988864,2026-08-28T23:43:10.969717+00:00,1806733
yacht,0.005,2,2000,0.5579988294174295,-1.4823725686494034,1.0,6.519644615247649,1.9635164384775121,0.8416003956504942,2026-08-28T23:43:21.748113+00:00,1806733
yacht,0.005,3,2000,1.0480821381661862,-1.6453287820897058,0.967741935483871,6.2413305372350125,1.572956449125919,1.0412639128185206,2026-08-28T23:43:21.843532+00:00,1806733
yacht,0.005,4,2000,1.246637651402856,-1.6844434382053541,0.967741935483871,6.237094071969944,1.7232076244373116,0.8430578154219196,2026-08-28T23:43:32.228297+00:00,1806733
yacht,0.005,5,2000,0.37996732975652964,-1.406260210399874,1.0,6.248071912736008,1.4877461330277877,1.1255033659339708,2026-08-28T23:43:32.858958+00:00,1806733
yacht,0.005,6,2000,0.40008317046566483,-1.5212129716804912,1.0,7.018443289769719,2.0918729450911666,1.1542526128103279,2026-08-28T23:43:43.690727+00:00,1806733
yacht,0.005,7,2000,1.6871088075715197,-2.0945700177927327,0.9354838709677419,6.151683064614796,1.5292566235426968,0.978368216826795,2026-08-28T23:43:44.344007+00:00,1806733
yacht,0.005,8,2000,0.38687649010535424,-1.452922572526453,1.0,6.5302278918434045,1.849957118794064,0.9814531873437052,2026-08-28T23:43:58.177256+00:00,1806733
yacht,0.005,9,2000,0.5108816758467541,-1.4314676049379307,1.0,6.266539844267941,1.4331022108875582,1.185517121637083,2026-08-28T23:43:59.560122+00:00,1806733
yacht,0.005,10,2000,1.1100860425775758,-1.6731433194293206,0.967741935483871,6.332839891407433,1.8999863970660724,0.7500780075186964,2026-08-28T23:44:10.878144+00:00,1806733
yacht,0.005,11,2000,1.163224002637516,-1.7094586325832053,0.9354838709677419,5.974122349850393,1.477528087077646,0.8994877715423102,2026-08-28T23:44:11.807428+00:00,1806733
yacht,0.005,12,2000,0.9653208803407629,-1.5829269868182936,0.967741935483871,6.164542198387457,1.4677356018964103,1.0673757602965162,2026-08-28T23:44:22.213520+00:00,1806733
yacht,0.005,13,2000,1.104737547315092,-1.6374421397247698,0.9354838709677419,5.898542241778523,1.481033776203644,0.8331371782075631,2026-08-28T23:44:23.316150+00:00,1806733
yacht,0.005,14,2000,1.0132152858318977,-1.5344941868103137,0.967741935483871,5.396493361132511,1.27520715757213,0.6492584520801334,2026-08-28T23:44:33.954070+00:00,1806733
yacht,0.005,15,2000,0.9986536625883687,-1.585619234588825,0.9354838709677419,5.407677918695062,1.2355088462868415,0.6989961759907369,2026-08-28T23:44:34.721278+00:00,1806733
yacht,0.005,16,2000,0.8572894690837405,-1.574781103514377,0.967741935483871,6.432106296652844,1.8062054282546356,0.9235217157028599,2026-08-28T23:44:45.712961+00:00,1806733
yacht,0.005,17,2000,0.9080111007867396,-1.5373145628720377,0.967741935483871,5.877973675797781,1.5175411690920297,0.7658920694852777,2026-08-28T23:44:46.496912+00:00,1806733
yacht,0.005,18,2000,1.3156906359260672,-1.8597643668970334,0.9354838709677419,6.0074432887289655,1.4443338698981214,0.9514556507077682,2026-08-28T23:44:58.320614+00:00,1806733
yacht,0.005,19,2000,1.5437543197045374,-2.0352525519029743,0.967741935483871,5.753832057075751,1.458506948784948,0.7326525503460927,2026-08-28T23:44:58.903565+00:00,1806733
yacht,0.01,0,2000,0.9197062959920875,-1.7513105881644357,1.0,7.843850962429677,2.1545462606953047,1.9122567231324692,2026-08-28T23:45:10.694398+00:00,1806733
yacht,0.01,1,2000,0.6846364882230552,-1.641403198377822,1.0,7.532969844137847,2.281010919422284,1.4531588913696283,2026-08-28T23:45:11.142031+00:00,1806733
yacht,0.01,2,2000,0.470866612369942,-1.617158772547815,1.0,7.693557131699384,2.483417207774532,1.4140843136904828,2026-08-28T23:45:22.626067+00:00,1806733
yacht,0.01,3,2000,1.2298399248957927,-1.8440073062025988,0.967741935483871,7.943089804125258,2.4308909022685588,1.7468576418507156,2026-08-28T23:45:23.137358+00:00,1806733
yacht,0.01,4,2000,1.0629655203330084,-1.7388272580184851,0.967741935483871,7.397578805998524,2.288724092514158,1.2969179263535089,2026-08-28T23:45:34.475685+00:00,1806733
yacht,0.01,5,2000,0.8587990935563188,-1.675204926950216,1.0,7.603501240407974,2.2908332144778534,1.5291950160301004,2026-08-28T23:45:34.951718+00:00,1806733
yacht,0.01,6,2000,0.556071155220604,-1.6952915922555245,1.0,8.292552211410449,2.6996118602415975,1.8455424270555905,2026-08-28T23:45:46.226413+00:00,1806733
yacht,0.01,7,2000,1.8645128666289068,-2.114003944472547,0.9354838709677419,7.790002419215193,2.313004022967062,1.6989532979694402,2026-08-28T23:45:46.677962+00:00,1806733
yacht,0.01,8,2000,0.5559858464823493,-1.666205413530933,1.0,8.064190552195509,2.6839441545648137,1.6207305267160081,2026-08-28T23:46:02.092564+00:00,1806733
yacht,0.01,9,2000,0.6970944957686283,-1.6574640454175513,1.0,7.724792537526971,2.128129132365852,1.8071988819666138,2026-08-28T23:46:02.791958+00:00,1806733
yacht,0.01,10,2000,0.9171837281907231,-1.7206382828863278,1.0,7.742269105847961,2.684054338693555,1.27128595167519,2026-08-28T23:46:16.252978+00:00,1806733
yacht,0.01,11,2000,1.2259544509837375,-1.8510393097510758,0.967741935483871,7.74723625234244,2.3413281019132386,1.6495696185076452,2026-08-28T23:46:16.822902+00:00,1806733
yacht,0.01,12,2000,0.8390733022939015,-1.6902266182155536,1.0,7.513462698836061,2.397765458977469,1.325521144489398,2026-08-28T23:46:30.466493+00:00,1806733
yacht,0.01,13,2000,1.190168716705177,-1.7766456685587406,0.967741935483871,7.186698270576094,2.0829446102411087,1.3318409127435336,2026-08-28T23:46:30.868929+00:00,1806733
yacht,0.01,14,2000,1.218449346490889,-1.739145907964788,0.967741935483871,6.760329014041232,1.9421857970449694,1.0569862111754789,2026-08-28T23:46:42.288625+00:00,1806733
yacht,0.01,15,2000,1.0407241677469188,-1.6934988245698255,0.9354838709677419,6.627035071500818,1.7882398186454955,1.1011025482533894,2026-08-28T23:46:42.736187+00:00,1806733
yacht,0.01,16,2000,1.0426758407746153,-1.7480545698796863,0.967741935483871,7.635668968519303,2.5004858195560877,1.3298394924833623,2026-08-28T23:46:50.911806+00:00,1806733
yacht,0.01,17,2000,1.0699952752026938,-1.7472559105789627,0.9354838709677419,7.427977789888994,2.2832281663243514,1.3392823766332744,2026-08-28T23:46:51.396397+00:00,1806733
yacht,0.01,18,2000,1.0831575135180824,-1.727731836013503,0.9354838709677419,7.093709366585541,2.1699422701570943,1.1410462984053007,2026-08-28T23:46:59.711171+00:00,1806733
yacht,0.01,19,2000,1.8031893515256758,-2.205935709574732,0.967741935483871,7.024642712490478,2.054784181316596,1.2097240108078227,2026-08-28T23:46:59.922521+00:00,1806733
yacht,0.05,0,2000,1.259569135438959,-2.1229719924629147,1.0,11.595183900361457,5.280217290643898,3.5378365550921793,2026-08-28T23:47:08.495227+00:00,1806733
yacht,0.05,1,2000,1.4458561701779744,-2.1354657103550667,1.0,11.571467423943426,5.154893057757482,3.6129046358450294,2026-08-28T23:47:08.521643+00:00,1806733
yacht,0.05,2,2000,1.2305641702163064,-2.083354746822326,1.0,11.320705047739349,5.019946089194769,3.3771344921811934,2026-08-28T23:47:16.583856+00:00,1806733
yacht,0.05,3,2000,1.9418337208018115,-2.259928493787351,1.0,11.713462850114892,5.730142786709187,3.284757630660607,2026-08-28T23:47:17.127943+00:00,1806733
yacht,0.05,4,2000,1.4412857224603748,-2.1451638273628792,0.967741935483871,11.389622463300563,4.997057798600914,3.502907578057168,2026-08-28T23:47:25.011057+00:00,1806733
yacht,0.05,5,2000,1.1067691219880404,-2.056091589367448,1.0,11.392358803374373,5.398257556843034,3.0922595873333094,2026-08-28T23:47:25.685007+00:00,1806733
yacht,0.05,6,2000,0.4472402998446566,-2.045781071958912,1.0,11.995558861338747,5.47043682879291,3.9501657853172936,2026-08-28T23:47:33.287278+00:00,1806733
yacht,0.05,7,2000,2.0913209029878543,-2.320374725202508,0.9354838709677419,11.583996386642255,5.158801887520737,3.658392755575417,2026-08-28T23:47:34.502701+00:00,1806733
yacht,0.05,8,2000,0.9067018310939688,-2.052216592824569,1.0,11.651735757932196,5.448487293698038,3.4749514081113433,2026-08-28T23:47:43.075142+00:00,1806733
yacht,0.05,9,2000,0.5923738746119168,-2.0552655173733787,1.0,11.924115763294873,5.438556953280843,3.8839047167770517,2026-08-28T23:47:44.635304+00:00,1806733
yacht,0.05,10,2000,1.596075933623218,-2.15432006288059,1.0,11.362386833408959,5.413819465296747,3.1020732788248786,2026-08-28T23:47:55.231128+00:00,1806733
yacht,0.05,11,2000,1.3214721094547863,-2.116100840612457,0.967741935483871,11.227025182240139,4.811896582448682,3.456237709831022,2026-08-28T23:47:56.675821+00:00,1806733
yacht,0.05,12,2000,1.5024964217040067,-2.170316157900111,0.967741935483871,11.620755486471227,5.405243896575923,3.4823843907727214,2026-08-28T23:48:07.159749+00:00,1806733
yacht,0.05,13,2000,1.2171650773063885,-2.116195099337481,0.967741935483871,11.596333318074983,5.384124772691891,3.471323874574127,2026-08-28T23:48:08.441960+00:00,1806733
yacht,0.05,14,2000,1.3916466201618085,-2.0940397544569924,0.967741935483871,10.998503206453693,4.945002694408672,2.998924558868645,2026-08-28T23:48:19.065761+00:00,1806733
yacht,0.05,15,2000,1.2260989002690024,-2.1045240672927794,1.0,11.303395881554241,5.034527289671764,3.3736942543740183,2026-08-28T23:48:20.242387+00:00,1806733
yacht,0.05,16,2000,1.3795139595635877,-2.128016018341967,0.967741935483871,11.404181664102603,4.98655728761432,3.557597865984278,2026-08-28T23:48:30.583839+00:00,1806733
yacht,0.05,17,2000,1.2330944403523993,-2.1154323425609327,1.0,11.60255709048871,5.282851025615216,3.5350577461485466,2026-08-28T23:48:31.927462+00:00,1806733
yacht,0.05,18,2000,1.6650591577613856,-2.176599359506044,0.967741935483871,11.264048987632684,5.093545247075433,3.264553819748495,2026-08-28T23:48:42.249317+00:00,1806733
yacht,0.05,19,2000,2.363095392163414,-2.408689520619304,0.967741935483871,10.445497547427252,4.241315361578825,2.959496060153664,2026-08-28T23:48:43.678967+00:00,1806733
yacht,0.1,0,2000,1.3889381212903749,-2.316863078406825,1.0,14.456731883794589,7.946488643835236,5.790537739774823,2026-08-28T23:48:53.947603+00:00,1806733
yacht,0.1,1,2000,1.6754166917095905,-2.363802775591316,1.0,14.686002078985343,8.241269109541355,5.903257319102938,2026-08-28T23:48:55.457328+00:00,1806733
yacht,0.1,2,2000,1.3646466780082764,-2.3025795685778863,1.0,14.381070738151559,7.913857258586741,5.644354577908568,2026-08-28T23:49:05.842780+00:00,1806733
yacht,0.1,3,2000,2.3666037511668123,-2.46513708930334,0.9354838709677419,14.32086694773698,8.59660124278419,4.890849502562059,2026-08-28T23:49:07.278826+00:00,1806733
yacht,0.1,4,2000,2.29395407764269,-2.4815786053778637,0.9354838709677419,14.359678914197893,7.8371788468034795,5.695554656905447,2026-08-28T23:49:17.567989+00:00,1806733
yacht,0.1,5,2000,0.8521375792260927,-2.2443258960979664,1.0,14.282899792421523,7.946046315737135,5.41806855978485,2026-08-28T23:49:18.802147+00:00,1806733
yacht,0.1,6,2000,0.5689674210483798,-2.2601658916616425,1.0,14.830942708960542,8.184683239008738,6.2119462249055415,2026-08-28T23:49:29.359831+00:00,1806733
yacht,0.1,7,2000,2.617223228079371,-2.5347905529784067,0.967741935483871,14.216240611266858,7.819624356568241,5.432751963347377,2026-08-28T23:49:30.630805+00:00,1806733
yacht,0.1,8,2000,1.3978871129206596,-2.259590460635881,1.0,13.791968539679033,7.621713205978569,4.897331950982095,2026-08-28T23:49:40.241864+00:00,1806733
yacht,0.1,9,2000,0.9762871273447301,-2.266346120339864,1.0,14.4771194872826,8.164979725839263,5.593372309660014,2026-08-28T23:49:41.409449+00:00,1806733
yacht,0.1,10,2000,2.1871627549803496,-2.3980885348495296,0.967741935483871,13.830886144298,8.058397312319379,4.558945069214359,2026-08-28T23:49:50.951902+00:00,1806733
yacht,0.1,11,2000,1.6917719297578069,-2.3604504030092057,0.967741935483871,14.274361134607231,7.828821716548715,5.5613238337707624,2026-08-28T23:49:51.944573+00:00,1806733
yacht,0.1,12,2000,1.8533267275564254,-2.3769030456328846,1.0,14.380534328997816,8.279173242743038,5.316805944983672,2026-08-28T23:50:01.698779+00:00,1806733
yacht,0.1,13,2000,1.4163609779856896,-2.2989694460372636,1.0,14.178630200551323,8.110903243105584,5.123146963238551,2026-08-28T23:50:02.771200+00:00,1806733
yacht,0.1,14,2000,1.9689923340714304,-2.3701752810856114,0.967741935483871,14.046108259861207,8.07524951950185,4.89683937007794,2026-08-28T23:50:12.407206+00:00,1806733
yacht,0.1,15,2000,1.433375882990595,-2.3122463131720017,1.0,14.101013836179707,7.642848584955915,5.461612267133944,2026-08-28T23:50:13.922828+00:00,1806733
yacht,0.1,16,2000,1.6348189955457573,-2.353671089605652,0.967741935483871,14.398288126208778,8.140419209060973,5.479496766836879,2026-08-28T23:50:22.821566+00:00,1806733
yacht,0.1,17,2000,1.6758456991281678,-2.35480506048684,0.967741935483871,14.23840162371626,7.6466406701771525,5.64197249414813,2026-08-28T23:50:24.467452+00:00,1806733
yacht,0.1,18,2000,1.7052270720929126,-2.3368679735370916,0.967741935483871,14.016912290625653,7.75189150769414,5.22648651027482,2026-08-28T23:50:33.589011+00:00,1806733
yacht,0.1,19,2000,2.8669494148189156,-2.5936626623351757,0.967741935483871,13.391441588820532,7.091064459646546,4.731860014190301,2026-08-28T23:50:35.441217+00:00,1806733
yacht,0.2,0,2000,1.9983340096753537,-2.587301135713611,0.967741935483871,18.68680694425056,13.283672993402252,9.633770236523947,2026-08-28T23:50:44.272799+00:00,1806733
yacht,0.2,1,2000,2.2916116284431967,-2.6355451938663497,1.0,19.173309980197867,13.779384282655133,10.375344166633209,2026-08-28T23:50:46.295401+00:00,1806733
yacht,0.2,2,2000,1.7454851966210574,-2.5634576313951163,1.0,18.65170098608962,13.291008215886606,9.534534192142354,2026-08-28T23:50:55.013884+00:00,1806733
yacht,0.2,3,2000,3.1562570701066575,-2.7351192083174984,0.9354838709677419,18.538549354034675,14.599171018689349,7.996352236076575,2026-08-28T23:50:57.297144+00:00,1806733
yacht,0.2,4,2000,3.042261581815713,-2.752361104994451,0.9354838709677419,19.066328427542935,14.25843248173432,9.578827866408504,2026-08-28T23:51:05.663112+00:00,1806733
yacht,0.2,5,2000,1.269797379076402,-2.507915947940455,1.0,18.420048065405382,13.205142302541821,9.053322681626772,2026-08-28T23:51:08.030959+00:00,1806733
yacht,0.2,6,2000,1.283449441961179,-2.5364628317510767,1.0,18.950451013844553,14.322918299069686,9.214155674560145,2026-08-28T23:51:16.334516+00:00,1806733
yacht,0.2,7,2000,3.1351309661184916,-2.757900351989747,0.967741935483871,18.597438968162965,13.679094703133934,9.012887882532448,2026-08-28T23:51:18.824762+00:00,1806733
yacht,0.2,8,2000,2.083749936450109,-2.56978866856213,1.0,18.389621439496146,13.807320524150365,8.426994108273467,2026-08-28T23:51:27.140386+00:00,1806733
yacht,0.2,9,2000,1.2447555340429777,-2.522034765940834,1.0,18.680836846874627,13.643699751462854,9.276857827239082,2026-08-28T23:51:29.608123+00:00,1806733
yacht,0.2,10,2000,2.648315831268475,-2.6271397474404417,0.967741935483871,17.85328784643857,13.706306346365666,7.277040938455284,2026-08-28T23:51:37.888545+00:00,1806733
yacht,0.2,11,2000,1.9748009765013717,-2.600471776857675,0.967741935483871,18.839599524162395,13.87636189178621,9.439943927081245,2026-08-28T23:51:40.693181+00:00,1806733
yacht,0.2,12,2000,2.6425858624011216,-2.665749082037982,0.967741935483871,18.618592337004475,14.17151920691756,8.629381245563271,2026-08-28T23:51:48.670778+00:00,1806733
yacht,0.2,13,2000,1.7976743919527423,-2.567065673954766,1.0,18.80615735016565,13.9196710026882,9.364379386138353,2026-08-28T23:51:51.557068+00:00,1806733
yacht,0.2,14,2000,2.655763137390377,-2.645819361862619,0.967741935483871,18.23238623338346,13.855832169826941,8.021587296849972,2026-08-28T23:51:59.310934+00:00,1806733
yacht,0.2,15,2000,2.069370488011552,-2.6013197032044246,1.0,18.463056504414688,13.15551648257239,9.299231154372553,2026-08-28T23:52:02.348026+00:00,1806733
yacht,0.2,16,2000,1.8858969506884924,-2.5876822325561246,1.0,18.7056004408791,13.49300287514816,9.504667743987932,2026-08-28T23:52:10.309507+00:00,1806733
yacht,0.2,17,2000,2.2612776799594987,-2.6333341570924076,0.967741935483871,18.761671846691783,13.098027430497641,10.006115315595657,2026-08-28T23:52:13.112474+00:00,1806733
yacht,0.2,18,2000,2.3637747311185167,-2.6111686081440904,0.967741935483871,18.05356352613229,13.10382135994629,8.410922274617192,2026-08-28T23:52:20.878693+00:00,1806733
yacht,0.2,19,2000,3.6789465997255135,-2.8352036906498004,0.967741935483871,17.353871234770974,12.063745449128541,7.786549853232545,2026-08-28T23:52:23.497647+00:00,1806733
energy,0.005,0,1000,0.4979877599454078,-0.8859899865928658,0.987012987012987,3.034833916779444,0.4041876138738719,0.1995576600551805,2026-08-28T23:53:17.180000+00:00,1806733
energy,0.005,1,1000,0.6595196962354343,-1.0363099633482327,0.974025974025974,3.168545147642796,0.440783354757325,0.21871298007411524,2026-08-28T23:53:17.216931+00:00,1806733
energy,0.005,2,1000,0.6507644580189356,-1.0577082112492664,0.974025974025974,3.2154423747647414,0.4790532992925286,0.19807783909391669,2026-08-28T23:53:28.282776+00:00,1806733
energy,0.005,3,1000,0.5157468098607207,-0.943919737439495,1.0,3.3456301725577267,0.48878570554548423,0.2484579928502749,2026-08-28T23:53:28.322922+00:00,1806733
energy,0.005,4,1000,0.665845798154732,-1.04530720700599,0.961038961038961,3.0304350278590118,0.4136820434981519,0.18746701266488688,2026-08-28T23:53:39.586584+00:00,1806733
energy,0.005,5,1000,0.528790670035553,-0.9294165886859468,0.987012987012987,3.201014149542256,0.4687806958193932,0.20307385102728423,2026-08-28T23:53:39.627962+00:00,1806733
energy,0.005,6,1000,0.602232207756223,-1.0018780976356405,0.987012987012987,3.270845432626204,0.46715046462364884,0.23912123159851406,2026-08-28T23:53:50.030172+00:00,1806733
energy,0.005,7,1000,0.5473997952815077,-0.9527239550739305,0.987012987012987,3.181130080004402,0.42384089380201134,0.2409760994488681,2026-08-28T23:53:50.819949+00:00,1806733
energy,0.005,8,1000,0.76168284312563,-1.1618314988026754,0.987012987012987,2.9752036941452227,0.40737704140274894,0.17128460909952012,2026-08-28T23:54:01.081444+00:00,1806733
energy,0.005,9,1000,0.5843930709020219,-0.9592761981660507,0.974025974025974,3.1400526613368465,0.45324892231807656,0.19154327044555194,2026-08-28T23:54:01.961830+00:00,1806733
energy,0.005,10,1000,0.5782156544433646,-0.9801039682936301,0.987012987012987,3.2415892334620997,0.49288245288458316,0.19399654535784844,2026-08-28T23:54:12.016213+00:00,1806733
energy,0.005,11,1000,0.5330832368132384,-0.9143548216095597,0.961038961038961,3.0777419277080096,0.43578143249872,0.1859831874186861,2026-08-28T23:54:13.041079+00:00,1806733
energy,0.005,12,1000,0.5916843446612964,-0.9726103425688992,0.974025974025974,3.0166150671903247,0.42399839461747985,0.1713386649964661,2026-08-28T23:54:23.054426+00:00,1806733
energy,0.005,13,1000,0.6636715610089697,-1.041355960352544,0.948051948051948,2.994695723763253,0.4204468421672833,0.16593690727399565,2026-08-28T23:54:24.320902+00:00,1806733
energy,0.005,14,1000,0.4661317682149839,-0.841551904087637,1.0,3.0120234037220115,0.4223833828810233,0.17111899085193352,2026-08-28T23:54:34.159606+00:00,1806733
energy,0.005,15,1000,0.45104299323483127,-0.8451569426512725,1.0,3.133060757964631,0.4257499316265771,0.21998375866384484,2026-08-28T23:54:35.764142+00:00,1806733
energy,0.005,16,1000,0.6508974686593353,-1.05683684579056,0.987012987012987,3.1613818247535126,0.47243422731044526,0.18349679489316179,2026-08-28T23:54:45.372808+00:00,1806733
energy,0.005,17,1000,0.5300446467346169,-0.9440883269780292,0.987012987012987,3.241788040022937,0.4822584707156768,0.20792984558566077,2026-08-28T23:54:46.876894+00:00,1806733
energy,0.005,18,1000,0.7172976182986535,-1.132698649180888,0.948051948051948,3.287353901512407,0.4671062387416475,0.2458743394559321,2026-08-28T23:54:56.637667+00:00,1806733
energy,0.005,19,1000,0.5846381756051952,-0.9558494455184993,0.974025974025974,3.0311556440005365,0.4288254531204251,0.17149776427809635,2026-08-28T23:54:58.089127+00:00,1806733
energy,0.01,0,1000,0.5062884727169329,-1.0197535317218154,1.0,3.749449051140944,0.5955853672560779,0.3239295159472157,2026-08-28T23:55:07.656689+00:00,1806733
energy,0.01,1,1000,0.6907881868447168,-1.1131510938394553,0.987012987012987,3.7085471803391994,0.5883196634406284,0.31095018373886996,2026-08-28T23:55:08.993878+00:00,1806733
energy,0.01,2,1000,0.6423153562211781,-1.1167535299234501,0.987012987012987,3.751305055222818,0.6034127917471679,0.3164238419760519,2026-08-28T23:55:18.944763+00:00,1806733
energy,0.01,3,1000,0.5477707390404878,-1.0857523864047443,1.0,4.016889016151323,0.6860804169701139,0.37272578696390063,2026-08-28T23:55:20.389897+00:00,1806733
energy,0.01,4,1000,0.6653423214263682,-1.1018388120436104,0.987012987012987,3.6368384838165304,0.5673857205832409,0.29765729399462365,2026-08-28T23:55:30.010601+00:00,1806733
energy,0.01,5,1000,0.5390335360446424,-1.0668055640003253,1.0,3.9173729750331843,0.6641003740108881,0.34012248534310435,2026-08-28T23:55:31.154025+00:00,1806733
energy,0.01,6,1000,0.6879787683211133,-1.169878234484682,0.974025974025974,3.9960009080825496,0.6819215044157383,0.3666007547659269,2026-08-28T23:55:41.071071+00:00,1806733
energy,0.01,7,1000,0.6387358572635433,-1.1481287234356539,0.987012987012987,4.03623677325773,0.6494033486778729,0.41963141199162673,2026-08-28T23:55:41.977647+00:00,1806733
energy,0.01,8,1000,0.8015272230346118,-1.2276128062645575,0.974025974025974,3.4886781003754197,0.5143437838014256,0.281623764610609,2026-08-28T23:55:52.263319+00:00,1806733
energy,0.01,9,1000,0.557204224133622,-1.0583477490229096,1.0,3.8073357522740485,0.6271840762957873,0.32044223716638465,2026-08-28T23:55:53.484369+00:00,1806733
energy,0.01,10,1000,0.622781908055159,-1.10937661476958,1.0,3.878203855127641,0.6462536126205161,0.3368963939543681,2026-08-28T23:56:03.175325+00:00,1806733
energy,0.01,11,1000,0.5629724063908274,-1.0467095912466495,0.987012987012987,3.7197424488380686,0.5925549684323715,0.3131343316603456,2026-08-28T23:56:04.692089+00:00,1806733
energy,0.01,12,1000,0.6594056173119359,-1.0901944478779018,0.987012987012987,3.6005644584493384,0.5610873839492283,0.2860615235350812,2026-08-28T23:56:14.564430+00:00,1806733
energy,0.01,13,1000,0.6379101349815893,-1.087830513376369,0.987012987012987,3.6517087635666696,0.5820958067360236,0.2892037874488403,2026-08-28T23:56:15.560370+00:00,1806733
energy,0.01,14,1000,0.49992878610904196,-0.9624796656583292,1.0,3.4955611358126952,0.5291640828010167,0.2694300994707087,2026-08-28T23:56:25.560146+00:00,1806733
energy,0.01,15,1000,0.5216229399938886,-1.0184344435396648,1.0,3.764179704788418,0.5871746829980147,0.3389361213892993,2026-08-28T23:56:26.715647+00:00,1806733
energy,0.01,16,1000,0.6419734285655239,-1.1415385742767052,0.987012987012987,4.019608523652382,0.696641446154698,0.36434186604464264,2026-08-28T23:56:36.630275+00:00,1806733
energy,0.01,17,1000,0.6368742540903917,-1.1301889659994586,1.0,3.936142819040783,0.6534596791737476,0.3617448345846444,2026-08-28T23:56:37.668083+00:00,1806733
energy,0.01,18,1000,0.756776267789628,-1.229864819978967,0.974025974025974,4.102947022851923,0.6743766689013287,0.43180477452749694,2026-08-28T23:56:47.831539+00:00,1806733
energy,0.01,19,1000,0.7062834150849394,-1.144660521132637,0.974025974025974,3.652191150116722,0.5680948088296015,0.30410552257811657,2026-08-28T23:56:48.698582+00:00,1806733
energy,0.05,0,1000,0.9515533338432569,-1.6553512882176684,1.0,7.125949130595352,2.160196638285104,1.1520025491449686,2026-08-28T23:56:59.015324+00:00,1806733
energy,0.05,1,1000,0.9911147251232019,-1.5694884314478936,0.987012987012987,6.159540435251275,1.55656347747015,0.917919378332924,2026-08-28T23:56:59.551826+00:00,1806733
energy,0.05,2,1000,0.7777752172482533,-1.4835313250707067,1.0,6.065599721667173,1.5589162416648459,0.83866784667897,2026-08-28T23:57:09.775439+00:00,1806733
energy,0.05,3,1000,0.924202605519062,-1.54756351540766,1.0,6.184983204498019,1.6086579980529103,0.8855455400504,2026-08-28T23:57:10.555425+00:00,1806733
energy,0.05,4,1000,0.8807091443422945,-1.5032880814613117,1.0,5.925475891431389,1.3635786708983004,0.9262690695372245,2026-08-28T23:57:20.710643+00:00,1806733
energy,0.05,5,1000,0.8244576133815636,-1.57301572479518,1.0,6.699523864955207,1.7958656856856356,1.1334701530276374,2026-08-28T23:57:21.579934+00:00,1806733
energy,0.05,6,1000,0.8283032573487727,-1.619833442112542,1.0,7.1416067026634,2.0975834491340355,1.2324018803128418,2026-08-28T23:57:32.029413+00:00,1806733
energy,0.05,7,1000,0.9495316048626745,-1.5926127999204962,1.0,6.550108998394239,1.85119521489708,0.9484072732390174,2026-08-28T23:57:32.830230+00:00,1806733
energy,0.05,8,1000,0.8755483216251573,-1.5367616167017963,0.987012987012987,6.270684155441003,1.7194785460669821,0.8442168450338412,2026-08-28T23:57:43.345619+00:00,1806733
energy,0.05,9,1000,0.9957232556871994,-1.6090282914428908,1.0,6.530671410242828,1.7464198144382133,1.0401470594355808,2026-08-28T23:57:44.051968+00:00,1806733
energy,0.05,10,1000,0.948812210291533,-1.5686100408755899,0.987012987012987,6.312994465774735,1.7106045149867382,0.8873151472465332,2026-08-28T23:57:54.169767+00:00,1806733
energy,0.05,11,1000,0.8374093975418624,-1.4996824133933002,1.0,6.046070024094317,1.4825510357728333,0.9025532706007946,2026-08-28T23:57:55.067192+00:00,1806733
energy,0.05,12,1000,1.0280127417427147,-1.5963728045146237,0.987012987012987,6.318897718840622,1.6215335860782154,0.9820735074918056,2026-08-28T23:58:05.282206+00:00,1806733
energy,0.05,13,1000,1.2293513758489267,-1.719447571306786,0.961038961038961,6.709748782181974,1.9332246169385674,1.004012828043117,2026-08-28T23:58:05.878588+00:00,1806733
energy,0.05,14,1000,1.0626640401656644,-1.616848212337093,1.0,6.36412326702482,1.7516986988218015,0.8912286826511737,2026-08-28T23:58:16.119293+00:00,1806733
energy,0.05,15,1000,0.8346366250056462,-1.5726208430574986,1.0,6.703601561166385,1.8866950048942828,1.045451200418736,2026-08-28T23:58:17.006592+00:00,1806733
energy,0.05,16,1000,1.0340459068241679,-1.6281042188067683,1.0,6.6422772212121055,1.8735897282868594,1.0071125845967486,2026-08-28T23:58:27.253399+00:00,1806733
energy,0.05,17,1000,0.8321017038022964,-1.5034824549664891,1.0,6.096214771751186,1.5128095305157745,0.9109080896825168,2026-08-28T23:58:28.136284+00:00,1806733
energy,0.05,18,1000,1.4107191544607083,-1.7830572537546199,0.987012987012987,6.3519646438294854,1.741937887579262,0.892228333523089,2026-08-28T23:58:38.947841+00:00,1806733
energy,0.05,19,1000,1.1062935185443088,-1.622522233213442,0.974025974025974,6.250074896240965,1.6327489544267786,0.9131725634859797,2026-08-28T23:58:39.840686+00:00,1806733
