dataset,split_index,dropout_p,tau,n_train,n_validation,epochs,validation_rmse,validation_ll,timestamp,git_commit
yacht,0,0.005,0.25,221,56,4000,0.5833915054789667,-1.6594858146855043,2026-08-30T23:12:28.115328+00:00,1806733
yacht,0,0.005,0.5,221,56,4000,0.5676624604466776,-1.3484374817840379,2026-08-30T23:12:28.148070+00:00,1806733
yacht,0,0.005,0.75,221,56,4000,0.5833981306281545,-1.1858262408789437,2026-08-30T23:12:28.180622+00:00,1806733
yacht,0,0.01,0.25,221,56,4000,0.7006293991157027,-1.6755702322627315,2026-08-30T23:12:28.214897+00:00,1806733
yacht,0,0.01,0.5,221,56,4000,0.6837446944418926,-1.3719132937865663,2026-08-30T23:12:28.240623+00:00,1806733
yacht,0,0.01,0.75,221,56,4000,0.6996500261136697,-1.213919031702344,2026-08-30T23:12:28.272775+00:00,1806733
yacht,0,0.05,0.25,221,56,4000,1.4271873708389717,-1.8102779845216708,2026-08-30T23:12:28.300586+00:00,1806733
yacht,0,0.05,0.5,221,56,4000,1.4222531823151965,-1.594514595624689,2026-08-30T23:12:28.328599+00:00,1806733
yacht,0,0.05,0.75,221,56,4000,1.4175466019812473,-1.501856769913529,2026-08-30T23:12:28.356053+00:00,1806733
yacht,0,0.1,0.25,221,56,4000,2.2248958314710676,-1.9959230518063762,2026-08-30T23:12:28.383548+00:00,1806733
yacht,0,0.1,0.5,221,56,4000,2.2230323212678007,-1.8823375920390895,2026-08-30T23:12:28.410890+00:00,1806733
yacht,0,0.1,0.75,221,56,4000,2.2248610189386837,-1.8723960296394773,2026-08-30T23:12:28.438017+00:00,1806733
yacht,1,0.005,0.25,221,56,4000,0.5814226803886156,-1.670944180286886,2026-08-30T23:12:29.978943+00:00,1806733
yacht,1,0.005,0.5,221,56,4000,0.5762630274692453,-1.3726014543051928,2026-08-30T23:12:30.010601+00:00,1806733
yacht,1,0.005,0.75,221,56,4000,0.5932383918978463,-1.2197979350457953,2026-08-30T23:12:30.042086+00:00,1806733
yacht,1,0.01,0.25,221,56,4000,0.6073168801553162,-1.6834454744047795,2026-08-30T23:12:30.074805+00:00,1806733
yacht,1,0.01,0.5,221,56,4000,0.6102905575198508,-1.3929902283524498,2026-08-30T23:12:30.108951+00:00,1806733
yacht,1,0.01,0.75,221,56,4000,0.5988846126005568,-1.239060851104996,2026-08-30T23:12:30.147137+00:00,1806733
yacht,1,0.05,0.25,221,56,4000,1.1195000520691227,-1.8163600163530094,2026-08-30T23:12:30.187414+00:00,1806733
yacht,1,0.05,0.5,221,56,4000,1.1695120898306643,-1.6132345805998989,2026-08-30T23:12:30.225292+00:00,1806733
yacht,1,0.05,0.75,221,56,4000,1.183618473440066,-1.5263490824404735,2026-08-30T23:12:30.270083+00:00,1806733
yacht,1,0.1,0.25,221,56,4000,1.8168759679046962,-2.0086836327291158,2026-08-30T23:12:30.311769+00:00,1806733
yacht,1,0.1,0.5,221,56,4000,1.8131769579504253,-1.8863269945992382,2026-08-30T23:12:30.347998+00:00,1806733
yacht,1,0.1,0.75,221,56,4000,1.8136275562072715,-1.86619408765144,2026-08-30T23:12:30.390508+00:00,1806733
yacht,2,0.005,0.25,221,56,4000,1.251266157173541,-1.7887874320897907,2026-08-30T23:12:30.484453+00:00,1806733
yacht,2,0.005,0.5,221,56,4000,1.258969228844984,-1.5344142201995308,2026-08-30T23:12:30.531784+00:00,1806733
yacht,2,0.005,0.75,221,56,4000,1.2491104677953917,-1.3932859765869903,2026-08-30T23:12:30.576340+00:00,1806733
yacht,2,0.01,0.25,221,56,4000,1.4175227364974161,-1.8137919864949477,2026-08-30T23:12:30.611538+00:00,1806733
yacht,2,0.01,0.5,221,56,4000,1.4118720360761874,-1.5718380848516247,2026-08-30T23:12:30.651652+00:00,1806733
yacht,2,0.01,0.75,221,56,4000,1.4039002718134235,-1.450284635595141,2026-08-30T23:12:30.694227+00:00,1806733
yacht,2,0.05,0.25,221,56,4000,1.9118779436722801,-1.9117183874902466,2026-08-30T23:12:30.733183+00:00,1806733
yacht,2,0.05,0.5,221,56,4000,1.913881861476639,-1.7330528594327814,2026-08-30T23:12:30.772630+00:00,1806733
yacht,2,0.05,0.75,221,56,4000,1.898099789194706,-1.6630977547297712,2026-08-30T23:12:30.803823+00:00,1806733
yacht,2,0.1,0.25,221,56,4000,2.6520228920804985,-2.098266801304732,2026-08-30T23:12:30.836938+00:00,1806733
yacht,2,0.1,0.5,221,56,4000,2.6163514295120973,-2.0061971323870345,2026-08-30T23:12:30.874570+00:00,1806733
yacht,2,0.1,0.75,221,56,4000,2.627294604792325,-2.029741678018119,2026-08-30T23:12:30.909242+00:00,1806733
yacht,3,0.005,0.25,221,56,4000,0.6487944792265254,-1.680783898701609,2026-08-30T23:12:33.111139+00:00,1806733
yacht,3,0.005,0.5,221,56,4000,0.6500880475394115,-1.392134603269508,2026-08-30T23:12:33.142064+00:00,1806733
yacht,3,0.005,0.75,221,56,4000,0.5816390236892551,-1.213613226516959,2026-08-30T23:12:33.175511+00:00,1806733
yacht,3,0.01,0.25,221,56,4000,0.6323913230864018,-1.6865959328913491,2026-08-30T23:12:33.209057+00:00,1806733
yacht,3,0.01,0.5,221,56,4000,0.6160507791115867,-1.3951527371252506,2026-08-30T23:12:33.241231+00:00,1806733
yacht,3,0.01,0.75,221,56,4000,0.6536167708093004,-1.251871573176304,2026-08-30T23:12:33.277982+00:00,1806733
yacht,3,0.05,0.25,221,56,4000,1.260457549075384,-1.8492483587474347,2026-08-30T23:12:33.310788+00:00,1806733
yacht,3,0.05,0.5,221,56,4000,1.248898992702001,-1.6575858717131116,2026-08-30T23:12:33.343049+00:00,1806733
yacht,3,0.05,0.75,221,56,4000,1.250721634652045,-1.6068346479473679,2026-08-30T23:12:33.373864+00:00,1806733
yacht,3,0.1,0.25,221,56,4000,2.1060742475881375,-2.1142353661920437,2026-08-30T23:12:33.403908+00:00,1806733
yacht,3,0.1,0.5,221,56,4000,2.1055148067500347,-2.094448955474019,2026-08-30T23:12:33.434212+00:00,1806733
yacht,3,0.1,0.75,221,56,4000,2.108671293571733,-2.158734075128475,2026-08-30T23:12:33.465158+00:00,1806733
yacht,4,0.005,0.25,221,56,4000,0.8158540362381566,-1.69705359311527,2026-08-30T23:12:33.526361+00:00,1806733
yacht,4,0.005,0.5,221,56,4000,0.8060022732666532,-1.4209221696061702,2026-08-30T23:12:33.553517+00:00,1806733
yacht,4,0.005,0.75,221,56,4000,0.8059816861790745,-1.2867020158296378,2026-08-30T23:12:33.577085+00:00,1806733
yacht,4,0.01,0.25,221,56,4000,0.7651630152396632,-1.694136144679991,2026-08-30T23:12:33.601084+00:00,1806733
yacht,4,0.01,0.5,221,56,4000,0.7567939489316444,-1.3995545127133162,2026-08-30T23:12:33.624988+00:00,1806733
yacht,4,0.01,0.75,221,56,4000,0.762457939255542,-1.239870733503469,2026-08-30T23:12:33.650713+00:00,1806733
yacht,4,0.05,0.25,221,56,4000,1.2497685909039877,-1.838429301318116,2026-08-30T23:12:33.675663+00:00,1806733
yacht,4,0.05,0.5,221,56,4000,1.238273173257519,-1.6303176024475816,2026-08-30T23:12:33.699149+00:00,1806733
yacht,4,0.05,0.75,221,56,4000,1.2420671674571981,-1.538917296602388,2026-08-30T23:12:33.722175+00:00,1806733
yacht,4,0.1,0.25,221,56,4000,2.192089010853379,-2.0106939503429198,2026-08-30T23:12:33.746865+00:00,1806733
yacht,4,0.1,0.5,221,56,4000,2.181877590607715,-1.885367954813103,2026-08-30T23:12:33.773116+00:00,1806733
yacht,4,0.1,0.75,221,56,4000,2.181817187536138,-1.847236322174583,2026-08-30T23:12:33.798972+00:00,1806733
yacht,5,0.005,0.25,221,56,4000,0.6713764031695105,-1.676530094581997,2026-08-30T23:12:33.852263+00:00,1806733
yacht,5,0.005,0.5,221,56,4000,0.7784929072650241,-1.419473405371587,2026-08-30T23:12:33.878836+00:00,1806733
yacht,5,0.005,0.75,221,56,4000,0.779116792950174,-1.2812021727531169,2026-08-30T23:12:33.905672+00:00,1806733
yacht,5,0.01,0.25,221,56,4000,0.7528657454659814,-1.6996942512217725,2026-08-30T23:12:33.934509+00:00,1806733
yacht,5,0.01,0.5,221,56,4000,0.7358786554233554,-1.4121530781564293,2026-08-30T23:12:33.961317+00:00,1806733
yacht,5,0.01,0.75,221,56,4000,0.7423252080864592,-1.2733159854144915,2026-08-30T23:12:33.986611+00:00,1806733
yacht,5,0.05,0.25,221,56,4000,1.2308980918332733,-1.8821671310495023,2026-08-30T23:12:34.012290+00:00,1806733
yacht,5,0.05,0.5,221,56,4000,1.22578031235776,-1.7015351906755671,2026-08-30T23:12:34.036499+00:00,1806733
yacht,5,0.05,0.75,221,56,4000,1.2393772109668275,-1.6265007329730083,2026-08-30T23:12:34.059128+00:00,1806733
yacht,5,0.1,0.25,221,56,4000,2.440655484018419,-2.0721180428015504,2026-08-30T23:12:34.085368+00:00,1806733
yacht,5,0.1,0.5,221,56,4000,2.4314778745342944,-1.9973609217458568,2026-08-30T23:12:34.112052+00:00,1806733
yacht,5,0.1,0.75,221,56,4000,2.434027392884437,-2.0185001743467295,2026-08-30T23:12:34.137138+00:00,1806733
yacht,6,0.005,0.25,221,56,4000,0.7490964013875475,-1.6911233376242667,2026-08-30T23:12:34.192409+00:00,1806733
yacht,6,0.005,0.5,221,56,4000,0.7281237945300355,-1.4070031343933653,2026-08-30T23:12:34.218819+00:00,1806733
yacht,6,0.005,0.75,221,56,4000,0.7647053313704859,-1.2853766097456365,2026-08-30T23:12:34.246765+00:00,1806733
yacht,6,0.01,0.25,221,56,4000,0.7094759217508448,-1.6996741055851932,2026-08-30T23:12:34.271538+00:00,1806733
yacht,6,0.01,0.5,221,56,4000,0.7057684460674538,-1.423363769816518,2026-08-30T23:12:34.297376+00:00,1806733
yacht,6,0.01,0.75,221,56,4000,0.7048613583465351,-1.2842252506485061,2026-08-30T23:12:34.323861+00:00,1806733
yacht,6,0.05,0.25,221,56,4000,1.4654690613588681,-1.8840529538714503,2026-08-30T23:12:34.348020+00:00,1806733
yacht,6,0.05,0.5,221,56,4000,1.46262964807307,-1.7221071524948595,2026-08-30T23:12:34.375243+00:00,1806733
yacht,6,0.05,0.75,221,56,4000,1.46261938914218,-1.671657781506673,2026-08-30T23:12:34.401684+00:00,1806733
yacht,6,0.1,0.25,221,56,4000,2.3663662260476497,-2.1349982516152877,2026-08-30T23:12:34.426548+00:00,1806733
yacht,6,0.1,0.5,221,56,4000,2.3625327743253655,-2.1101330241316476,2026-08-30T23:12:34.453562+00:00,1806733
yacht,6,0.1,0.75,221,56,4000,2.36565506377191,-2.1630369333861807,2026-08-30T23:12:34.485720+00:00,1806733
yacht,7,0.005,0.25,221,56,4000,0.942446127210808,-1.718788699254483,2026-08-30T23:12:34.544865+00:00,1806733
yacht,7,0.005,0.5,221,56,4000,0.9439155781432014,-1.466107741280817,2026-08-30T23:12:34.573221+00:00,1806733
yacht,7,0.005,0.75,221,56,4000,0.8864149028631169,-1.3169368579451177,2026-08-30T23:12:34.602110+00:00,1806733
yacht,7,0.01,0.25,221,56,4000,1.1612320218347085,-1.7605145085593574,2026-08-30T23:12:34.651069+00:00,1806733
yacht,7,0.01,0.5,221,56,4000,1.1969896998371292,-1.5564187787148682,2026-08-30T23:12:34.682099+00:00,1806733
yacht,7,0.01,0.75,221,56,4000,1.2107332040816434,-1.4831488585496664,2026-08-30T23:12:34.714035+00:00,1806733
yacht,7,0.05,0.25,221,56,4000,1.6125020098375922,-1.8703398306675065,2026-08-30T23:12:34.739613+00:00,1806733
yacht,7,0.05,0.5,221,56,4000,1.6082725755985905,-1.6944633526829789,2026-08-30T23:12:34.765844+00:00,1806733
yacht,7,0.05,0.75,221,56,4000,1.6078206620517304,-1.6355157181329898,2026-08-30T23:12:34.792144+00:00,1806733
yacht,7,0.1,0.25,221,56,4000,2.4444369648474717,-2.127374135419115,2026-08-30T23:12:34.819114+00:00,1806733
yacht,7,0.1,0.5,221,56,4000,2.43363837617933,-2.0790803872606674,2026-08-30T23:12:34.843247+00:00,1806733
yacht,7,0.1,0.75,221,56,4000,2.440085158334494,-2.127669463948279,2026-08-30T23:12:34.868116+00:00,1806733
yacht,8,0.005,0.25,221,56,4000,0.7899334587639395,-1.7037845324379433,2026-08-30T23:17:11.616408+00:00,1806733
yacht,8,0.005,0.5,221,56,4000,0.788724229865428,-1.437933927028318,2026-08-30T23:17:11.642700+00:00,1806733
yacht,8,0.005,0.75,221,56,4000,0.7895436682330661,-1.311992587303709,2026-08-30T23:17:11.670449+00:00,1806733
yacht,8,0.01,0.25,221,56,4000,0.7861947279886057,-1.705685550320298,2026-08-30T23:17:11.700849+00:00,1806733
yacht,8,0.01,0.5,221,56,4000,0.7704090823634077,-1.4297300642454946,2026-08-30T23:17:11.731193+00:00,1806733
yacht,8,0.01,0.75,221,56,4000,0.7736448584554748,-1.2942050782738745,2026-08-30T23:17:11.760959+00:00,1806733
yacht,8,0.05,0.25,221,56,4000,1.5120652554652607,-1.8408301224998205,2026-08-30T23:17:11.787941+00:00,1806733
yacht,8,0.05,0.5,221,56,4000,1.5074055256551102,-1.6398005692311577,2026-08-30T23:17:11.814801+00:00,1806733
yacht,8,0.05,0.75,221,56,4000,1.5079016102766003,-1.5594400453401338,2026-08-30T23:17:11.842627+00:00,1806733
yacht,8,0.1,0.25,221,56,4000,2.465908864926369,-2.026963171625818,2026-08-30T23:17:11.875883+00:00,1806733
yacht,8,0.1,0.5,221,56,4000,2.4701960780294194,-1.9108543316214346,2026-08-30T23:17:11.909313+00:00,1806733
yacht,8,0.1,0.75,221,56,4000,2.442178529034552,-1.882342019563882,2026-08-30T23:17:11.938945+00:00,1806733
yacht,9,0.005,0.25,221,56,4000,0.7117523573429109,-1.690912088075376,2026-08-30T23:17:11.997987+00:00,1806733
yacht,9,0.005,0.5,221,56,4000,0.7115255113923485,-1.4006513478714069,2026-08-30T23:17:12.028124+00:00,1806733
yacht,9,0.005,0.75,221,56,4000,0.7106916693454625,-1.239204127162688,2026-08-30T23:17:12.055766+00:00,1806733
yacht,9,0.01,0.25,221,56,4000,0.8344970354323576,-1.7193057708758985,2026-08-30T23:17:12.082787+00:00,1806733
yacht,9,0.01,0.5,221,56,4000,0.7597910546598732,-1.4131468358633736,2026-08-30T23:17:12.109582+00:00,1806733
yacht,9,0.01,0.75,221,56,4000,0.8480158213013728,-1.2980108818095963,2026-08-30T23:17:12.139629+00:00,1806733
yacht,9,0.05,0.25,221,56,4000,1.1141693017782504,-1.8332742122368149,2026-08-30T23:17:12.171486+00:00,1806733
yacht,9,0.05,0.5,221,56,4000,1.1210889157541157,-1.6108377241485758,2026-08-30T23:17:12.206096+00:00,1806733
yacht,9,0.05,0.75,221,56,4000,1.1159783533152199,-1.5258697440245546,2026-08-30T23:17:12.239222+00:00,1806733
yacht,9,0.1,0.25,221,56,4000,2.040080316720853,-2.0151969633689686,2026-08-30T23:17:12.267535+00:00,1806733
yacht,9,0.1,0.5,221,56,4000,2.031526175366838,-1.8776714022810885,2026-08-30T23:17:12.295281+00:00,1806733
yacht,9,0.1,0.75,221,56,4000,2.025953117717205,-1.839711379991901,2026-08-30T23:17:12.323479+00:00,1806733
yacht,10,0.005,0.25,221,56,4000,1.0064300306196434,-1.7314019432381669,2026-08-30T23:17:12.380154+00:00,1806733
yacht,10,0.005,0.5,221,56,4000,0.9997819885574216,-1.4897673515599312,2026-08-30T23:17:12.408311+00:00,1806733
yacht,10,0.005,0.75,221,56,4000,1.0294348609731758,-1.409407767527028,2026-08-30T23:17:12.440501+00:00,1806733
yacht,10,0.01,0.25,221,56,4000,0.9792115061123453,-1.7224647692977724,2026-08-30T23:17:12.469242+00:00,1806733
yacht,10,0.01,0.5,221,56,4000,0.9683237415313921,-1.4614791650331955,2026-08-30T23:17:12.497071+00:00,1806733
yacht,10,0.01,0.75,221,56,4000,0.9767559296490707,-1.3448081164980725,2026-08-30T23:17:12.524065+00:00,1806733
yacht,10,0.05,0.25,221,56,4000,1.3128583917683387,-1.7981944965183956,2026-08-30T23:17:12.551835+00:00,1806733
yacht,10,0.05,0.5,221,56,4000,1.3301481275424119,-1.5489664614554088,2026-08-30T23:17:12.584960+00:00,1806733
yacht,10,0.05,0.75,221,56,4000,1.2832603867264407,-1.43509824443796,2026-08-30T23:17:12.611850+00:00,1806733
yacht,10,0.1,0.25,221,56,4000,2.2173703785416694,-1.946245317592965,2026-08-30T23:17:12.641261+00:00,1806733
yacht,10,0.1,0.5,221,56,4000,2.2090884114398976,-1.7619288046746828,2026-08-30T23:17:12.671830+00:00,1806733
yacht,10,0.1,0.75,221,56,4000,2.216023517645026,-1.6909466676681322,2026-08-30T23:17:12.703427+00:00,1806733
yacht,11,0.005,0.25,221,56,4000,0.5499227576174293,-1.6581277603832272,2026-08-30T23:17:12.760158+00:00,1806733
yacht,11,0.005,0.5,221,56,4000,0.5588977858223303,-1.3490330884452095,2026-08-30T23:17:12.789350+00:00,1806733
yacht,11,0.005,0.75,221,56,4000,0.560120253619524,-1.1810488098671403,2026-08-30T23:17:12.815689+00:00,1806733
yacht,11,0.01,0.25,221,56,4000,0.7555294805150538,-1.6946296325463044,2026-08-30T23:17:12.842330+00:00,1806733
yacht,11,0.01,0.5,221,56,4000,0.744826231144054,-1.409401742097521,2026-08-30T23:17:12.870436+00:00,1806733
yacht,11,0.01,0.75,221,56,4000,0.7545510530402098,-1.2648388653666962,2026-08-30T23:17:12.910555+00:00,1806733
yacht,11,0.05,0.25,221,56,4000,1.4360433936891528,-1.8527587056351307,2026-08-30T23:17:12.937563+00:00,1806733
yacht,11,0.05,0.5,221,56,4000,1.431907073932658,-1.6532385232545845,2026-08-30T23:17:12.971552+00:00,1806733
yacht,11,0.05,0.75,221,56,4000,1.4338472967112892,-1.573548281317741,2026-08-30T23:17:13.010131+00:00,1806733
yacht,11,0.1,0.25,221,56,4000,2.367499616500101,-2.0249528282324376,2026-08-30T23:17:13.041354+00:00,1806733
yacht,11,0.1,0.5,221,56,4000,2.371962888169473,-1.893206270988981,2026-08-30T23:17:13.069553+00:00,1806733
yacht,11,0.1,0.75,221,56,4000,2.369054390968701,-1.8511076686390813,2026-08-30T23:17:13.095406+00:00,1806733
yacht,12,0.005,0.25,221,56,4000,0.6872249450951325,-1.6894040510496542,2026-08-30T23:17:17.955128+00:00,1806733
yacht,12,0.005,0.5,221,56,4000,0.7105237559836549,-1.4177134560722853,2026-08-30T23:17:17.994775+00:00,1806733
yacht,12,0.005,0.75,221,56,4000,0.689362024816286,-1.2667700231347925,2026-08-30T23:17:18.029979+00:00,1806733
yacht,12,0.01,0.25,221,56,4000,0.7187555434619448,-1.704522053236083,2026-08-30T23:17:18.062176+00:00,1806733
yacht,12,0.01,0.5,221,56,4000,0.776898953887241,-1.4503423965999953,2026-08-30T23:17:18.097416+00:00,1806733
yacht,12,0.01,0.75,221,56,4000,0.7738812960182827,-1.3162202705151824,2026-08-30T23:17:18.137331+00:00,1806733
yacht,12,0.05,0.25,221,56,4000,1.3112409172537784,-1.86666010833099,2026-08-30T23:17:18.174950+00:00,1806733
yacht,12,0.05,0.5,221,56,4000,1.332855497163614,-1.6867011900322442,2026-08-30T23:17:18.211216+00:00,1806733
yacht,12,0.05,0.75,221,56,4000,1.328560436700149,-1.6254321929950422,2026-08-30T23:17:18.245885+00:00,1806733
yacht,12,0.1,0.25,221,56,4000,2.1379938151829134,-2.0358710340868,2026-08-30T23:17:18.283479+00:00,1806733
yacht,12,0.1,0.5,221,56,4000,2.136321162476065,-1.9423197863414292,2026-08-30T23:17:18.319135+00:00,1806733
yacht,12,0.1,0.75,221,56,4000,2.135223576657776,-1.9468680397740914,2026-08-30T23:17:18.362306+00:00,1806733
yacht,13,0.005,0.25,221,56,4000,0.8201812036838593,-1.7067101472158117,2026-08-30T23:17:18.444199+00:00,1806733
yacht,13,0.005,0.5,221,56,4000,0.900902188457708,-1.4665822992099247,2026-08-30T23:17:18.481974+00:00,1806733
yacht,13,0.005,0.75,221,56,4000,0.8974529135577056,-1.3475384991317543,2026-08-30T23:17:18.525655+00:00,1806733
yacht,13,0.01,0.25,221,56,4000,0.6806479794905279,-1.694755434823687,2026-08-30T23:17:18.561179+00:00,1806733
yacht,13,0.01,0.5,221,56,4000,0.6751006971043544,-1.4111304379902834,2026-08-30T23:17:18.594932+00:00,1806733
yacht,13,0.01,0.75,221,56,4000,0.681217440903724,-1.2697401833698245,2026-08-30T23:17:18.626649+00:00,1806733
yacht,13,0.05,0.25,221,56,4000,1.641876057256889,-1.8780558861439138,2026-08-30T23:17:18.662921+00:00,1806733
yacht,13,0.05,0.5,221,56,4000,1.6503704268389217,-1.672817035375815,2026-08-30T23:17:18.696217+00:00,1806733
yacht,13,0.05,0.75,221,56,4000,1.646825995517562,-1.589419164308877,2026-08-30T23:17:18.723713+00:00,1806733
yacht,13,0.1,0.25,221,56,4000,2.6469899850719814,-2.0531851930663034,2026-08-30T23:17:18.755777+00:00,1806733
yacht,13,0.1,0.5,221,56,4000,2.648054281325735,-1.943369971529893,2026-08-30T23:17:18.787417+00:00,1806733
yacht,13,0.1,0.75,221,56,4000,2.65108333624818,-1.9248204524762402,2026-08-30T23:17:18.825970+00:00,1806733
yacht,14,0.005,0.25,221,56,4000,0.8721019777725223,-1.7089962196103257,2026-08-30T23:17:18.890862+00:00,1806733
yacht,14,0.005,0.5,221,56,4000,0.9131963487482209,-1.4222279554532296,2026-08-30T23:17:18.930019+00:00,1806733
yacht,14,0.005,0.75,221,56,4000,0.8623506226028487,-1.2470954292997618,2026-08-30T23:17:18.961753+00:00,1806733
yacht,14,0.01,0.25,221,56,4000,0.9143916127162953,-1.7162915434599888,2026-08-30T23:17:18.999020+00:00,1806733
yacht,14,0.01,0.5,221,56,4000,0.9178098757969434,-1.4393021215760453,2026-08-30T23:17:19.033515+00:00,1806733
yacht,14,0.01,0.75,221,56,4000,0.9172872502321389,-1.2842525024274771,2026-08-30T23:17:19.073800+00:00,1806733
yacht,14,0.05,0.25,221,56,4000,1.5234902376426973,-1.8746561697153201,2026-08-30T23:17:19.107002+00:00,1806733
yacht,14,0.05,0.5,221,56,4000,1.5160067178737542,-1.7148785377837368,2026-08-30T23:17:19.138458+00:00,1806733
yacht,14,0.05,0.75,221,56,4000,1.5136869732682556,-1.6740808829072442,2026-08-30T23:17:19.169930+00:00,1806733
yacht,14,0.1,0.25,221,56,4000,2.273909178335176,-2.0569272895171564,2026-08-30T23:17:19.204619+00:00,1806733
yacht,14,0.1,0.5,221,56,4000,2.273734963556241,-1.9985840071456882,2026-08-30T23:17:19.242294+00:00,1806733
yacht,14,0.1,0.75,221,56,4000,2.2749783204835015,-2.028159843200335,2026-08-30T23:17:19.277869+00:00,1806733
yacht,15,0.005,0.25,221,56,4000,0.5821196313271889,-1.6725952740229282,2026-08-30T23:17:22.224900+00:00,1806733
yacht,15,0.005,0.5,221,56,4000,0.5805672816053942,-1.3784408744853747,2026-08-30T23:17:22.261887+00:00,1806733
yacht,15,0.005,0.75,221,56,4000,0.5819502188320516,-1.2258847034725828,2026-08-30T23:17:22.300378+00:00,1806733
yacht,15,0.01,0.25,221,56,4000,0.6354824761070862,-1.694549016670168,2026-08-30T23:17:22.337576+00:00,1806733
yacht,15,0.01,0.5,221,56,4000,0.6418654781783428,-1.4191663448718184,2026-08-30T23:17:22.368542+00:00,1806733
yacht,15,0.01,0.75,221,56,4000,0.6370039700518031,-1.2779453324647367,2026-08-30T23:17:22.398886+00:00,1806733
yacht,15,0.05,0.25,221,56,4000,1.2014235949019065,-1.842556953114478,2026-08-30T23:17:22.427286+00:00,1806733
yacht,15,0.05,0.5,221,56,4000,1.2044151155586063,-1.654058554496249,2026-08-30T23:17:22.456135+00:00,1806733
yacht,15,0.05,0.75,221,56,4000,1.1891606309844218,-1.577367826566993,2026-08-30T23:17:22.497835+00:00,1806733
yacht,15,0.1,0.25,221,56,4000,1.9980942951353555,-2.061276896731377,2026-08-30T23:17:22.526697+00:00,1806733
yacht,15,0.1,0.5,221,56,4000,1.9745175583954213,-1.999428939393359,2026-08-30T23:17:22.555005+00:00,1806733
yacht,15,0.1,0.75,221,56,4000,1.9836189945615093,-2.026811936505809,2026-08-30T23:17:22.585643+00:00,1806733
yacht,16,0.005,0.25,221,56,4000,0.6347035272280169,-1.6687597758875394,2026-08-30T23:22:10.254761+00:00,1806733
yacht,16,0.005,0.5,221,56,4000,0.6213203626822887,-1.3702590278370097,2026-08-30T23:22:10.282895+00:00,1806733
yacht,16,0.005,0.75,221,56,4000,0.6228758180458345,-1.2132206717585052,2026-08-30T23:22:10.311965+00:00,1806733
yacht,16,0.01,0.25,221,56,4000,0.6529669271686336,-1.6785142792569747,2026-08-30T23:22:10.338322+00:00,1806733
yacht,16,0.01,0.5,221,56,4000,0.6377083564013173,-1.3843164171644944,2026-08-30T23:22:10.364775+00:00,1806733
yacht,16,0.01,0.75,221,56,4000,0.6367280207304428,-1.2319276177753802,2026-08-30T23:22:10.393016+00:00,1806733
yacht,16,0.05,0.25,221,56,4000,1.1842308196729223,-1.7984037648981765,2026-08-30T23:22:10.419760+00:00,1806733
yacht,16,0.05,0.5,221,56,4000,1.1858585127528611,-1.5745055558565981,2026-08-30T23:22:10.445864+00:00,1806733
yacht,16,0.05,0.75,221,56,4000,1.1652741677490974,-1.4731862409246932,2026-08-30T23:22:10.471625+00:00,1806733
yacht,16,0.1,0.25,221,56,4000,2.001327871264136,-2.0176601379575416,2026-08-30T23:22:10.499785+00:00,1806733
yacht,16,0.1,0.5,221,56,4000,2.0003621145526442,-1.925070317011483,2026-08-30T23:22:10.526445+00:00,1806733
yacht,16,0.1,0.75,221,56,4000,2.0001162147807787,-1.9235090948508984,2026-08-30T23:22:10.553690+00:00,1806733
yacht,17,0.005,0.25,221,56,4000,0.540817166017425,-1.6691738573128903,2026-08-30T23:22:10.607300+00:00,1806733
yacht,17,0.005,0.5,221,56,4000,0.531615746856455,-1.3659548781723756,2026-08-30T23:22:10.632523+00:00,1806733
yacht,17,0.005,0.75,221,56,4000,0.5255518470362425,-1.2024828862543917,2026-08-30T23:22:10.659547+00:00,1806733
yacht,17,0.01,0.25,221,56,4000,0.6330200492255327,-1.6984892641766083,2026-08-30T23:22:10.685861+00:00,1806733
yacht,17,0.01,0.5,221,56,4000,0.6516220204463787,-1.4273538975294886,2026-08-30T23:22:10.712495+00:00,1806733
yacht,17,0.01,0.75,221,56,4000,0.6622023947640278,-1.2879700057966141,2026-08-30T23:22:10.740724+00:00,1806733
yacht,17,0.05,0.25,221,56,4000,1.173039765798589,-1.8423592956461141,2026-08-30T23:22:10.765635+00:00,1806733
yacht,17,0.05,0.5,221,56,4000,1.1778721380984465,-1.6389675534442791,2026-08-30T23:22:10.794071+00:00,1806733
yacht,17,0.05,0.75,221,56,4000,1.1742578651218212,-1.5500119053726316,2026-08-30T23:22:10.823968+00:00,1806733
yacht,17,0.1,0.25,221,56,4000,2.2021025744413154,-2.048077003798055,2026-08-30T23:22:10.857521+00:00,1806733
yacht,17,0.1,0.5,221,56,4000,2.2032800347048473,-1.9441466983928315,2026-08-30T23:22:10.887378+00:00,1806733
yacht,17,0.1,0.75,221,56,4000,2.2029453687941807,-1.9248343111415036,2026-08-30T23:22:10.916913+00:00,1806733
yacht,18,0.005,0.25,221,56,4000,0.8606257952536206,-1.714378336694341,2026-08-30T23:22:11.762270+00:00,1806733
yacht,18,0.005,0.5,221,56,4000,0.8206078217741728,-1.4453273928299286,2026-08-30T23:22:11.788300+00:00,1806733
yacht,18,0.005,0.75,221,56,4000,0.8155932094523232,-1.3213131814873142,2026-08-30T23:22:11.815809+00:00,1806733
yacht,18,0.01,0.25,221,56,4000,0.7494349461922741,-1.6940758795881992,2026-08-30T23:22:11.841545+00:00,1806733
yacht,18,0.01,0.5,221,56,4000,0.7540904861180228,-1.415439260244357,2026-08-30T23:22:11.866959+00:00,1806733
yacht,18,0.01,0.75,221,56,4000,0.760313056378321,-1.2933339580399363,2026-08-30T23:22:11.893145+00:00,1806733
yacht,18,0.05,0.25,221,56,4000,1.2046321132051387,-1.8073695880799805,2026-08-30T23:22:11.918915+00:00,1806733
yacht,18,0.05,0.5,221,56,4000,1.2059349208473504,-1.580304210656122,2026-08-30T23:22:11.943706+00:00,1806733
yacht,18,0.05,0.75,221,56,4000,1.225951157024566,-1.5011694878570572,2026-08-30T23:22:11.971664+00:00,1806733
yacht,18,0.1,0.25,221,56,4000,2.1987754339545313,-2.0149807337969667,2026-08-30T23:22:11.997552+00:00,1806733
yacht,18,0.1,0.5,221,56,4000,2.1939794199951748,-1.8970599007520141,2026-08-30T23:22:12.022934+00:00,1806733
yacht,18,0.1,0.75,221,56,4000,2.1934650373170643,-1.8728546859018405,2026-08-30T23:22:12.048970+00:00,1806733
yacht,19,0.005,0.25,221,56,4000,1.0813543790173863,-1.752945542272053,2026-08-30T23:22:12.100141+00:00,1806733
yacht,19,0.005,0.5,221,56,4000,1.0521339609025366,-1.4861565389925262,2026-08-30T23:22:12.123256+00:00,1806733
yacht,19,0.005,0.75,221,56,4000,1.0661596140360523,-1.3446897525330483,2026-08-30T23:22:12.146635+00:00,1806733
yacht,19,0.01,0.25,221,56,4000,1.1635920423000488,-1.7679593601539043,2026-08-30T23:22:12.172786+00:00,1806733
yacht,19,0.01,0.5,221,56,4000,1.1408965207469994,-1.5026469769477944,2026-08-30T23:22:12.198983+00:00,1806733
yacht,19,0.01,0.75,221,56,4000,1.1654081046254252,-1.3581338463366954,2026-08-30T23:22:12.224855+00:00,1806733
yacht,19,0.05,0.25,221,56,4000,1.8091900755576045,-1.8951319786770005,2026-08-30T23:22:12.251417+00:00,1806733
yacht,19,0.05,0.5,221,56,4000,1.7720436724638795,-1.716551927490467,2026-08-30T23:22:12.279987+00:00,1806733
yacht,19,0.05,0.75,221,56,4000,1.8157011932143392,-1.6581383750530365,2026-08-30T23:22:12.305088+00:00,1806733
yacht,19,0.1,0.25,221,56,4000,2.783168174592001,-2.090665989917953,2026-08-30T23:22:12.329922+00:00,1806733
yacht,19,0.1,0.5,221,56,4000,2.8138977031219077,-2.0323541640700236,2026-08-30T23:22:12.356669+00:00,1806733
yacht,19,0.1,0.75,221,56,4000,2.8223318007187186,-2.0489243981408425,2026-08-30T23:22:12.383906+00:00,1806733
energy,0,0.005,0.25,552,139,4000,0.5641743960770984,-1.6761424986484403,2026-08-30T23:27:27.468364+00:00,1806733
energy,0,0.005,0.5,552,139,4000,0.5629665874075336,-1.3774939152748333,2026-08-30T23:27:27.501005+00:00,1806733
energy,0,0.005,0.75,552,139,4000,0.5731342500131718,-1.219200800416396,2026-08-30T23:27:27.530189+00:00,1806733
energy,0,0.01,0.25,552,139,4000,0.6764066978650515,-1.7112677082013028,2026-08-30T23:27:27.564025+00:00,1806733
energy,0,0.01,0.5,552,139,4000,0.6655385494639251,-1.427420438413064,2026-08-30T23:27:27.596301+00:00,1806733
energy,0,0.01,0.75,552,139,4000,0.6660018471758861,-1.283975531821755,2026-08-30T23:27:27.633937+00:00,1806733
energy,0,0.05,0.25,552,139,4000,1.044988163590685,-1.8489514573275003,2026-08-30T23:27:27.663090+00:00,1806733
energy,0,0.05,0.5,552,139,4000,1.038657633555509,-1.6615209850823618,2026-08-30T23:27:27.695751+00:00,1806733
energy,0,0.05,0.75,552,139,4000,1.0409770747094866,-1.5832440878300913,2026-08-30T23:27:27.726521+00:00,1806733
energy,0,0.1,0.25,552,139,4000,1.551193711812631,-2.028845912465512,2026-08-30T23:27:27.752121+00:00,1806733
energy,0,0.1,0.5,552,139,4000,1.5335341058496408,-1.9179842413503452,2026-08-30T23:27:27.782812+00:00,1806733
energy,0,0.1,0.75,552,139,4000,1.531866111410594,-1.8887314621058264,2026-08-30T23:27:27.814203+00:00,1806733
energy,1,0.005,0.25,552,139,4000,0.5134456722563645,-1.67268861970086,2026-08-30T23:27:28.995761+00:00,1806733
energy,1,0.005,0.5,552,139,4000,0.5094470813603241,-1.3696883919342595,2026-08-30T23:27:29.024930+00:00,1806733
energy,1,0.005,0.75,552,139,4000,0.5177069592256527,-1.208779608285098,2026-08-30T23:27:29.057642+00:00,1806733
energy,1,0.01,0.25,552,139,4000,0.4945580532543772,-1.6867434430718886,2026-08-30T23:27:29.086288+00:00,1806733
energy,1,0.01,0.5,552,139,4000,0.5244902310306839,-1.397192569230224,2026-08-30T23:27:29.111626+00:00,1806733
energy,1,0.01,0.75,552,139,4000,0.5187685601773638,-1.237888426822878,2026-08-30T23:27:29.138702+00:00,1806733
energy,1,0.05,0.25,552,139,4000,0.9369208561655451,-1.8407406898482577,2026-08-30T23:27:29.167984+00:00,1806733
energy,1,0.05,0.5,552,139,4000,0.8784659118181041,-1.6150850876830365,2026-08-30T23:27:29.203868+00:00,1806733
energy,1,0.05,0.75,552,139,4000,0.885600383188812,-1.5157500104776562,2026-08-30T23:27:29.237174+00:00,1806733
energy,1,0.1,0.25,552,139,4000,1.5399287321334412,-2.0229098391183347,2026-08-30T23:27:29.273750+00:00,1806733
energy,1,0.1,0.5,552,139,4000,1.5186981014312986,-1.8931001605114517,2026-08-30T23:27:29.310791+00:00,1806733
energy,1,0.1,0.75,552,139,4000,1.5248693776874778,-1.8585165880087717,2026-08-30T23:27:29.365405+00:00,1806733
energy,2,0.005,0.25,552,139,4000,0.4914202646452994,-1.6689316117624025,2026-08-30T23:27:33.397517+00:00,1806733
energy,2,0.005,0.5,552,139,4000,0.4893163106963459,-1.3610631539990794,2026-08-30T23:27:33.431542+00:00,1806733
energy,2,0.005,0.75,552,139,4000,0.46469428452037526,-1.1858371735108966,2026-08-30T23:27:33.462971+00:00,1806733
energy,2,0.01,0.25,552,139,4000,0.5942019574776713,-1.6984562564526668,2026-08-30T23:27:33.490207+00:00,1806733
energy,2,0.01,0.5,552,139,4000,0.5905744655378176,-1.412737834369236,2026-08-30T23:27:33.534516+00:00,1806733
energy,2,0.01,0.75,552,139,4000,0.6381388150547608,-1.2802314193962092,2026-08-30T23:27:33.563595+00:00,1806733
energy,2,0.05,0.25,552,139,4000,1.1339067606348625,-1.8730707336302086,2026-08-30T23:27:33.592642+00:00,1806733
energy,2,0.05,0.5,552,139,4000,1.1354041101625303,-1.6911096823171086,2026-08-30T23:27:33.635528+00:00,1806733
energy,2,0.05,0.75,552,139,4000,1.1317208994469394,-1.6197720581776025,2026-08-30T23:27:33.676267+00:00,1806733
energy,2,0.1,0.25,552,139,4000,1.9054499113228405,-2.1394461172950487,2026-08-30T23:27:33.709730+00:00,1806733
energy,2,0.1,0.5,552,139,4000,1.8026210885511127,-2.0544932007903967,2026-08-30T23:27:33.744044+00:00,1806733
energy,2,0.1,0.75,552,139,4000,1.9059401349454848,-2.1181884561470903,2026-08-30T23:27:33.776919+00:00,1806733
energy,3,0.005,0.25,552,139,4000,0.5631064582216062,-1.6821710190456907,2026-08-30T23:27:41.008385+00:00,1806733
energy,3,0.005,0.5,552,139,4000,0.555638030873715,-1.3853926588564147,2026-08-30T23:27:41.036478+00:00,1806733
energy,3,0.005,0.75,552,139,4000,0.5596248779419452,-1.2303792389382981,2026-08-30T23:27:41.064170+00:00,1806733
energy,3,0.01,0.25,552,139,4000,0.5629812515218128,-1.7002310203209428,2026-08-30T23:27:41.091338+00:00,1806733
energy,3,0.01,0.5,552,139,4000,0.5597437911723363,-1.4154235440776488,2026-08-30T23:27:41.120867+00:00,1806733
energy,3,0.01,0.75,552,139,4000,0.5689459552200122,-1.2602011967665652,2026-08-30T23:27:41.150629+00:00,1806733
energy,3,0.05,0.25,552,139,4000,0.9439338156692063,-1.8464991764327332,2026-08-30T23:27:41.181070+00:00,1806733
energy,3,0.05,0.5,552,139,4000,0.9450076640441178,-1.643902742918599,2026-08-30T23:27:41.211768+00:00,1806733
energy,3,0.05,0.75,552,139,4000,0.9415294379481369,-1.5502034454712474,2026-08-30T23:27:41.240993+00:00,1806733
energy,3,0.1,0.25,552,139,4000,1.4395666944088485,-2.0118005286865124,2026-08-30T23:27:41.272948+00:00,1806733
energy,3,0.1,0.5,552,139,4000,1.4038780782127915,-1.8753953486253472,2026-08-30T23:27:41.314639+00:00,1806733
energy,3,0.1,0.75,552,139,4000,1.4224767874939206,-1.8326950945088856,2026-08-30T23:27:41.342619+00:00,1806733
energy,4,0.005,0.25,552,139,4000,0.641927415138908,-1.683562625446256,2026-08-30T23:31:43.790432+00:00,1806733
energy,4,0.005,0.5,552,139,4000,0.6481131757314453,-1.3951768439362036,2026-08-30T23:31:43.816944+00:00,1806733
energy,4,0.005,0.75,552,139,4000,0.6618229771004003,-1.2510679756950231,2026-08-30T23:31:43.848257+00:00,1806733
energy,4,0.01,0.25,552,139,4000,0.8210082726055455,-1.731891994827111,2026-08-30T23:31:43.875216+00:00,1806733
energy,4,0.01,0.5,552,139,4000,0.8547579883221055,-1.4840030609590389,2026-08-30T23:31:43.905895+00:00,1806733
energy,4,0.01,0.75,552,139,4000,0.8447506739886711,-1.3617270245436115,2026-08-30T23:31:43.938784+00:00,1806733
energy,4,0.05,0.25,552,139,4000,1.4606107383585487,-1.9389829631729487,2026-08-30T23:31:43.968170+00:00,1806733
energy,4,0.05,0.5,552,139,4000,1.499035067705538,-1.847587557381792,2026-08-30T23:31:43.994890+00:00,1806733
energy,4,0.05,0.75,552,139,4000,1.4691993719974532,-1.805205889705308,2026-08-30T23:31:44.037201+00:00,1806733
energy,4,0.1,0.25,552,139,4000,2.0767665586596253,-2.182005829170072,2026-08-30T23:31:44.065841+00:00,1806733
energy,4,0.1,0.5,552,139,4000,2.074806905203016,-2.166977434247902,2026-08-30T23:31:44.093680+00:00,1806733
energy,4,0.1,0.75,552,139,4000,2.0762409738028227,-2.1984690299474945,2026-08-30T23:31:44.121232+00:00,1806733
energy,5,0.005,0.25,552,139,4000,0.727349066847863,-1.7021491136121618,2026-08-30T23:31:52.297076+00:00,1806733
energy,5,0.005,0.5,552,139,4000,0.694656221164131,-1.4163764872333415,2026-08-30T23:31:52.332489+00:00,1806733
energy,5,0.005,0.75,552,139,4000,0.7187200118485221,-1.2845439321387564,2026-08-30T23:31:52.362938+00:00,1806733
energy,5,0.01,0.25,552,139,4000,0.8446326990930326,-1.7407369597851219,2026-08-30T23:31:52.397668+00:00,1806733
energy,5,0.01,0.5,552,139,4000,0.8524108505820158,-1.4957017125242802,2026-08-30T23:31:52.434283+00:00,1806733
energy,5,0.01,0.75,552,139,4000,0.8435673852875063,-1.3702512214632216,2026-08-30T23:31:52.474477+00:00,1806733
energy,5,0.05,0.25,552,139,4000,1.4781579487841399,-1.9475442085555554,2026-08-30T23:31:52.505433+00:00,1806733
energy,5,0.05,0.5,552,139,4000,1.484388710069826,-1.8374401595830148,2026-08-30T23:31:52.539002+00:00,1806733
energy,5,0.05,0.75,552,139,4000,1.4883266395493624,-1.8216704428479127,2026-08-30T23:31:52.572658+00:00,1806733
energy,5,0.1,0.25,552,139,4000,2.1374770405769006,-2.238874821129164,2026-08-30T23:31:52.613267+00:00,1806733
energy,5,0.1,0.5,552,139,4000,2.0654141995514554,-2.22893848578671,2026-08-30T23:31:52.648405+00:00,1806733
energy,5,0.1,0.75,552,139,4000,2.1455239211216286,-2.3365681839838275,2026-08-30T23:31:52.684018+00:00,1806733
energy,6,0.005,0.25,552,139,4000,0.5800520823737109,-1.6798561276293709,2026-08-30T23:31:52.752875+00:00,1806733
energy,6,0.005,0.5,552,139,4000,0.5654461689306475,-1.3807990120489315,2026-08-30T23:31:52.783720+00:00,1806733
energy,6,0.005,0.75,552,139,4000,0.5817112256351387,-1.2264236921525644,2026-08-30T23:31:52.814319+00:00,1806733
energy,6,0.01,0.25,552,139,4000,0.682782228543309,-1.710908249310867,2026-08-30T23:31:52.848257+00:00,1806733
energy,6,0.01,0.5,552,139,4000,0.6515162939100938,-1.4211989835093892,2026-08-30T23:31:52.876897+00:00,1806733
energy,6,0.01,0.75,552,139,4000,0.6403058994941605,-1.2719725262585322,2026-08-30T23:31:52.912901+00:00,1806733
energy,6,0.05,0.25,552,139,4000,1.2864930951448448,-1.9258622503464553,2026-08-30T23:31:52.944178+00:00,1806733
energy,6,0.05,0.5,552,139,4000,1.2680300427939828,-1.779408106462167,2026-08-30T23:31:52.980729+00:00,1806733
energy,6,0.05,0.75,552,139,4000,1.2752507629493812,-1.7409855708873412,2026-08-30T23:31:53.011813+00:00,1806733
energy,6,0.1,0.25,552,139,4000,1.875931133306566,-2.144530941996205,2026-08-30T23:31:53.046972+00:00,1806733
energy,6,0.1,0.5,552,139,4000,1.8768444052705642,-2.1071608734467846,2026-08-30T23:31:53.078600+00:00,1806733
energy,6,0.1,0.75,552,139,4000,1.8702032335759329,-2.1121559871249453,2026-08-30T23:31:53.111172+00:00,1806733
energy,7,0.005,0.25,552,139,4000,0.5837702304246027,-1.6809667650239217,2026-08-30T23:31:54.444516+00:00,1806733
energy,7,0.005,0.5,552,139,4000,0.5830254076347556,-1.386294475849537,2026-08-30T23:31:54.490913+00:00,1806733
energy,7,0.005,0.75,552,139,4000,0.5888809299804001,-1.2333347185956942,2026-08-30T23:31:54.526915+00:00,1806733
energy,7,0.01,0.25,552,139,4000,0.6820255542211039,-1.7103907567891314,2026-08-30T23:31:54.558812+00:00,1806733
energy,7,0.01,0.5,552,139,4000,0.6797471383243922,-1.4316247935448545,2026-08-30T23:31:54.592272+00:00,1806733
energy,7,0.01,0.75,552,139,4000,0.7730699071306882,-1.3360955645769637,2026-08-30T23:31:54.625761+00:00,1806733
energy,7,0.05,0.25,552,139,4000,1.4034730380500586,-1.9401299630064923,2026-08-30T23:31:54.653609+00:00,1806733
energy,7,0.05,0.5,552,139,4000,1.6113168281363308,-1.919902173523601,2026-08-30T23:31:54.694215+00:00,1806733
energy,7,0.05,0.75,552,139,4000,1.5652312027899364,-1.8813251821283807,2026-08-30T23:31:54.722445+00:00,1806733
energy,7,0.1,0.25,552,139,4000,1.8130187740448114,-2.097572330048754,2026-08-30T23:31:54.753841+00:00,1806733
energy,7,0.1,0.5,552,139,4000,1.8108922923977162,-2.029959932260742,2026-08-30T23:31:54.796705+00:00,1806733
energy,7,0.1,0.75,552,139,4000,1.8055497241701772,-2.0319700915088243,2026-08-30T23:31:54.826505+00:00,1806733
energy,8,0.005,0.25,552,139,4000,0.4972506939579529,-1.6693742454675762,2026-08-30T23:38:45.291082+00:00,1806733
energy,8,0.005,0.5,552,139,4000,0.5069166708434629,-1.3648652300223099,2026-08-30T23:38:45.321870+00:00,1806733
energy,8,0.005,0.75,552,139,4000,0.5323008228708461,-1.2069260804589,2026-08-30T23:38:45.348419+00:00,1806733
energy,8,0.01,0.25,552,139,4000,0.5913005529659733,-1.697469261898784,2026-08-30T23:38:45.375769+00:00,1806733
energy,8,0.01,0.5,552,139,4000,0.5929949152710046,-1.4122709646320175,2026-08-30T23:38:45.404598+00:00,1806733
energy,8,0.01,0.75,552,139,4000,0.6027483283146714,-1.2605372505298764,2026-08-30T23:38:45.443900+00:00,1806733
energy,8,0.05,0.25,552,139,4000,1.019262949281686,-1.8374832445701328,2026-08-30T23:38:45.471134+00:00,1806733
energy,8,0.05,0.5,552,139,4000,1.0183638779645945,-1.6264046356093136,2026-08-30T23:38:45.498450+00:00,1806733
energy,8,0.05,0.75,552,139,4000,1.0141686531625844,-1.5336138134583182,2026-08-30T23:38:45.528750+00:00,1806733
energy,8,0.1,0.25,552,139,4000,1.4452274721100544,-2.010645471704951,2026-08-30T23:38:45.556244+00:00,1806733
energy,8,0.1,0.5,552,139,4000,1.4420070101827527,-1.884623989247528,2026-08-30T23:38:45.584342+00:00,1806733
energy,8,0.1,0.75,552,139,4000,1.4478214553235527,-1.8455181257387927,2026-08-30T23:38:45.613392+00:00,1806733
energy,9,0.005,0.25,552,139,4000,0.49282849676643603,-1.671872620577996,2026-08-30T23:38:45.675209+00:00,1806733
energy,9,0.005,0.5,552,139,4000,0.5115559065031473,-1.3701269302075072,2026-08-30T23:38:45.702433+00:00,1806733
energy,9,0.005,0.75,552,139,4000,0.4996900134378684,-1.2010441770161453,2026-08-30T23:38:45.745561+00:00,1806733
energy,9,0.01,0.25,552,139,4000,0.5967671375928799,-1.703704262159928,2026-08-30T23:38:45.774459+00:00,1806733
energy,9,0.01,0.5,552,139,4000,0.5744543991460552,-1.4178979081643506,2026-08-30T23:38:45.802446+00:00,1806733
energy,9,0.01,0.75,552,139,4000,0.5593512404016289,-1.2583574141428018,2026-08-30T23:38:45.848116+00:00,1806733
energy,9,0.05,0.25,552,139,4000,1.0262237599134107,-1.8651545835166838,2026-08-30T23:38:45.875916+00:00,1806733
energy,9,0.05,0.5,552,139,4000,1.0306193115874234,-1.6795462897505142,2026-08-30T23:38:45.904579+00:00,1806733
energy,9,0.05,0.75,552,139,4000,1.0236709417449288,-1.6017269717458422,2026-08-30T23:38:45.935370+00:00,1806733
energy,9,0.1,0.25,552,139,4000,1.4734008838145907,-2.0249308771449432,2026-08-30T23:38:45.960350+00:00,1806733
energy,9,0.1,0.5,552,139,4000,1.4631561788158476,-1.9077849808478387,2026-08-30T23:38:45.990397+00:00,1806733
energy,9,0.1,0.75,552,139,4000,1.4788969218268249,-1.8735356872199254,2026-08-30T23:38:46.016037+00:00,1806733
energy,10,0.005,0.25,552,139,4000,0.5401579723152831,-1.677379342587485,2026-08-30T23:38:48.445494+00:00,1806733
energy,10,0.005,0.5,552,139,4000,0.5480413843275826,-1.3798999850903741,2026-08-30T23:38:48.474685+00:00,1806733
energy,10,0.005,0.75,552,139,4000,0.5539678131029588,-1.2210137748106804,2026-08-30T23:38:48.509569+00:00,1806733
energy,10,0.01,0.25,552,139,4000,0.6226924685498808,-1.7119186385702785,2026-08-30T23:38:48.540309+00:00,1806733
energy,10,0.01,0.5,552,139,4000,0.6288324545861493,-1.4355018155633585,2026-08-30T23:38:48.573070+00:00,1806733
energy,10,0.01,0.75,552,139,4000,0.6224417607586834,-1.2894414468863926,2026-08-30T23:38:48.599689+00:00,1806733
energy,10,0.05,0.25,552,139,4000,1.2728994500541624,-1.9269677846729756,2026-08-30T23:38:48.628633+00:00,1806733
energy,10,0.05,0.5,552,139,4000,1.2824667603324162,-1.7796509908027778,2026-08-30T23:38:48.657613+00:00,1806733
energy,10,0.05,0.75,552,139,4000,1.2651482195528145,-1.720142530695984,2026-08-30T23:38:48.685090+00:00,1806733
energy,10,0.1,0.25,552,139,4000,1.5640677603892765,-2.047984346346377,2026-08-30T23:38:48.715484+00:00,1806733
energy,10,0.1,0.5,552,139,4000,1.5617925913028357,-1.9396585791298384,2026-08-30T23:38:48.748157+00:00,1806733
energy,10,0.1,0.75,552,139,4000,1.5640771837791647,-1.9020046892961482,2026-08-30T23:38:48.778044+00:00,1806733
energy,11,0.005,0.25,552,139,4000,0.6113433509727514,-1.6825850804212692,2026-08-30T23:39:00.457400+00:00,1806733
energy,11,0.005,0.5,552,139,4000,0.6311074384032435,-1.3970618104775536,2026-08-30T23:39:00.487769+00:00,1806733
energy,11,0.005,0.75,552,139,4000,0.624558890167301,-1.2456474452296036,2026-08-30T23:39:00.524752+00:00,1806733
energy,11,0.01,0.25,552,139,4000,0.6531772073017486,-1.7046502189489405,2026-08-30T23:39:00.563307+00:00,1806733
energy,11,0.01,0.5,552,139,4000,0.6428814586557858,-1.425832358746196,2026-08-30T23:39:00.605594+00:00,1806733
energy,11,0.01,0.75,552,139,4000,0.6500297618742739,-1.2827512585860483,2026-08-30T23:39:00.648907+00:00,1806733
energy,11,0.05,0.25,552,139,4000,0.9688218219193141,-1.8371969761154598,2026-08-30T23:39:00.681900+00:00,1806733
energy,11,0.05,0.5,552,139,4000,0.984614180630381,-1.6358347275452823,2026-08-30T23:39:00.717306+00:00,1806733
energy,11,0.05,0.75,552,139,4000,0.9739890972282904,-1.5430416793587909,2026-08-30T23:39:00.756697+00:00,1806733
energy,11,0.1,0.25,552,139,4000,1.4520420575813413,-2.02394029535972,2026-08-30T23:39:00.790129+00:00,1806733
energy,11,0.1,0.5,552,139,4000,1.4528250855260925,-1.9140761876196561,2026-08-30T23:39:00.825852+00:00,1806733
energy,11,0.1,0.75,552,139,4000,1.4483184669804077,-1.8792512260727763,2026-08-30T23:39:00.858159+00:00,1806733
energy,12,0.005,0.25,552,139,4000,0.5745083653500123,-1.6792693326012773,2026-08-30T23:42:58.554887+00:00,1806733
energy,12,0.005,0.5,552,139,4000,0.5731801570960628,-1.381768473958238,2026-08-30T23:42:58.578811+00:00,1806733
energy,12,0.005,0.75,552,139,4000,0.5746347379783401,-1.2240694795084028,2026-08-30T23:42:58.601873+00:00,1806733
energy,12,0.01,0.25,552,139,4000,0.5908790502568275,-1.697171805532532,2026-08-30T23:42:58.624074+00:00,1806733
energy,12,0.01,0.5,552,139,4000,0.5886187503838739,-1.409173956273449,2026-08-30T23:42:58.648523+00:00,1806733
energy,12,0.01,0.75,552,139,4000,0.5892314024982992,-1.2575562885802434,2026-08-30T23:42:58.672224+00:00,1806733
energy,12,0.05,0.25,552,139,4000,0.9547767837558736,-1.83189250709286,2026-08-30T23:42:58.694047+00:00,1806733
energy,12,0.05,0.5,552,139,4000,0.9490560817253461,-1.616292193258959,2026-08-30T23:42:58.718234+00:00,1806733
energy,12,0.05,0.75,552,139,4000,1.0232230982137267,-1.5456264727314972,2026-08-30T23:42:58.743062+00:00,1806733
energy,12,0.1,0.25,552,139,4000,1.526100250013705,-2.013425030027653,2026-08-30T23:42:58.766987+00:00,1806733
energy,12,0.1,0.5,552,139,4000,1.475014685053298,-1.8690394127845054,2026-08-30T23:42:58.790995+00:00,1806733
energy,12,0.1,0.75,552,139,4000,1.4608321881323298,-1.8140826388071392,2026-08-30T23:42:58.815326+00:00,1806733
energy,13,0.005,0.25,552,139,4000,0.5210409724999905,-1.6724862316666933,2026-08-30T23:43:02.702724+00:00,1806733
energy,13,0.005,0.5,552,139,4000,0.5409310096137763,-1.374480415809284,2026-08-30T23:43:02.725703+00:00,1806733
energy,13,0.005,0.75,552,139,4000,0.5246068061682027,-1.2092326334837808,2026-08-30T23:43:02.748868+00:00,1806733
energy,13,0.01,0.25,552,139,4000,0.5926761105206012,-1.6984920535647925,2026-08-30T23:43:02.773069+00:00,1806733
energy,13,0.01,0.5,552,139,4000,0.597621350743372,-1.412126447780145,2026-08-30T23:43:02.798451+00:00,1806733
energy,13,0.01,0.75,552,139,4000,0.5859596567867232,-1.2535543762194523,2026-08-30T23:43:02.822674+00:00,1806733
energy,13,0.05,0.25,552,139,4000,1.004971708357981,-1.8568879120013688,2026-08-30T23:43:02.847233+00:00,1806733
energy,13,0.05,0.5,552,139,4000,1.0086034148404004,-1.6617526615701166,2026-08-30T23:43:02.872567+00:00,1806733
energy,13,0.05,0.75,552,139,4000,1.025058098960753,-1.5968802933670818,2026-08-30T23:43:02.897406+00:00,1806733
energy,13,0.1,0.25,552,139,4000,1.7394684041757644,-2.0968310511380084,2026-08-30T23:43:02.921476+00:00,1806733
energy,13,0.1,0.5,552,139,4000,1.739488426932513,-2.0184441089258702,2026-08-30T23:43:02.945758+00:00,1806733
energy,13,0.1,0.75,552,139,4000,1.747508872696986,-2.001245237556963,2026-08-30T23:43:02.969680+00:00,1806733
energy,14,0.005,0.25,552,139,4000,0.5043831030984195,-1.6697138990887008,2026-08-30T23:43:03.934954+00:00,1806733
energy,14,0.005,0.5,552,139,4000,0.5147991032609306,-1.367239745749559,2026-08-30T23:43:03.959730+00:00,1806733
energy,14,0.005,0.75,552,139,4000,0.5115493630236035,-1.2003583893859904,2026-08-30T23:43:03.983137+00:00,1806733
energy,14,0.01,0.25,552,139,4000,0.5578801603618012,-1.6951933363408271,2026-08-30T23:43:04.006078+00:00,1806733
energy,14,0.01,0.5,552,139,4000,0.5851910560215243,-1.4120131461381842,2026-08-30T23:43:04.029000+00:00,1806733
energy,14,0.01,0.75,552,139,4000,0.570628897388356,-1.2547091257462457,2026-08-30T23:43:04.052907+00:00,1806733
energy,14,0.05,0.25,552,139,4000,0.9695981068543598,-1.8502332180944596,2026-08-30T23:43:04.076089+00:00,1806733
energy,14,0.05,0.5,552,139,4000,0.971938025177703,-1.654000655613888,2026-08-30T23:43:04.099793+00:00,1806733
energy,14,0.05,0.75,552,139,4000,1.0355935554065727,-1.598051079605244,2026-08-30T23:43:04.124179+00:00,1806733
energy,14,0.1,0.25,552,139,4000,1.4497717497373432,-2.0216670891770705,2026-08-30T23:43:04.149827+00:00,1806733
energy,14,0.1,0.5,552,139,4000,1.4649246220419596,-1.9139291837992531,2026-08-30T23:43:04.175568+00:00,1806733
energy,14,0.1,0.75,552,139,4000,1.4349512771837178,-1.8674923458328154,2026-08-30T23:43:04.200058+00:00,1806733
energy,15,0.005,0.25,552,139,4000,0.5872979904641812,-1.6799994125433348,2026-08-30T23:43:09.842047+00:00,1806733
energy,15,0.005,0.5,552,139,4000,0.5783517069738044,-1.3821589658852595,2026-08-30T23:43:09.867579+00:00,1806733
energy,15,0.005,0.75,552,139,4000,0.5958790873660668,-1.233270594122888,2026-08-30T23:43:09.890575+00:00,1806733
energy,15,0.01,0.25,552,139,4000,0.8931322844850027,-1.749303450985091,2026-08-30T23:43:09.915883+00:00,1806733
energy,15,0.01,0.5,552,139,4000,0.8981312256657136,-1.507194286025547,2026-08-30T23:43:09.938680+00:00,1806733
energy,15,0.01,0.75,552,139,4000,0.885771323657408,-1.3948508034175597,2026-08-30T23:43:09.960579+00:00,1806733
energy,15,0.05,0.25,552,139,4000,1.599057460987613,-1.971945921335986,2026-08-30T23:43:09.982345+00:00,1806733
energy,15,0.05,0.5,552,139,4000,1.593642221924019,-1.8640970470366407,2026-08-30T23:43:10.006177+00:00,1806733
energy,15,0.05,0.75,552,139,4000,1.6045743647097384,-1.8632850539860835,2026-08-30T23:43:10.031264+00:00,1806733
energy,15,0.1,0.25,552,139,4000,2.0086080528543984,-2.1437084993221394,2026-08-30T23:43:10.054892+00:00,1806733
energy,15,0.1,0.5,552,139,4000,2.0131074137695473,-2.089654137010403,2026-08-30T23:43:10.077713+00:00,1806733
energy,15,0.1,0.75,552,139,4000,2.0127791734009484,-2.088425817236463,2026-08-30T23:43:10.101326+00:00,1806733
energy,16,0.005,0.25,552,139,4000,0.51898776123878,-1.6729714001461053,2026-08-30T23:48:59.808253+00:00,1806733
energy,16,0.005,0.5,552,139,4000,0.5476865766306079,-1.376286180880837,2026-08-30T23:48:59.833999+00:00,1806733
energy,16,0.005,0.75,552,139,4000,0.5368422431947524,-1.2098431647092391,2026-08-30T23:48:59.859430+00:00,1806733
energy,16,0.01,0.25,552,139,4000,0.5695405865398364,-1.6973232425405353,2026-08-30T23:48:59.882829+00:00,1806733
energy,16,0.01,0.5,552,139,4000,0.570658940367695,-1.4081030548132598,2026-08-30T23:48:59.907578+00:00,1806733
energy,16,0.01,0.75,552,139,4000,0.5590359109544955,-1.251529504384591,2026-08-30T23:48:59.930511+00:00,1806733
energy,16,0.05,0.25,552,139,4000,1.0001351993300016,-1.8453104413044605,2026-08-30T23:48:59.955326+00:00,1806733
energy,16,0.05,0.5,552,139,4000,0.9997307504781839,-1.6422407497230347,2026-08-30T23:48:59.978376+00:00,1806733
energy,16,0.05,0.75,552,139,4000,1.0049499299833309,-1.5535732435246772,2026-08-30T23:49:00.002016+00:00,1806733
energy,16,0.1,0.25,552,139,4000,1.701676595512262,-2.066985928249274,2026-08-30T23:49:00.026647+00:00,1806733
energy,16,0.1,0.5,552,139,4000,1.7562897395153036,-2.003363138538349,2026-08-30T23:49:00.051625+00:00,1806733
energy,16,0.1,0.75,552,139,4000,1.728376211795269,-1.970712442918406,2026-08-30T23:49:00.074592+00:00,1806733
energy,17,0.005,0.25,552,139,4000,0.7190009116059416,-1.7021752336778646,2026-08-30T23:49:12.124058+00:00,1806733
energy,17,0.005,0.5,552,139,4000,0.7148165013644829,-1.423892921843627,2026-08-30T23:49:12.146424+00:00,1806733
energy,17,0.005,0.75,552,139,4000,0.728223802266204,-1.2906146326542713,2026-08-30T23:49:12.170516+00:00,1806733
energy,17,0.01,0.25,552,139,4000,0.8533035033060937,-1.7375842366220775,2026-08-30T23:49:12.196832+00:00,1806733
energy,17,0.01,0.5,552,139,4000,0.7463144957200766,-1.4525394297303615,2026-08-30T23:49:12.220748+00:00,1806733
energy,17,0.01,0.75,552,139,4000,0.8522949571167643,-1.3671624346726912,2026-08-30T23:49:12.245391+00:00,1806733
energy,17,0.05,0.25,552,139,4000,1.8360202588001202,-2.104914101718722,2026-08-30T23:49:12.271972+00:00,1806733
energy,17,0.05,0.5,552,139,4000,1.8006680118670244,-2.0698888809582363,2026-08-30T23:49:12.297030+00:00,1806733
energy,17,0.05,0.75,552,139,4000,1.362895614127485,-1.7827582216413425,2026-08-30T23:49:12.320233+00:00,1806733
energy,17,0.1,0.25,552,139,4000,2.0397419730548196,-2.2024533523335554,2026-08-30T23:49:12.344520+00:00,1806733
energy,17,0.1,0.5,552,139,4000,2.049563347876765,-2.1799439178757294,2026-08-30T23:49:12.369140+00:00,1806733
energy,17,0.1,0.75,552,139,4000,2.0466766806743006,-2.1952238553646684,2026-08-30T23:49:12.392759+00:00,1806733
energy,18,0.005,0.25,552,139,4000,0.44069141908828746,-1.6618850617712573,2026-08-30T23:49:12.440007+00:00,1806733
energy,18,0.005,0.5,552,139,4000,0.4623913628793363,-1.3546051559624306,2026-08-30T23:49:12.462234+00:00,1806733
energy,18,0.005,0.75,552,139,4000,0.4514683083775325,-1.1810069219779458,2026-08-30T23:49:12.486106+00:00,1806733
energy,18,0.01,0.25,552,139,4000,0.49725025274096957,-1.6863480239301418,2026-08-30T23:49:12.510374+00:00,1806733
energy,18,0.01,0.5,552,139,4000,0.501723026569082,-1.3905146749467614,2026-08-30T23:49:12.534423+00:00,1806733
energy,18,0.01,0.75,552,139,4000,0.4964966461390853,-1.2305611595428976,2026-08-30T23:49:12.559588+00:00,1806733
energy,18,0.05,0.25,552,139,4000,0.8979719341884921,-1.837144927236833,2026-08-30T23:49:12.584207+00:00,1806733
energy,18,0.05,0.5,552,139,4000,0.8930781698882695,-1.636159794375703,2026-08-30T23:49:12.606604+00:00,1806733
energy,18,0.05,0.75,552,139,4000,0.9007191432685178,-1.547425584953316,2026-08-30T23:49:12.629721+00:00,1806733
energy,18,0.1,0.25,552,139,4000,1.4693799592493655,-2.0575382050543833,2026-08-30T23:49:12.653388+00:00,1806733
energy,18,0.1,0.5,552,139,4000,1.471252966786076,-1.9785558419956744,2026-08-30T23:49:12.678104+00:00,1806733
energy,18,0.1,0.75,552,139,4000,1.3808806073480435,-1.8751345313062366,2026-08-30T23:49:12.702080+00:00,1806733
energy,19,0.005,0.25,552,139,4000,0.6673490465432681,-1.69485490729702,2026-08-30T23:49:21.043246+00:00,1806733
energy,19,0.005,0.5,552,139,4000,0.6581097130831794,-1.408851467676435,2026-08-30T23:49:21.073137+00:00,1806733
energy,19,0.005,0.75,552,139,4000,0.695196829280731,-1.281798325909139,2026-08-30T23:49:21.098547+00:00,1806733
energy,19,0.01,0.25,552,139,4000,0.7468545246420889,-1.7269895057683546,2026-08-30T23:49:21.123513+00:00,1806733
energy,19,0.01,0.5,552,139,4000,0.7316858887756272,-1.4568820037837837,2026-08-30T23:49:21.147941+00:00,1806733
energy,19,0.01,0.75,552,139,4000,0.7544081361322291,-1.3359319325514585,2026-08-30T23:49:21.171800+00:00,1806733
energy,19,0.05,0.25,552,139,4000,1.3713613358401862,-1.940155875948025,2026-08-30T23:49:21.195685+00:00,1806733
energy,19,0.05,0.5,552,139,4000,1.4035452451395616,-1.8133918019629787,2026-08-30T23:49:21.218405+00:00,1806733
energy,19,0.05,0.75,552,139,4000,1.2792090694520526,-1.7105629887964118,2026-08-30T23:49:21.240626+00:00,1806733
energy,19,0.1,0.25,552,139,4000,1.6535763936306513,-2.0572980327104884,2026-08-30T23:49:21.264290+00:00,1806733
energy,19,0.1,0.5,552,139,4000,1.6667513228044155,-1.9558518635123345,2026-08-30T23:49:21.288952+00:00,1806733
energy,19,0.1,0.75,552,139,4000,1.6460577127749336,-1.9125698399676194,2026-08-30T23:49:21.313191+00:00,1806733
concrete,0,0.005,0.025,741,186,4000,4.797602674304171,-3.061157558325355,2026-08-30T23:55:09.708249+00:00,1806733
concrete,0,0.005,0.05,741,186,4000,4.736109720298572,-2.9303363982730795,2026-08-30T23:55:09.730581+00:00,1806733
concrete,0,0.005,0.075,741,186,4000,4.707443510854141,-2.901742934721356,2026-08-30T23:55:09.753907+00:00,1806733
concrete,0,0.01,0.025,741,186,4000,4.755655227961037,-3.064112888303812,2026-08-30T23:55:09.778819+00:00,1806733
concrete,0,0.01,0.05,741,186,4000,4.70018261105482,-2.9247478443612573,2026-08-30T23:55:09.801435+00:00,1806733
concrete,0,0.01,0.075,741,186,4000,4.813926806940833,-2.8969979466343965,2026-08-30T23:55:09.823957+00:00,1806733
concrete,0,0.05,0.025,741,186,4000,5.1085956739549685,-3.1327165012271263,2026-08-30T23:55:09.847680+00:00,1806733
concrete,0,0.05,0.05,741,186,4000,5.0695583366087416,-3.019221538825101,2026-08-30T23:55:09.873040+00:00,1806733
concrete,0,0.05,0.075,741,186,4000,4.996768576689241,-2.9903649293782464,2026-08-30T23:55:09.896715+00:00,1806733
concrete,0,0.1,0.025,741,186,4000,5.663940661904714,-3.213895784000606,2026-08-30T23:55:09.919307+00:00,1806733
concrete,0,0.1,0.05,741,186,4000,5.622081604501866,-3.1275431746504294,2026-08-30T23:55:09.944049+00:00,1806733
concrete,0,0.1,0.075,741,186,4000,5.555540734032432,-3.1057184369758857,2026-08-30T23:55:09.970365+00:00,1806733
concrete,1,0.005,0.025,741,186,4000,5.415971409673446,-3.1067986382197654,2026-08-30T23:55:10.020807+00:00,1806733
concrete,1,0.005,0.05,741,186,4000,5.171969576531321,-2.98610458696337,2026-08-30T23:55:10.042985+00:00,1806733
concrete,1,0.005,0.075,741,186,4000,5.427527533584058,-3.0107791929036387,2026-08-30T23:55:10.067511+00:00,1806733
concrete,1,0.01,0.025,741,186,4000,5.238035287907766,-3.1090460356877694,2026-08-30T23:55:10.090267+00:00,1806733
concrete,1,0.01,0.05,741,186,4000,5.197985169591849,-2.991066193117359,2026-08-30T23:55:10.115501+00:00,1806733
concrete,1,0.01,0.075,741,186,4000,5.216426721958027,-2.9838702594454323,2026-08-30T23:55:10.138396+00:00,1806733
concrete,1,0.05,0.025,741,186,4000,5.498285431908227,-3.1776909471243338,2026-08-30T23:55:10.165581+00:00,1806733
concrete,1,0.05,0.05,741,186,4000,5.41933835506819,-3.0956291714025093,2026-08-30T23:55:10.189112+00:00,1806733
concrete,1,0.05,0.075,741,186,4000,5.419814590346764,-3.09660535604977,2026-08-30T23:55:10.213250+00:00,1806733
concrete,1,0.1,0.025,741,186,4000,6.027767722860769,-3.26432335099165,2026-08-30T23:55:10.238395+00:00,1806733
concrete,1,0.1,0.05,741,186,4000,6.003945027830901,-3.2097761139327465,2026-08-30T23:55:10.262119+00:00,1806733
concrete,1,0.1,0.075,741,186,4000,6.045550860070546,-3.232692496177138,2026-08-30T23:55:10.285856+00:00,1806733
concrete,2,0.005,0.025,741,186,4000,4.403123369530773,-3.024810069296571,2026-08-30T23:55:10.334987+00:00,1806733
concrete,2,0.005,0.05,741,186,4000,4.38145824021652,-2.9037036634775304,2026-08-30T23:55:10.358707+00:00,1806733
concrete,2,0.005,0.075,741,186,4000,4.470802104639089,-2.917216644365258,2026-08-30T23:55:10.382606+00:00,1806733
concrete,2,0.01,0.025,741,186,4000,4.516874689657666,-3.0441366312816873,2026-08-30T23:55:10.406711+00:00,1806733
concrete,2,0.01,0.05,741,186,4000,4.467754330211945,-2.9210491711787605,2026-08-30T23:55:10.433235+00:00,1806733
concrete,2,0.01,0.075,741,186,4000,4.3852956897883315,-2.8883512641689646,2026-08-30T23:55:10.457199+00:00,1806733
concrete,2,0.05,0.025,741,186,4000,5.294784202944433,-3.156260230209215,2026-08-30T23:55:10.480276+00:00,1806733
concrete,2,0.05,0.05,741,186,4000,5.310504200733999,-3.076936491484293,2026-08-30T23:55:10.504698+00:00,1806733
concrete,2,0.05,0.075,741,186,4000,5.2902122592672916,-3.073263452130405,2026-08-30T23:55:10.531019+00:00,1806733
concrete,2,0.1,0.025,741,186,4000,5.984433428323545,-3.2459166527497945,2026-08-30T23:55:10.554927+00:00,1806733
concrete,2,0.1,0.05,741,186,4000,5.96089145555923,-3.1881416382788372,2026-08-30T23:55:10.580152+00:00,1806733
concrete,2,0.1,0.075,741,186,4000,5.979815687753649,-3.2001565929096984,2026-08-30T23:55:10.605508+00:00,1806733
concrete,3,0.005,0.025,741,186,4000,5.956792851348334,-3.1591710866299048,2026-08-30T23:55:10.653609+00:00,1806733
concrete,3,0.005,0.05,741,186,4000,6.070053601780208,-3.068829391383914,2026-08-30T23:55:10.677960+00:00,1806733
concrete,3,0.005,0.075,741,186,4000,5.923847595911364,-3.059051260418901,2026-08-30T23:55:10.702431+00:00,1806733
concrete,3,0.01,0.025,741,186,4000,6.2036716314313285,-3.2019643731810516,2026-08-30T23:55:10.725839+00:00,1806733
concrete,3,0.01,0.05,741,186,4000,6.243371935266733,-3.1470308578061124,2026-08-30T23:55:10.748874+00:00,1806733
concrete,3,0.01,0.075,741,186,4000,6.257431687874109,-3.190730478108091,2026-08-30T23:55:10.773497+00:00,1806733
concrete,3,0.05,0.025,741,186,4000,6.124438667572101,-3.221188027695861,2026-08-30T23:55:10.798981+00:00,1806733
concrete,3,0.05,0.05,741,186,4000,6.217981014738299,-3.1738482184393884,2026-08-30T23:55:10.825189+00:00,1806733
concrete,3,0.05,0.075,741,186,4000,6.120379839823614,-3.1672641580431597,2026-08-30T23:55:10.850841+00:00,1806733
concrete,3,0.1,0.025,741,186,4000,6.577265810827474,-3.300460491146656,2026-08-30T23:55:10.873830+00:00,1806733
concrete,3,0.1,0.05,741,186,4000,6.513973670761394,-3.2523964973454866,2026-08-30T23:55:10.897995+00:00,1806733
concrete,3,0.1,0.075,741,186,4000,6.586632349931703,-3.262836796536582,2026-08-30T23:55:10.924135+00:00,1806733
concrete,4,0.005,0.025,741,186,4000,4.5277379918354805,-3.0379524934883273,2026-08-31T00:00:56.451607+00:00,1806733
concrete,4,0.005,0.05,741,186,4000,4.580934473916096,-2.935932261599982,2026-08-31T00:00:56.474689+00:00,1806733
concrete,4,0.005,0.075,741,186,4000,4.673978543846085,-2.963175861299106,2026-08-31T00:00:56.499101+00:00,1806733
concrete,4,0.01,0.025,741,186,4000,4.331215390014379,-3.031003059510416,2026-08-31T00:00:56.523097+00:00,1806733
concrete,4,0.01,0.05,741,186,4000,4.56137614886535,-2.9372745590262848,2026-08-31T00:00:56.547542+00:00,1806733
concrete,4,0.01,0.075,741,186,4000,4.519498466633644,-2.919173951093253,2026-08-31T00:00:56.572186+00:00,1806733
concrete,4,0.05,0.025,741,186,4000,4.7568590503108865,-3.1141107651257873,2026-08-31T00:00:56.595954+00:00,1806733
concrete,4,0.05,0.05,741,186,4000,4.835098529856312,-3.018249787302456,2026-08-31T00:00:56.619704+00:00,1806733
concrete,4,0.05,0.075,741,186,4000,4.788317556827752,-2.994158985354478,2026-08-31T00:00:56.643228+00:00,1806733
concrete,4,0.1,0.025,741,186,4000,5.247592527828335,-3.187254845509767,2026-08-31T00:00:56.666805+00:00,1806733
concrete,4,0.1,0.05,741,186,4000,5.289332006951232,-3.106972077880991,2026-08-31T00:00:56.691824+00:00,1806733
concrete,4,0.1,0.075,741,186,4000,5.2518647290905145,-3.0750313269402016,2026-08-31T00:00:56.715720+00:00,1806733
concrete,5,0.005,0.025,741,186,4000,5.212454868792484,-3.107329469919919,2026-08-31T00:01:15.473543+00:00,1806733
concrete,5,0.005,0.05,741,186,4000,5.094021627283243,-3.005026725207533,2026-08-31T00:01:15.497382+00:00,1806733
concrete,5,0.005,0.075,741,186,4000,5.213111516509604,-3.021722214299285,2026-08-31T00:01:15.522522+00:00,1806733
concrete,5,0.01,0.025,741,186,4000,5.385132206085256,-3.127487619220739,2026-08-31T00:01:15.550631+00:00,1806733
concrete,5,0.01,0.05,741,186,4000,5.420413394686624,-3.0516994379246523,2026-08-31T00:01:15.578670+00:00,1806733
concrete,5,0.01,0.075,741,186,4000,5.33828329738366,-3.0113871201577975,2026-08-31T00:01:15.604300+00:00,1806733
concrete,5,0.05,0.025,741,186,4000,5.464730623464969,-3.1715249350094696,2026-08-31T00:01:15.629960+00:00,1806733
concrete,5,0.05,0.05,741,186,4000,5.5023640312505995,-3.082783480836141,2026-08-31T00:01:15.656115+00:00,1806733
concrete,5,0.05,0.075,741,186,4000,5.674964364979714,-3.107140827191698,2026-08-31T00:01:15.679737+00:00,1806733
concrete,5,0.1,0.025,741,186,4000,5.956036478804224,-3.251129491820118,2026-08-31T00:01:15.704047+00:00,1806733
concrete,5,0.1,0.05,741,186,4000,5.914151894138392,-3.1731830281487245,2026-08-31T00:01:15.728002+00:00,1806733
concrete,5,0.1,0.075,741,186,4000,5.900249148265922,-3.1673016352571084,2026-08-31T00:01:15.752435+00:00,1806733
concrete,6,0.005,0.025,741,186,4000,4.762469858073083,-3.061927569622455,2026-08-31T00:01:21.444752+00:00,1806733
concrete,6,0.005,0.05,741,186,4000,4.7687393302549745,-2.9539037401742085,2026-08-31T00:01:21.468370+00:00,1806733
concrete,6,0.005,0.075,741,186,4000,4.720151525785815,-2.9535541783453936,2026-08-31T00:01:21.492839+00:00,1806733
concrete,6,0.01,0.025,741,186,4000,4.6466191368778835,-3.0591033364941884,2026-08-31T00:01:21.515842+00:00,1806733
concrete,6,0.01,0.05,741,186,4000,4.593379010743832,-2.929373059941102,2026-08-31T00:01:21.539379+00:00,1806733
concrete,6,0.01,0.075,741,186,4000,4.532157653089057,-2.9022891135860185,2026-08-31T00:01:21.562280+00:00,1806733
concrete,6,0.05,0.025,741,186,4000,4.923308714954735,-3.132250892348067,2026-08-31T00:01:21.586840+00:00,1806733
concrete,6,0.05,0.05,741,186,4000,4.853075470304356,-3.025785571179033,2026-08-31T00:01:21.610604+00:00,1806733
concrete,6,0.05,0.075,741,186,4000,4.93773139354435,-3.0291592906021285,2026-08-31T00:01:21.633484+00:00,1806733
concrete,6,0.1,0.025,741,186,4000,5.323943400469781,-3.204870029764895,2026-08-31T00:01:21.659005+00:00,1806733
concrete,6,0.1,0.05,741,186,4000,5.43381156943685,-3.144905247323848,2026-08-31T00:01:21.684623+00:00,1806733
concrete,6,0.1,0.075,741,186,4000,5.412822432842241,-3.130292116444294,2026-08-31T00:01:21.707080+00:00,1806733
concrete,7,0.005,0.025,741,186,4000,4.409289267624378,-3.019459982878707,2026-08-31T00:01:31.327697+00:00,1806733
concrete,7,0.005,0.05,741,186,4000,4.33775925700204,-2.859156728640155,2026-08-31T00:01:31.352177+00:00,1806733
concrete,7,0.005,0.075,741,186,4000,4.421217430212099,-2.8440290287380567,2026-08-31T00:01:31.375647+00:00,1806733
concrete,7,0.01,0.025,741,186,4000,4.50295045574417,-3.036265404731944,2026-08-31T00:01:31.400496+00:00,1806733
concrete,7,0.01,0.05,741,186,4000,4.369422740485425,-2.8744402646190497,2026-08-31T00:01:31.425334+00:00,1806733
concrete,7,0.01,0.075,741,186,4000,4.394673168264007,-2.8530778821786194,2026-08-31T00:01:31.448701+00:00,1806733
concrete,7,0.05,0.025,741,186,4000,4.986584662418098,-3.131141068790239,2026-08-31T00:01:31.470907+00:00,1806733
concrete,7,0.05,0.05,741,186,4000,5.116435185280363,-3.052006635242563,2026-08-31T00:01:31.494675+00:00,1806733
concrete,7,0.05,0.075,741,186,4000,5.106390321674932,-3.0448251408392983,2026-08-31T00:01:31.519894+00:00,1806733
concrete,7,0.1,0.025,741,186,4000,5.701347659998495,-3.2383093001973715,2026-08-31T00:01:31.544023+00:00,1806733
concrete,7,0.1,0.05,741,186,4000,5.8368447133441155,-3.190651209386836,2026-08-31T00:01:31.569319+00:00,1806733
concrete,7,0.1,0.075,741,186,4000,5.798742273306728,-3.195859968856139,2026-08-31T00:01:31.593185+00:00,1806733
concrete,8,0.005,0.025,741,186,4000,4.300996799031303,-3.0120573625266323,2026-08-31T00:06:48.656822+00:00,1806733
concrete,8,0.005,0.05,741,186,4000,4.257608961867535,-2.872844184524963,2026-08-31T00:06:48.681082+00:00,1806733
concrete,8,0.005,0.075,741,186,4000,4.350872481188905,-2.8809025523048835,2026-08-31T00:06:48.704486+00:00,1806733
concrete,8,0.01,0.025,741,186,4000,4.378285819033094,-3.026243244243119,2026-08-31T00:06:48.728400+00:00,1806733
concrete,8,0.01,0.05,741,186,4000,4.548717655690903,-2.9223866035686568,2026-08-31T00:06:48.754204+00:00,1806733
concrete,8,0.01,0.075,741,186,4000,4.365866678915901,-2.864886406807667,2026-08-31T00:06:48.777869+00:00,1806733
concrete,8,0.05,0.025,741,186,4000,4.978894947078782,-3.1191003408515967,2026-08-31T00:06:48.802400+00:00,1806733
concrete,8,0.05,0.05,741,186,4000,4.974348882106836,-3.0234586055811925,2026-08-31T00:06:48.829776+00:00,1806733
concrete,8,0.05,0.075,741,186,4000,4.974324385586724,-3.0202673316342565,2026-08-31T00:06:48.855053+00:00,1806733
concrete,8,0.1,0.025,741,186,4000,5.487007503592596,-3.195953477016876,2026-08-31T00:06:48.879646+00:00,1806733
concrete,8,0.1,0.05,741,186,4000,5.5221501892557985,-3.1274195301988077,2026-08-31T00:06:48.904597+00:00,1806733
concrete,8,0.1,0.075,741,186,4000,5.542707565684559,-3.140323001834952,2026-08-31T00:06:48.929501+00:00,1806733
concrete,9,0.005,0.025,741,186,4000,4.108519381607122,-2.998690222835933,2026-08-31T00:06:56.799299+00:00,1806733
concrete,9,0.005,0.05,741,186,4000,4.206443093025055,-2.86943223004768,2026-08-31T00:06:56.822061+00:00,1806733
concrete,9,0.005,0.075,741,186,4000,4.3767481427692285,-2.8793256892904893,2026-08-31T00:06:56.844569+00:00,1806733
concrete,9,0.01,0.025,741,186,4000,4.328511152199104,-3.0321119948908324,2026-08-31T00:06:56.866893+00:00,1806733
concrete,9,0.01,0.05,741,186,4000,4.299176434666692,-2.8972000807575196,2026-08-31T00:06:56.888554+00:00,1806733
concrete,9,0.01,0.075,741,186,4000,4.2709353168198705,-2.8759532661273264,2026-08-31T00:06:56.911796+00:00,1806733
concrete,9,0.05,0.025,741,186,4000,4.780873098011771,-3.117873546042996,2026-08-31T00:06:56.936209+00:00,1806733
concrete,9,0.05,0.05,741,186,4000,4.752420005487819,-2.998777712915184,2026-08-31T00:06:56.958925+00:00,1806733
concrete,9,0.05,0.075,741,186,4000,4.748729067546315,-2.9785348556743627,2026-08-31T00:06:56.982919+00:00,1806733
concrete,9,0.1,0.025,741,186,4000,5.234708180290451,-3.2040819653102726,2026-08-31T00:06:57.008634+00:00,1806733
concrete,9,0.1,0.05,741,186,4000,5.2330099894711735,-3.1108314156596424,2026-08-31T00:06:57.032685+00:00,1806733
concrete,9,0.1,0.075,741,186,4000,5.188175843172322,-3.0838880888665647,2026-08-31T00:06:57.055335+00:00,1806733
concrete,10,0.005,0.025,741,186,4000,5.305509428504458,-3.1107933993848036,2026-08-31T00:07:00.404371+00:00,1806733
concrete,10,0.005,0.05,741,186,4000,5.297251677617601,-3.0282567918240915,2026-08-31T00:07:00.426812+00:00,1806733
concrete,10,0.005,0.075,741,186,4000,5.20062035757082,-3.01151927399162,2026-08-31T00:07:00.449734+00:00,1806733
concrete,10,0.01,0.025,741,186,4000,5.252648418847535,-3.1062952645754844,2026-08-31T00:07:00.472296+00:00,1806733
concrete,10,0.01,0.05,741,186,4000,5.289295745503506,-3.0098274196009354,2026-08-31T00:07:00.496078+00:00,1806733
concrete,10,0.01,0.075,741,186,4000,5.292097447827851,-3.027592077311814,2026-08-31T00:07:00.519255+00:00,1806733
concrete,10,0.05,0.025,741,186,4000,5.517021367127719,-3.1590107600428117,2026-08-31T00:07:00.542850+00:00,1806733
concrete,10,0.05,0.05,741,186,4000,5.474104063133454,-3.0720836378118292,2026-08-31T00:07:00.564406+00:00,1806733
concrete,10,0.05,0.075,741,186,4000,5.521606839352015,-3.077178654479998,2026-08-31T00:07:00.587020+00:00,1806733
concrete,10,0.1,0.025,741,186,4000,6.249614042079356,-3.260437324907616,2026-08-31T00:07:00.610034+00:00,1806733
concrete,10,0.1,0.05,741,186,4000,6.235696948923153,-3.200723642133851,2026-08-31T00:07:00.633495+00:00,1806733
concrete,10,0.1,0.075,741,186,4000,6.259124546087187,-3.2127598087297002,2026-08-31T00:07:00.657924+00:00,1806733
concrete,11,0.005,0.025,741,186,4000,4.580398088217886,-3.047768494786989,2026-08-31T00:07:09.057872+00:00,1806733
concrete,11,0.005,0.05,741,186,4000,4.507831307824696,-2.92979358264645,2026-08-31T00:07:09.079869+00:00,1806733
concrete,11,0.005,0.075,741,186,4000,4.495561178730209,-2.93495748375224,2026-08-31T00:07:09.104445+00:00,1806733
concrete,11,0.01,0.025,741,186,4000,4.569815172174917,-3.0517574171397213,2026-08-31T00:07:09.129406+00:00,1806733
concrete,11,0.01,0.05,741,186,4000,4.8389804805147225,-2.9876352992059103,2026-08-31T00:07:09.152950+00:00,1806733
concrete,11,0.01,0.075,741,186,4000,4.763421863937053,-2.9785555445842236,2026-08-31T00:07:09.174550+00:00,1806733
concrete,11,0.05,0.025,741,186,4000,4.983778685346979,-3.134350882036058,2026-08-31T00:07:09.198505+00:00,1806733
concrete,11,0.05,0.05,741,186,4000,4.865934799323131,-3.021184384972592,2026-08-31T00:07:09.222662+00:00,1806733
concrete,11,0.05,0.075,741,186,4000,4.802720468215307,-2.9989039978758125,2026-08-31T00:07:09.246552+00:00,1806733
concrete,11,0.1,0.025,741,186,4000,5.148968701767129,-3.1772727673120653,2026-08-31T00:07:09.269734+00:00,1806733
concrete,11,0.1,0.05,741,186,4000,5.11453762894599,-3.0706301391165396,2026-08-31T00:07:09.293075+00:00,1806733
concrete,11,0.1,0.075,741,186,4000,5.090170932759665,-3.0385310691576035,2026-08-31T00:07:09.317698+00:00,1806733
concrete,12,0.005,0.025,741,186,4000,4.592945774623149,-3.0439890761858757,2026-08-31T00:12:51.816041+00:00,1806733
concrete,12,0.005,0.05,741,186,4000,4.461354172560883,-2.897741009997506,2026-08-31T00:12:51.837548+00:00,1806733
concrete,12,0.005,0.075,741,186,4000,4.249871308669093,-2.8425300066881585,2026-08-31T00:12:51.914489+00:00,1806733
concrete,12,0.01,0.025,741,186,4000,4.313339043311988,-3.0277374063440172,2026-08-31T00:12:51.936357+00:00,1806733
concrete,12,0.01,0.05,741,186,4000,4.23771886150605,-2.888505171042284,2026-08-31T00:12:51.958774+00:00,1806733
concrete,12,0.01,0.075,741,186,4000,4.251405828620625,-2.875146868729124,2026-08-31T00:12:51.980395+00:00,1806733
concrete,12,0.05,0.025,741,186,4000,5.386093181796419,-3.1704905759740756,2026-08-31T00:12:52.003778+00:00,1806733
concrete,12,0.05,0.05,741,186,4000,5.101590827593257,-3.060587310186833,2026-08-31T00:12:52.027148+00:00,1806733
concrete,12,0.05,0.075,741,186,4000,5.3293722298566,-3.133155034270918,2026-08-31T00:12:52.049409+00:00,1806733
concrete,12,0.1,0.025,741,186,4000,5.646923383948423,-3.227719434922428,2026-08-31T00:12:52.072031+00:00,1806733
concrete,12,0.1,0.05,741,186,4000,5.6276258711287435,-3.1684733557808937,2026-08-31T00:12:52.095061+00:00,1806733
concrete,12,0.1,0.075,741,186,4000,5.769657455633632,-3.2231461598024724,2026-08-31T00:12:52.117576+00:00,1806733
concrete,13,0.005,0.025,741,186,4000,5.808057223306549,-3.1539614718559505,2026-08-31T00:13:18.964586+00:00,1806733
concrete,13,0.005,0.05,741,186,4000,5.782568008253585,-3.0995963764420917,2026-08-31T00:13:18.985417+00:00,1806733
concrete,13,0.005,0.075,741,186,4000,5.878480634352365,-3.135915957117235,2026-08-31T00:13:19.007332+00:00,1806733
concrete,13,0.01,0.025,741,186,4000,5.887613684249992,-3.1789125821614306,2026-08-31T00:13:19.030366+00:00,1806733
concrete,13,0.01,0.05,741,186,4000,5.843023999947903,-3.1080571170660654,2026-08-31T00:13:19.051543+00:00,1806733
concrete,13,0.01,0.075,741,186,4000,5.882440509934286,-3.1522314515643806,2026-08-31T00:13:19.072672+00:00,1806733
concrete,13,0.05,0.025,741,186,4000,6.054858909949628,-3.2255006099950783,2026-08-31T00:13:19.094322+00:00,1806733
concrete,13,0.05,0.05,741,186,4000,6.030214377921448,-3.157057281248499,2026-08-31T00:13:19.115807+00:00,1806733
concrete,13,0.05,0.075,741,186,4000,6.091440625245514,-3.170130247522813,2026-08-31T00:13:19.138824+00:00,1806733
concrete,13,0.1,0.025,741,186,4000,6.579302156379048,-3.3056368528830364,2026-08-31T00:13:19.163340+00:00,1806733
concrete,13,0.1,0.05,741,186,4000,6.606767984112588,-3.267408651917655,2026-08-31T00:13:19.188004+00:00,1806733
concrete,13,0.1,0.075,741,186,4000,6.575903974967982,-3.277740292958765,2026-08-31T00:13:19.211421+00:00,1806733
concrete,14,0.005,0.025,741,186,4000,5.689556047983944,-3.1711692263374665,2026-08-31T00:13:29.212815+00:00,1806733
concrete,14,0.005,0.05,741,186,4000,5.77698289815529,-3.1252376034769016,2026-08-31T00:13:29.236801+00:00,1806733
concrete,14,0.005,0.075,741,186,4000,5.606965421403525,-3.123928049925442,2026-08-31T00:13:29.258651+00:00,1806733
concrete,14,0.01,0.025,741,186,4000,5.458616381627226,-3.1426745431627805,2026-08-31T00:13:29.281437+00:00,1806733
concrete,14,0.01,0.05,741,186,4000,5.408286969100444,-3.0786838830882113,2026-08-31T00:13:29.304531+00:00,1806733
concrete,14,0.01,0.075,741,186,4000,5.450354126444738,-3.068378001828473,2026-08-31T00:13:29.326752+00:00,1806733
concrete,14,0.05,0.025,741,186,4000,6.0248191380665705,-3.237615867222496,2026-08-31T00:13:29.350499+00:00,1806733
concrete,14,0.05,0.05,741,186,4000,6.0378317984908705,-3.1783083725960215,2026-08-31T00:13:29.375268+00:00,1806733
concrete,14,0.05,0.075,741,186,4000,6.074882447976703,-3.193577720908492,2026-08-31T00:13:29.399612+00:00,1806733
concrete,14,0.1,0.025,741,186,4000,6.584313839138455,-3.311545917322241,2026-08-31T00:13:29.423952+00:00,1806733
concrete,14,0.1,0.05,741,186,4000,6.60111110745249,-3.2724910698378116,2026-08-31T00:13:29.445836+00:00,1806733
concrete,14,0.1,0.075,741,186,4000,6.577784048263917,-3.2838938512002382,2026-08-31T00:13:29.468803+00:00,1806733
concrete,15,0.005,0.025,741,186,4000,4.077459450783121,-2.9944058584033457,2026-08-31T00:13:36.008336+00:00,1806733
concrete,15,0.005,0.05,741,186,4000,4.092289526982686,-2.8511390598638338,2026-08-31T00:13:36.030873+00:00,1806733
concrete,15,0.005,0.075,741,186,4000,4.109994546106249,-2.829639098926615,2026-08-31T00:13:36.051228+00:00,1806733
concrete,15,0.01,0.025,741,186,4000,4.428815829037933,-3.037354985116475,2026-08-31T00:13:36.072997+00:00,1806733
concrete,15,0.01,0.05,741,186,4000,4.383576565562213,-2.905943590840524,2026-08-31T00:13:36.096499+00:00,1806733
concrete,15,0.01,0.075,741,186,4000,4.453972207587676,-2.920961135813731,2026-08-31T00:13:36.119717+00:00,1806733
concrete,15,0.05,0.025,741,186,4000,5.352199549086126,-3.1736812887291905,2026-08-31T00:13:36.145144+00:00,1806733
concrete,15,0.05,0.05,741,186,4000,5.203008241748749,-3.0769594703286707,2026-08-31T00:13:36.169855+00:00,1806733
concrete,15,0.05,0.075,741,186,4000,5.2342597806406745,-3.0991943643861593,2026-08-31T00:13:36.197766+00:00,1806733
concrete,15,0.1,0.025,741,186,4000,5.9544058666467095,-3.27705272268894,2026-08-31T00:13:36.221753+00:00,1806733
concrete,15,0.1,0.05,741,186,4000,5.944222037932922,-3.242161740589391,2026-08-31T00:13:36.245019+00:00,1806733
concrete,15,0.1,0.075,741,186,4000,5.914898544237048,-3.261722393872242,2026-08-31T00:13:36.267294+00:00,1806733
concrete,16,0.005,0.025,741,186,4000,5.606980258899629,-3.152785731932712,2026-08-31T00:18:26.259082+00:00,1806733
concrete,16,0.005,0.05,741,186,4000,5.611988969365187,-3.07693561559908,2026-08-31T00:18:26.279422+00:00,1806733
concrete,16,0.005,0.075,741,186,4000,5.624240613084127,-3.108234940271569,2026-08-31T00:18:26.301153+00:00,1806733
concrete,16,0.01,0.025,741,186,4000,5.78769811156271,-3.173496412598539,2026-08-31T00:18:26.323704+00:00,1806733
concrete,16,0.01,0.05,741,186,4000,5.868982801013624,-3.11366878513192,2026-08-31T00:18:26.345710+00:00,1806733
concrete,16,0.01,0.075,741,186,4000,5.82531757691098,-3.1365437700850114,2026-08-31T00:18:26.367971+00:00,1806733
concrete,16,0.05,0.025,741,186,4000,6.060304236966776,-3.2315760914679506,2026-08-31T00:18:26.390462+00:00,1806733
concrete,16,0.05,0.05,741,186,4000,6.053929910908195,-3.1737937299315324,2026-08-31T00:18:26.412013+00:00,1806733
concrete,16,0.05,0.075,741,186,4000,6.039264319764367,-3.1774481220203046,2026-08-31T00:18:26.434536+00:00,1806733
concrete,16,0.1,0.025,741,186,4000,6.404138570816687,-3.2937310284297125,2026-08-31T00:18:26.456714+00:00,1806733
concrete,16,0.1,0.05,741,186,4000,6.415431055185797,-3.2428073744439176,2026-08-31T00:18:26.479322+00:00,1806733
concrete,16,0.1,0.075,741,186,4000,6.44020227303787,-3.2613726150896536,2026-08-31T00:18:26.500241+00:00,1806733
concrete,17,0.005,0.025,741,186,4000,5.393304611608465,-3.1226510192869616,2026-08-31T00:18:37.735878+00:00,1806733
concrete,17,0.005,0.05,741,186,4000,5.435241627754389,-3.0407501206266785,2026-08-31T00:18:37.757326+00:00,1806733
concrete,17,0.005,0.075,741,186,4000,5.217021238902722,-3.0147015817598066,2026-08-31T00:18:37.778356+00:00,1806733
concrete,17,0.01,0.025,741,186,4000,5.253739523667023,-3.1149783675060574,2026-08-31T00:18:37.799017+00:00,1806733
concrete,17,0.01,0.05,741,186,4000,5.265029349656767,-3.032669547228188,2026-08-31T00:18:37.820548+00:00,1806733
concrete,17,0.01,0.075,741,186,4000,5.2941914624975075,-3.0424483594508533,2026-08-31T00:18:37.844236+00:00,1806733
concrete,17,0.05,0.025,741,186,4000,5.631929475137603,-3.197173679973696,2026-08-31T00:18:37.866992+00:00,1806733
concrete,17,0.05,0.05,741,186,4000,5.722534533841811,-3.137145141390593,2026-08-31T00:18:37.888119+00:00,1806733
concrete,17,0.05,0.075,741,186,4000,5.658529347322976,-3.148702564595136,2026-08-31T00:18:37.910210+00:00,1806733
concrete,17,0.1,0.025,741,186,4000,5.870015634883886,-3.2544349189584407,2026-08-31T00:18:37.931015+00:00,1806733
concrete,17,0.1,0.05,741,186,4000,5.871436601208534,-3.196684986198211,2026-08-31T00:18:37.952631+00:00,1806733
concrete,17,0.1,0.075,741,186,4000,5.889481205070645,-3.213658998008244,2026-08-31T00:18:37.973067+00:00,1806733
concrete,18,0.005,0.025,741,186,4000,5.169100614572191,-3.079562857954272,2026-08-31T00:18:39.479339+00:00,1806733
concrete,18,0.005,0.05,741,186,4000,4.915764126861286,-2.939261532753995,2026-08-31T00:18:39.500840+00:00,1806733
concrete,18,0.005,0.075,741,186,4000,4.856578491710941,-2.9017947732469533,2026-08-31T00:18:39.524481+00:00,1806733
concrete,18,0.01,0.025,741,186,4000,4.92191628690069,-3.0530901744071524,2026-08-31T00:18:39.545352+00:00,1806733
concrete,18,0.01,0.05,741,186,4000,4.794765563761085,-2.915414671786695,2026-08-31T00:18:39.568065+00:00,1806733
concrete,18,0.01,0.075,741,186,4000,4.823071220522109,-2.914839756203145,2026-08-31T00:18:39.590768+00:00,1806733
concrete,18,0.05,0.025,741,186,4000,5.013451470907143,-3.128783473106877,2026-08-31T00:18:39.613685+00:00,1806733
concrete,18,0.05,0.05,741,186,4000,5.140501025962372,-3.038853259719859,2026-08-31T00:18:39.636062+00:00,1806733
concrete,18,0.05,0.075,741,186,4000,5.121275195090803,-3.010418200770958,2026-08-31T00:18:39.656537+00:00,1806733
concrete,18,0.1,0.025,741,186,4000,5.669480592400028,-3.2179547889140974,2026-08-31T00:18:39.679444+00:00,1806733
concrete,18,0.1,0.05,741,186,4000,5.6317906072652,-3.132863018474013,2026-08-31T00:18:39.701875+00:00,1806733
concrete,18,0.1,0.075,741,186,4000,5.604077366235019,-3.1110803808487133,2026-08-31T00:18:39.723478+00:00,1806733
concrete,19,0.005,0.025,741,186,4000,4.226885446140657,-2.990348230413833,2026-08-31T00:18:51.815569+00:00,1806733
concrete,19,0.005,0.05,741,186,4000,4.5087525311398755,-2.849344515669926,2026-08-31T00:18:51.837066+00:00,1806733
concrete,19,0.005,0.075,741,186,4000,4.2100611328367235,-2.7575164549617655,2026-08-31T00:18:51.858449+00:00,1806733
concrete,19,0.01,0.025,741,186,4000,4.662065143644093,-3.0454931278737036,2026-08-31T00:18:51.880108+00:00,1806733
concrete,19,0.01,0.05,741,186,4000,4.649045572855741,-2.8997808025865637,2026-08-31T00:18:51.901605+00:00,1806733
concrete,19,0.01,0.075,741,186,4000,4.892023255369984,-2.9079569547560986,2026-08-31T00:18:51.922385+00:00,1806733
concrete,19,0.05,0.025,741,186,4000,5.292224061828683,-3.131047384447855,2026-08-31T00:18:51.943840+00:00,1806733
concrete,19,0.05,0.05,741,186,4000,5.332468331152383,-3.018984492950147,2026-08-31T00:18:51.964452+00:00,1806733
concrete,19,0.05,0.075,741,186,4000,5.365798457852159,-3.0123765905613076,2026-08-31T00:18:51.985891+00:00,1806733
concrete,19,0.1,0.025,741,186,4000,5.634543146008293,-3.202311100390744,2026-08-31T00:18:52.008539+00:00,1806733
concrete,19,0.1,0.05,741,186,4000,5.638127272392053,-3.1062666405407158,2026-08-31T00:18:52.030259+00:00,1806733
concrete,19,0.1,0.075,741,186,4000,5.629804599037069,-3.1004763339512795,2026-08-31T00:18:52.050202+00:00,1806733
