dataset,method,seed,epoch,val_nll,val_ll,val_rmse,mean_var_aleatoric,mean_var_epistemic,n_fit,n_val,n_train_full,batch_size,steps_per_epoch,total_steps,elbo_samples,run_aborted,max_epoch_measured,run_train_time_s,timestamp,git_commit,on_grid
energy,map,0,5,0.8578591302042042,-0.8578591302042042,0.3180809316919474,0.7769492167548454,0.0,553,138,691,128,5,25,,False,2000,9.76525459997356,2026-08-27T09:49:57.132935+00:00,1806733,True
energy,map,0,10,0.72716276719366,-0.72716276719366,0.2781610422088153,0.598842445634283,0.0,553,138,691,128,5,50,,False,2000,9.76525459997356,2026-08-27T09:49:57.132935+00:00,1806733,True
energy,map,0,20,0.4978369497176114,-0.4978369497176114,0.25010001726645,0.3624894254838613,0.0,553,138,691,128,5,100,,False,2000,9.76525459997356,2026-08-27T09:49:57.132935+00:00,1806733,True
energy,map,0,50,-0.065717694478986,0.065717694478986,0.1952033188211802,0.0923891910713962,0.0,553,138,691,128,5,250,,False,2000,9.76525459997356,2026-08-27T09:49:57.132935+00:00,1806733,True
energy,map,0,100,-0.9853739531522776,0.9853739531522776,0.0822165306156161,0.0133846133086094,0.0,553,138,691,128,5,500,,False,2000,9.76525459997356,2026-08-27T09:49:57.132935+00:00,1806733,True
energy,map,0,200,-1.5822242911288995,1.5822242911288995,0.049544687903002,0.0027800401086596,0.0,553,138,691,128,5,1000,,False,2000,9.76525459997356,2026-08-27T09:49:57.132935+00:00,1806733,True
energy,map,0,500,-1.607597167378184,1.607597167378184,0.0483065536304336,0.002072792270509,0.0,553,138,691,128,5,2500,,False,2000,9.76525459997356,2026-08-27T09:49:57.132935+00:00,1806733,True
energy,map,0,1000,-1.640290605642569,1.640290605642569,0.0466773861814745,0.001890900140188,0.0,553,138,691,128,5,5000,,False,2000,9.76525459997356,2026-08-27T09:49:57.132935+00:00,1806733,True
energy,map,0,2000,-1.5997349221793258,1.5997349221793258,0.0458241453752853,0.0013156045365775,0.0,553,138,691,128,5,10000,,False,2000,9.76525459997356,2026-08-27T09:49:57.132935+00:00,1806733,True
energy,map,1,5,0.8839430124085677,-0.8839430124085677,0.3243842644238414,0.8201284560294352,0.0,553,138,691,128,5,25,,False,2000,9.736855399911292,2026-08-27T09:49:57.132935+00:00,1806733,True
energy,map,1,10,0.7564315442914589,-0.7564315442914589,0.2915226695606114,0.6315483184861858,0.0,553,138,691,128,5,50,,False,2000,9.736855399911292,2026-08-27T09:49:57.132935+00:00,1806733,True
energy,map,1,20,0.5141043892320202,-0.5141043892320202,0.2444642574160923,0.3802910587200013,0.0,553,138,691,128,5,100,,False,2000,9.736855399911292,2026-08-27T09:49:57.132935+00:00,1806733,True
energy,map,1,50,-0.1731196100454716,0.1731196100454716,0.1485691270402983,0.0874695542912428,0.0,553,138,691,128,5,250,,False,2000,9.736855399911292,2026-08-27T09:49:57.132935+00:00,1806733,True
energy,map,1,100,-0.9277147643588434,0.9277147643588434,0.0954636887513961,0.01005842847238,0.0,553,138,691,128,5,500,,False,2000,9.736855399911292,2026-08-27T09:49:57.132935+00:00,1806733,True
energy,map,1,200,-1.543128855033712,1.543128855033712,0.0513475189652229,0.0031346232159657,0.0,553,138,691,128,5,1000,,False,2000,9.736855399911292,2026-08-27T09:49:57.132935+00:00,1806733,True
energy,map,1,500,-1.354289518318636,1.354289518318636,0.0592258393660574,0.0022857064554285,0.0,553,138,691,128,5,2500,,False,2000,9.736855399911292,2026-08-27T09:49:57.132935+00:00,1806733,True
energy,map,1,1000,-1.669698239922302,1.669698239922302,0.0448980579450022,0.0015964472597102,0.0,553,138,691,128,5,5000,,False,2000,9.736855399911292,2026-08-27T09:49:57.132935+00:00,1806733,True
energy,map,1,2000,-1.6532926502882157,1.6532926502882157,0.0439658433737169,0.0012646140691856,0.0,553,138,691,128,5,10000,,False,2000,9.736855399911292,2026-08-27T09:49:57.132935+00:00,1806733,True
energy,map,2,5,0.9144301091468714,-0.9144301091468714,0.3561670703594786,0.854265929253735,0.0,553,138,691,128,5,25,,False,2000,9.75347979995422,2026-08-27T09:49:57.132935+00:00,1806733,True
energy,map,2,10,0.7702232547803637,-0.7702232547803637,0.283671701239289,0.6571200161126671,0.0,553,138,691,128,5,50,,False,2000,9.75347979995422,2026-08-27T09:49:57.132935+00:00,1806733,True
energy,map,2,20,0.532127147839072,-0.532127147839072,0.2515161265551286,0.3926980033145909,0.0,553,138,691,128,5,100,,False,2000,9.75347979995422,2026-08-27T09:49:57.132935+00:00,1806733,True
energy,map,2,50,-0.1568640536730687,0.1568640536730687,0.1476047185097998,0.0917043409787171,0.0,553,138,691,128,5,250,,False,2000,9.75347979995422,2026-08-27T09:49:57.132935+00:00,1806733,True
energy,map,2,100,-0.8979340289971581,0.8979340289971581,0.0984322527492677,0.0104837848674985,0.0,553,138,691,128,5,500,,False,2000,9.75347979995422,2026-08-27T09:49:57.132935+00:00,1806733,True
energy,map,2,200,-1.3909869319348165,1.3909869319348165,0.059466046881734,0.002852258517757,0.0,553,138,691,128,5,1000,,False,2000,9.75347979995422,2026-08-27T09:49:57.132935+00:00,1806733,True
energy,map,2,500,-1.4842116433488557,1.4842116433488557,0.0536354727016411,0.0021631912408968,0.0,553,138,691,128,5,2500,,False,2000,9.75347979995422,2026-08-27T09:49:57.132935+00:00,1806733,True
energy,map,2,1000,-1.526560207833472,1.526560207833472,0.0510532459849593,0.0018844762520848,0.0,553,138,691,128,5,5000,,False,2000,9.75347979995422,2026-08-27T09:49:57.132935+00:00,1806733,True
energy,map,2,2000,-1.3892567554859363,1.3892567554859363,0.0519583731063067,0.0013616228617423,0.0,553,138,691,128,5,10000,,False,2000,9.75347979995422,2026-08-27T09:49:57.132935+00:00,1806733,True
energy,mcd,0,5,0.8635250666456641,-0.8635250666456641,0.3160787845862051,0.7774363114352153,0.0110368470972052,553,138,691,128,5,25,,False,2000,10.835487099946477,2026-08-27T09:49:57.132935+00:00,1806733,True
energy,mcd,0,10,0.73754030091168,-0.73754030091168,0.2833928811517764,0.5994945123060855,0.0101512966445394,553,138,691,128,5,50,,False,2000,10.835487099946477,2026-08-27T09:49:57.132935+00:00,1806733,True
energy,mcd,0,20,0.5238087880843717,-0.5238087880843717,0.2698645309027538,0.3642960076593866,0.0085699432286081,553,138,691,128,5,100,,False,2000,10.835487099946477,2026-08-27T09:49:57.132935+00:00,1806733,True
energy,mcd,0,50,0.0739839918524501,-0.0739839918524501,0.2206054291001286,0.1093853243098501,0.0138913011526965,553,138,691,128,5,250,,False,2000,10.835487099946477,2026-08-27T09:49:57.132935+00:00,1806733,True
energy,mcd,0,100,-0.2192684890403437,0.2192684890403437,0.1733688099963991,0.0470274334894943,0.0162457830257905,553,138,691,128,5,500,,False,2000,10.835487099946477,2026-08-27T09:49:57.132935+00:00,1806733,True
energy,mcd,0,200,-0.3478789745548727,0.3478789745548727,0.1526687326769669,0.0346081928757176,0.0146456285953431,553,138,691,128,5,1000,,False,2000,10.835487099946477,2026-08-27T09:49:57.132935+00:00,1806733,True
energy,mcd,0,500,-0.5160974418414634,0.5160974418414634,0.1115937455561152,0.0279626607421333,0.0143572626157195,553,138,691,128,5,2500,,False,2000,10.835487099946477,2026-08-27T09:49:57.132935+00:00,1806733,True
energy,mcd,0,1000,-0.5071219241133815,0.5071219241133815,0.1197015538794921,0.0265181620590149,0.0139539448477936,553,138,691,128,5,5000,,False,2000,10.835487099946477,2026-08-27T09:49:57.132935+00:00,1806733,True
energy,mcd,0,2000,-0.5273143947205589,0.5273143947205589,0.1111347116963879,0.0265190607813165,0.0146402894452354,553,138,691,128,5,10000,,False,2000,10.835487099946477,2026-08-27T09:49:57.132935+00:00,1806733,True
energy,mcd,1,5,0.8880162825864727,-0.8880162825864727,0.3219780260549775,0.818227675920104,0.011312694451862,553,138,691,128,5,25,,False,2000,10.947434499976223,2026-08-27T09:49:57.132935+00:00,1806733,True
energy,mcd,1,10,0.7615854780128545,-0.7615854780128545,0.2892446408060763,0.6303338729464586,0.0101578694957872,553,138,691,128,5,50,,False,2000,10.947434499976223,2026-08-27T09:49:57.132935+00:00,1806733,True
energy,mcd,1,20,0.5301488440613475,-0.5301488440613475,0.2523374505881485,0.3807211137281001,0.0094096061401372,553,138,691,128,5,100,,False,2000,10.947434499976223,2026-08-27T09:49:57.132935+00:00,1806733,True
energy,mcd,1,50,0.0595319512059158,-0.0595319512059158,0.2081592044354303,0.1107523103516782,0.0156649415125295,553,138,691,128,5,250,,False,2000,10.947434499976223,2026-08-27T09:49:57.132935+00:00,1806733,True
energy,mcd,1,100,-0.2530277121094794,0.2530277121094794,0.1621239460004651,0.045445044449656,0.0174064354008714,553,138,691,128,5,500,,False,2000,10.947434499976223,2026-08-27T09:49:57.132935+00:00,1806733,True
energy,mcd,1,200,-0.4110689251982247,0.4110689251982247,0.126687005370176,0.0340536840580378,0.0168556135515094,553,138,691,128,5,1000,,False,2000,10.947434499976223,2026-08-27T09:49:57.132935+00:00,1806733,True
energy,mcd,1,500,-0.4961342584465975,0.4961342584465975,0.1129732712194956,0.0291481017931907,0.0150374117358994,553,138,691,128,5,2500,,False,2000,10.947434499976223,2026-08-27T09:49:57.132935+00:00,1806733,True
energy,mcd,1,1000,-0.5408344906726523,0.5408344906726523,0.100367872150486,0.027920983855385,0.0146877996527591,553,138,691,128,5,5000,,False,2000,10.947434499976223,2026-08-27T09:49:57.132935+00:00,1806733,True
energy,mcd,1,2000,-0.5254947602650383,0.5254947602650383,0.1126315267832974,0.0268847896268605,0.013822854662364,553,138,691,128,5,10000,,False,2000,10.947434499976223,2026-08-27T09:49:57.132935+00:00,1806733,True
energy,mcd,2,5,0.9204086484804554,-0.9204086484804554,0.3581158713904159,0.8559064860892239,0.0086631608783381,553,138,691,128,5,25,,False,2000,10.961253499961458,2026-08-27T09:49:57.132935+00:00,1806733,True
energy,mcd,2,10,0.780644915879014,-0.780644915879014,0.2893878050770039,0.6588610209730628,0.0101450216121941,553,138,691,128,5,50,,False,2000,10.961253499961458,2026-08-27T09:49:57.132935+00:00,1806733,True
energy,mcd,2,20,0.5508004451851001,-0.5508004451851001,0.2597485574422489,0.3954346695828905,0.0098475422979368,553,138,691,128,5,100,,False,2000,10.961253499961458,2026-08-27T09:49:57.132935+00:00,1806733,True
energy,mcd,2,50,0.1001314466119693,-0.1001314466119693,0.2291182587426012,0.1143987299457792,0.0135898497250365,553,138,691,128,5,250,,False,2000,10.961253499961458,2026-08-27T09:49:57.132935+00:00,1806733,True
energy,mcd,2,100,-0.297804014666125,0.297804014666125,0.1474492522526485,0.0447917495731618,0.0161406173946082,553,138,691,128,5,500,,False,2000,10.961253499961458,2026-08-27T09:49:57.132935+00:00,1806733,True
energy,mcd,2,200,-0.4266289508265424,0.4266289508265424,0.1296525457599327,0.0326833629931117,0.0150370510254832,553,138,691,128,5,1000,,False,2000,10.961253499961458,2026-08-27T09:49:57.132935+00:00,1806733,True
energy,mcd,2,500,-0.4467742130357201,0.4467742130357201,0.1351210789292942,0.0286506240390162,0.0136549390306726,553,138,691,128,5,2500,,False,2000,10.961253499961458,2026-08-27T09:49:57.132935+00:00,1806733,True
energy,mcd,2,1000,-0.518853069727548,0.518853069727548,0.1117928246835627,0.0274250481515121,0.0142198391451901,553,138,691,128,5,5000,,False,2000,10.961253499961458,2026-08-27T09:49:57.132935+00:00,1806733,True
energy,mcd,2,2000,-0.4556641938956545,0.4556641938956545,0.124805890582219,0.0310525926375877,0.014282092247648,553,138,691,128,5,10000,,False,2000,10.961253499961458,2026-08-27T09:49:57.132935+00:00,1806733,True
energy,bbb,0,5,0.8764793274397624,-0.8764793274397624,0.3250634879253838,0.7825836470129077,0.0231711257113765,553,138,691,128,5,25,8.0,False,2000,67.70959250000305,2026-08-27T09:49:57.132935+00:00,1806733,True
energy,bbb,0,10,0.7642749816762021,-0.7642749816762021,0.305206722041822,0.61108057746995,0.0224694880089208,553,138,691,128,5,50,8.0,False,2000,67.70959250000305,2026-08-27T09:49:57.132935+00:00,1806733,True
energy,bbb,0,20,0.5551775324946714,-0.5551775324946714,0.2696648376352582,0.380360273361444,0.0228025816698579,553,138,691,128,5,100,8.0,False,2000,67.70959250000305,2026-08-27T09:49:57.132935+00:00,1806733,True
energy,bbb,0,50,0.141703764095917,-0.141703764095917,0.2294961394504538,0.1239984869046678,0.0243167209865335,553,138,691,128,5,250,8.0,False,2000,67.70959250000305,2026-08-27T09:49:57.132935+00:00,1806733,True
energy,bbb,0,100,-0.2862829969190801,0.2862829969190801,0.1526607332416756,0.0465146964885617,0.0149750799150839,553,138,691,128,5,500,8.0,False,2000,67.70959250000305,2026-08-27T09:49:57.132935+00:00,1806733,True
energy,bbb,0,200,-0.6942436685778477,0.6942436685778477,0.0980657740737156,0.0187720912385604,0.0094251980815322,553,138,691,128,5,1000,8.0,False,2000,67.70959250000305,2026-08-27T09:49:57.132935+00:00,1806733,True
energy,bbb,0,500,-1.285312208371325,1.285312208371325,0.0650188633753346,0.0047778001144246,0.0017702922724188,553,138,691,128,5,2500,8.0,False,2000,67.70959250000305,2026-08-27T09:49:57.132935+00:00,1806733,True
energy,bbb,0,1000,-1.5745907895595093,1.5745907895595093,0.0490370532179336,0.002815516499806,0.0005188822075219,553,138,691,128,5,5000,8.0,False,2000,67.70959250000305,2026-08-27T09:49:57.132935+00:00,1806733,True
energy,bbb,0,2000,-1.5509055629279955,1.5509055629279955,0.0510086083628269,0.0027213128511556,0.0002709080837987,553,138,691,128,5,10000,8.0,False,2000,67.70959250000305,2026-08-27T09:49:57.132935+00:00,1806733,True
concrete,map,0,5,0.9696995001594912,-0.9696995001594912,0.5452309498611955,0.7411155019481049,0.0,742,185,927,128,6,30,,False,2000,11.723216100013817,2026-08-27T09:49:57.132935+00:00,1806733,True
concrete,map,0,10,0.7858291304628144,-0.7858291304628144,0.4330599871029779,0.5422104885177707,0.0,742,185,927,128,6,60,,False,2000,11.723216100013817,2026-08-27T09:49:57.132935+00:00,1806733,True
concrete,map,0,20,0.5584191995894188,-0.5584191995894188,0.3763278590048783,0.3061779445211804,0.0,742,185,927,128,6,120,,False,2000,11.723216100013817,2026-08-27T09:49:57.132935+00:00,1806733,True
concrete,map,0,50,0.3163538213313516,-0.3163538213313516,0.3319950524837857,0.1118022109442647,0.0,742,185,927,128,6,300,,False,2000,11.723216100013817,2026-08-27T09:49:57.132935+00:00,1806733,True
concrete,map,0,100,0.3294893661912607,-0.3294893661912607,0.3219980202448018,0.0701197184424429,0.0,742,185,927,128,6,600,,False,2000,11.723216100013817,2026-08-27T09:49:57.132935+00:00,1806733,True
concrete,map,0,200,0.4937742617491571,-0.4937742617491571,0.3208686399015695,0.0463531213791716,0.0,742,185,927,128,6,1200,,False,2000,11.723216100013817,2026-08-27T09:49:57.132935+00:00,1806733,True
concrete,map,0,500,0.4631866858722892,-0.4631866858722892,0.2803093685384629,0.0304546199085158,0.0,742,185,927,128,6,3000,,False,2000,11.723216100013817,2026-08-27T09:49:57.132935+00:00,1806733,True
concrete,map,0,1000,0.8644251734441221,-0.8644251734441221,0.2898749605357454,0.0229148631475042,0.0,742,185,927,128,6,6000,,False,2000,11.723216100013817,2026-08-27T09:49:57.132935+00:00,1806733,True
concrete,map,0,2000,1.2293603634538088,-1.2293603634538088,0.2999762647089676,0.0198101626318357,0.0,742,185,927,128,6,12000,,False,2000,11.723216100013817,2026-08-27T09:49:57.132935+00:00,1806733,True
concrete,map,1,5,0.9777302360939668,-0.9777302360939668,0.5410188634480372,0.7685303591120114,0.0,742,185,927,128,6,30,,False,2000,11.736861600074915,2026-08-27T09:49:57.132935+00:00,1806733,True
concrete,map,1,10,0.7927467865183727,-0.7927467865183727,0.4296422402672684,0.5581684267307034,0.0,742,185,927,128,6,60,,False,2000,11.736861600074915,2026-08-27T09:49:57.132935+00:00,1806733,True
concrete,map,1,20,0.5522703227512965,-0.5522703227512965,0.3639439067171077,0.315736019773889,0.0,742,185,927,128,6,120,,False,2000,11.736861600074915,2026-08-27T09:49:57.132935+00:00,1806733,True
concrete,map,1,50,0.3742485784100213,-0.3742485784100213,0.3515687156601302,0.1174608496422524,0.0,742,185,927,128,6,300,,False,2000,11.736861600074915,2026-08-27T09:49:57.132935+00:00,1806733,True
concrete,map,1,100,0.294537703816789,-0.294537703816789,0.3138393481647579,0.0694284194285927,0.0,742,185,927,128,6,600,,False,2000,11.736861600074915,2026-08-27T09:49:57.132935+00:00,1806733,True
concrete,map,1,200,0.5912603838707037,-0.5912603838707037,0.3372630331543045,0.0476021600650289,0.0,742,185,927,128,6,1200,,False,2000,11.736861600074915,2026-08-27T09:49:57.132935+00:00,1806733,True
concrete,map,1,500,0.99269476626688,-0.99269476626688,0.351283030317267,0.0353617883916924,0.0,742,185,927,128,6,3000,,False,2000,11.736861600074915,2026-08-27T09:49:57.132935+00:00,1806733,True
concrete,map,1,1000,1.1676471743980117,-1.1676471743980117,0.3394830014010279,0.0283932195361434,0.0,742,185,927,128,6,6000,,False,2000,11.736861600074915,2026-08-27T09:49:57.132935+00:00,1806733,True
concrete,map,1,2000,1.605593338932111,-1.605593338932111,0.3463569130672551,0.0233903635828835,0.0,742,185,927,128,6,12000,,False,2000,11.736861600074915,2026-08-27T09:49:57.132935+00:00,1806733,True
concrete,map,2,5,1.0088840448777765,-1.0088840448777765,0.5672805332150174,0.8010382225456822,0.0,742,185,927,128,6,30,,False,2000,11.78792449994944,2026-08-27T09:49:57.132935+00:00,1806733,True
concrete,map,2,10,0.8272267739605643,-0.8272267739605643,0.4550277852672565,0.5839028465300087,0.0,742,185,927,128,6,60,,False,2000,11.78792449994944,2026-08-27T09:49:57.132935+00:00,1806733,True
concrete,map,2,20,0.5806423127934636,-0.5806423127934636,0.3811115931279624,0.3252507769926547,0.0,742,185,927,128,6,120,,False,2000,11.78792449994944,2026-08-27T09:49:57.132935+00:00,1806733,True
concrete,map,2,50,0.391988853654895,-0.391988853654895,0.3571882196385254,0.1155365010805777,0.0,742,185,927,128,6,300,,False,2000,11.78792449994944,2026-08-27T09:49:57.132935+00:00,1806733,True
concrete,map,2,100,0.3979338952488839,-0.3979338952488839,0.3363481558867773,0.0698746716138746,0.0,742,185,927,128,6,600,,False,2000,11.78792449994944,2026-08-27T09:49:57.132935+00:00,1806733,True
concrete,map,2,200,0.5142776698032823,-0.5142776698032823,0.3286506370926029,0.0489065822613537,0.0,742,185,927,128,6,1200,,False,2000,11.78792449994944,2026-08-27T09:49:57.132935+00:00,1806733,True
concrete,map,2,500,0.7078707445370964,-0.7078707445370964,0.3142767253143185,0.0330649653434362,0.0,742,185,927,128,6,3000,,False,2000,11.78792449994944,2026-08-27T09:49:57.132935+00:00,1806733,True
concrete,map,2,1000,0.8029766642963999,-0.8029766642963999,0.2997587530292985,0.02641255799917,0.0,742,185,927,128,6,6000,,False,2000,11.78792449994944,2026-08-27T09:49:57.132935+00:00,1806733,True
concrete,map,2,2000,1.1121334095217923,-1.1121334095217923,0.3076833262666476,0.0226904226813855,0.0,742,185,927,128,6,12000,,False,2000,11.78792449994944,2026-08-27T09:49:57.132935+00:00,1806733,True
concrete,mcd,0,5,0.9839154289685464,-0.9839154289685464,0.549733535562232,0.757059723887622,0.0129936187068942,742,185,927,128,6,30,,False,2000,13.142901999992318,2026-08-27T09:49:57.132935+00:00,1806733,True
concrete,mcd,0,10,0.8168615851449896,-0.8168615851449896,0.4494004037954767,0.5555612845342994,0.0180780900394426,742,185,927,128,6,60,,False,2000,13.142901999992318,2026-08-27T09:49:57.132935+00:00,1806733,True
concrete,mcd,0,20,0.61665143311719,-0.61665143311719,0.3975842689212207,0.3247601377088289,0.0216570640275467,742,185,927,128,6,120,,False,2000,13.142901999992318,2026-08-27T09:49:57.132935+00:00,1806733,True
concrete,mcd,0,50,0.4087738817424189,-0.4087738817424189,0.3440864925770844,0.169881672234688,0.0253834684167856,742,185,927,128,6,300,,False,2000,13.142901999992318,2026-08-27T09:49:57.132935+00:00,1806733,True
concrete,mcd,0,100,0.3592928978088605,-0.3592928978088605,0.328970220799344,0.147465279926502,0.0260507547861919,742,185,927,128,6,600,,False,2000,13.142901999992318,2026-08-27T09:49:57.132935+00:00,1806733,True
concrete,mcd,0,200,0.3144312753071464,-0.3144312753071464,0.3154671491366869,0.1286888369463934,0.0290319257278902,742,185,927,128,6,1200,,False,2000,13.142901999992318,2026-08-27T09:49:57.132935+00:00,1806733,True
concrete,mcd,0,500,0.2739898304500479,-0.2739898304500479,0.3020119706426428,0.1149868086481971,0.0307257659896731,742,185,927,128,6,3000,,False,2000,13.142901999992318,2026-08-27T09:49:57.132935+00:00,1806733,True
concrete,mcd,0,1000,0.2471806111164954,-0.2471806111164954,0.2888416734495381,0.1140423448078813,0.0325268141595791,742,185,927,128,6,6000,,False,2000,13.142901999992318,2026-08-27T09:49:57.132935+00:00,1806733,True
concrete,mcd,0,2000,0.2566493979075817,-0.2566493979075817,0.2946997525965924,0.11189046935716,0.0335498499337889,742,185,927,128,6,12000,,False,2000,13.142901999992318,2026-08-27T09:49:57.132935+00:00,1806733,True
concrete,mcd,1,5,0.9827736125644564,-0.9827736125644564,0.5381963772139149,0.7703536516745259,0.0181086677160644,742,185,927,128,6,30,,False,2000,13.17064649995882,2026-08-27T09:49:57.132935+00:00,1806733,True
concrete,mcd,1,10,0.8163006139724223,-0.8163006139724223,0.4410678455240266,0.5625771156519338,0.0214400845007819,742,185,927,128,6,60,,False,2000,13.17064649995882,2026-08-27T09:49:57.132935+00:00,1806733,True
concrete,mcd,1,20,0.618741093949819,-0.618741093949819,0.3968005230080559,0.3273249496953853,0.0242561889918871,742,185,927,128,6,120,,False,2000,13.17064649995882,2026-08-27T09:49:57.132935+00:00,1806733,True
concrete,mcd,1,50,0.4013501886903416,-0.4013501886903416,0.3400410445666643,0.1718370005242972,0.0260533700061228,742,185,927,128,6,300,,False,2000,13.17064649995882,2026-08-27T09:49:57.132935+00:00,1806733,True
concrete,mcd,1,100,0.3424719293513942,-0.3424719293513942,0.3225666802787461,0.1448559301717788,0.0275537700304817,742,185,927,128,6,600,,False,2000,13.17064649995882,2026-08-27T09:49:57.132935+00:00,1806733,True
concrete,mcd,1,200,0.3009249469805101,-0.3009249469805101,0.3096859447006776,0.1314556842548508,0.0277974158998623,742,185,927,128,6,1200,,False,2000,13.17064649995882,2026-08-27T09:49:57.132935+00:00,1806733,True
concrete,mcd,1,500,0.2969219567417802,-0.2969219567417802,0.3122726935394124,0.1218617568903597,0.0288588404021165,742,185,927,128,6,3000,,False,2000,13.17064649995882,2026-08-27T09:49:57.132935+00:00,1806733,True
concrete,mcd,1,1000,0.2457225951890288,-0.2457225951890288,0.2906711968048112,0.11497173281549,0.0306407224797113,742,185,927,128,6,6000,,False,2000,13.17064649995882,2026-08-27T09:49:57.132935+00:00,1806733,True
concrete,mcd,1,2000,0.2485339958681748,-0.2485339958681748,0.2950642246629034,0.1093621832347206,0.0326597592465806,742,185,927,128,6,12000,,False,2000,13.17064649995882,2026-08-27T09:49:57.132935+00:00,1806733,True
concrete,mcd,2,5,1.0176794863434928,-1.0176794863434928,0.5723972904805307,0.8039576763487177,0.0135344143877977,742,185,927,128,6,30,,False,2000,13.207632899982857,2026-08-27T09:49:57.132935+00:00,1806733,True
concrete,mcd,2,10,0.8453543412419414,-0.8453543412419414,0.4632212430136883,0.587701060602484,0.0195508778612601,742,185,927,128,6,60,,False,2000,13.207632899982857,2026-08-27T09:49:57.132935+00:00,1806733,True
concrete,mcd,2,20,0.6338463105548375,-0.6338463105548375,0.4013955999410653,0.3375317364797436,0.0235412127909688,742,185,927,128,6,120,,False,2000,13.207632899982857,2026-08-27T09:49:57.132935+00:00,1806733,True
concrete,mcd,2,50,0.4233694266697015,-0.4233694266697015,0.3513381096636863,0.1721014209954066,0.0245445307781418,742,185,927,128,6,300,,False,2000,13.207632899982857,2026-08-27T09:49:57.132935+00:00,1806733,True
concrete,mcd,2,100,0.3876775656735337,-0.3876775656735337,0.3430006627984963,0.1501753195746519,0.0273192520818844,742,185,927,128,6,600,,False,2000,13.207632899982857,2026-08-27T09:49:57.132935+00:00,1806733,True
concrete,mcd,2,200,0.3159086839141217,-0.3159086839141217,0.31501655398041,0.1295952247522325,0.0312310056307787,742,185,927,128,6,1200,,False,2000,13.207632899982857,2026-08-27T09:49:57.132935+00:00,1806733,True
concrete,mcd,2,500,0.2931020051635701,-0.2931020051635701,0.3063689814859061,0.124022428229353,0.0307794801022206,742,185,927,128,6,3000,,False,2000,13.207632899982857,2026-08-27T09:49:57.132935+00:00,1806733,True
concrete,mcd,2,1000,0.2799961339320949,-0.2799961339320949,0.3027538209400383,0.11961478643738,0.0321389846173278,742,185,927,128,6,6000,,False,2000,13.207632899982857,2026-08-27T09:49:57.132935+00:00,1806733,True
concrete,mcd,2,2000,0.2696167360201699,-0.2696167360201699,0.299685414227735,0.1152869842663643,0.0336070302778447,742,185,927,128,6,12000,,False,2000,13.207632899982857,2026-08-27T09:49:57.132935+00:00,1806733,True
concrete,bbb,0,5,1.009588444126704,-1.009588444126704,0.5647896282923626,0.7829912043040482,0.0290737041199442,742,185,927,128,6,30,8.0,False,2000,81.66335909999907,2026-08-27T09:49:57.132935+00:00,1806733,True
concrete,bbb,0,10,0.8394509884769675,-0.8394509884769675,0.4541919229989192,0.5763972244792284,0.0331781517800885,742,185,927,128,6,60,8.0,False,2000,81.66335909999907,2026-08-27T09:49:57.132935+00:00,1806733,True
concrete,bbb,0,20,0.6342972091804914,-0.6342972091804914,0.3964615048670326,0.3398378683324496,0.0318830867057477,742,185,927,128,6,120,8.0,False,2000,81.66335909999907,2026-08-27T09:49:57.132935+00:00,1806733,True
concrete,bbb,0,50,0.4081390445235799,-0.4081390445235799,0.3441409821410141,0.174014036129696,0.0281551350459026,742,185,927,128,6,300,8.0,False,2000,81.66335909999907,2026-08-27T09:49:57.132935+00:00,1806733,True
concrete,bbb,0,100,0.3328143369262093,-0.3328143369262093,0.3296026997210369,0.1325352834027366,0.0238551005248581,742,185,927,128,6,600,8.0,False,2000,81.66335909999907,2026-08-27T09:49:57.132935+00:00,1806733,True
concrete,bbb,0,200,0.2629592214376994,-0.2629592214376994,0.3148738212649535,0.0945349062391063,0.0170100592256445,742,185,927,128,6,1200,8.0,False,2000,81.66335909999907,2026-08-27T09:49:57.132935+00:00,1806733,True
concrete,bbb,0,500,0.2949657102034137,-0.2949657102034137,0.3141632231937758,0.0605294700515983,0.0080439858899696,742,185,927,128,6,3000,8.0,False,2000,81.66335909999907,2026-08-27T09:49:57.132935+00:00,1806733,True
concrete,bbb,0,1000,0.4200800415294696,-0.4200800415294696,0.3221479895639674,0.0506751233179632,0.0033471339776077,742,185,927,128,6,6000,8.0,False,2000,81.66335909999907,2026-08-27T09:49:57.132935+00:00,1806733,True
concrete,bbb,0,2000,0.5930260492898507,-0.5930260492898507,0.3386117574517215,0.0456857955955536,0.0025050739688901,742,185,927,128,6,12000,8.0,False,2000,81.66335909999907,2026-08-27T09:49:57.132935+00:00,1806733,True
wine_quality_red,map,0,5,1.2272381332828628,-1.2272381332828628,0.8250698053947313,0.7148169622100704,0.0,1151,288,1439,128,9,45,,False,2000,17.840318000060506,2026-08-27T09:49:57.132935+00:00,1806733,True
wine_quality_red,map,0,10,1.2165487326967357,-1.2165487326967357,0.8159528968939733,0.6252169438740268,0.0,1151,288,1439,128,9,90,,False,2000,17.840318000060506,2026-08-27T09:49:57.132935+00:00,1806733,True
wine_quality_red,map,0,20,1.211767448543422,-1.211767448543422,0.8094292139683876,0.5766414226718247,0.0,1151,288,1439,128,9,180,,False,2000,17.840318000060506,2026-08-27T09:49:57.132935+00:00,1806733,True
wine_quality_red,map,0,50,1.281136544714906,-1.281136544714906,0.8423310048794477,0.5018038129225865,0.0,1151,288,1439,128,9,450,,False,2000,17.840318000060506,2026-08-27T09:49:57.132935+00:00,1806733,True
wine_quality_red,map,0,100,1.3500784711689484,-1.3500784711689484,0.8549457601890923,0.4261236121222654,0.0,1151,288,1439,128,9,900,,False,2000,17.840318000060506,2026-08-27T09:49:57.132935+00:00,1806733,True
wine_quality_red,map,0,200,1.4984376175884817,-1.4984376175884817,0.8822351033329942,0.354366906323662,0.0,1151,288,1439,128,9,1800,,False,2000,17.840318000060506,2026-08-27T09:49:57.132935+00:00,1806733,True
wine_quality_red,map,0,500,1.5951739416913442,-1.5951739416913442,0.9076803218925478,0.3380811789217489,0.0,1151,288,1439,128,9,4500,,False,2000,17.840318000060506,2026-08-27T09:49:57.132935+00:00,1806733,True
wine_quality_red,map,0,1000,1.8155808194176788,-1.8155808194176788,0.9455105969584278,0.2974085966718535,0.0,1151,288,1439,128,9,9000,,False,2000,17.840318000060506,2026-08-27T09:49:57.132935+00:00,1806733,True
wine_quality_red,map,0,2000,1.963485130669613,-1.963485130669613,0.972912408286435,0.2821975198687625,0.0,1151,288,1439,128,9,18000,,False,2000,17.840318000060506,2026-08-27T09:49:57.132935+00:00,1806733,True
wine_quality_red,map,1,5,1.2287999939090095,-1.2287999939090095,0.8268432894921273,0.6853779370419576,0.0,1151,288,1439,128,9,45,,False,2000,17.751585399964824,2026-08-27T09:49:57.132935+00:00,1806733,True
wine_quality_red,map,1,10,1.2046830225197829,-1.2046830225197829,0.8067479837914769,0.6229021371169216,0.0,1151,288,1439,128,9,90,,False,2000,17.751585399964824,2026-08-27T09:49:57.132935+00:00,1806733,True
wine_quality_red,map,1,20,1.2251581748529996,-1.2251581748529996,0.817551940495519,0.5638490891549489,0.0,1151,288,1439,128,9,180,,False,2000,17.751585399964824,2026-08-27T09:49:57.132935+00:00,1806733,True
wine_quality_red,map,1,50,1.2217070190220265,-1.2217070190220265,0.8018778630914156,0.4801330619042709,0.0,1151,288,1439,128,9,450,,False,2000,17.751585399964824,2026-08-27T09:49:57.132935+00:00,1806733,True
wine_quality_red,map,1,100,1.3968606506075392,-1.3968606506075392,0.870193656411821,0.4097471361627115,0.0,1151,288,1439,128,9,900,,False,2000,17.751585399964824,2026-08-27T09:49:57.132935+00:00,1806733,True
wine_quality_red,map,1,200,1.5906518761067114,-1.5906518761067114,0.8975260755534431,0.3275022613479632,0.0,1151,288,1439,128,9,1800,,False,2000,17.751585399964824,2026-08-27T09:49:57.132935+00:00,1806733,True
wine_quality_red,map,1,500,2.0290364477369702,-2.0290364477369702,0.9832451148823718,0.2754766149234953,0.0,1151,288,1439,128,9,4500,,False,2000,17.751585399964824,2026-08-27T09:49:57.132935+00:00,1806733,True
wine_quality_red,map,1,1000,2.556026368269879,-2.556026368269879,1.0759144311743147,0.2479463875675673,0.0,1151,288,1439,128,9,9000,,False,2000,17.751585399964824,2026-08-27T09:49:57.132935+00:00,1806733,True
wine_quality_red,map,1,2000,3.0395930727519973,-3.0395930727519973,1.137356435306633,0.2257741662990728,0.0,1151,288,1439,128,9,18000,,False,2000,17.751585399964824,2026-08-27T09:49:57.132935+00:00,1806733,True
wine_quality_red,map,2,5,1.223782490767745,-1.223782490767745,0.8222763097776085,0.7080229573150707,0.0,1151,288,1439,128,9,45,,False,2000,17.849063700065017,2026-08-27T09:49:57.132935+00:00,1806733,True
wine_quality_red,map,2,10,1.2167084396536056,-1.2167084396536056,0.8156913336479249,0.6165364048761212,0.0,1151,288,1439,128,9,90,,False,2000,17.849063700065017,2026-08-27T09:49:57.132935+00:00,1806733,True
wine_quality_red,map,2,20,1.198857172658498,-1.198857172658498,0.7996617420984232,0.5695412623213595,0.0,1151,288,1439,128,9,180,,False,2000,17.849063700065017,2026-08-27T09:49:57.132935+00:00,1806733,True
wine_quality_red,map,2,50,1.259138412077136,-1.259138412077136,0.8237988215577046,0.4793913556501485,0.0,1151,288,1439,128,9,450,,False,2000,17.849063700065017,2026-08-27T09:49:57.132935+00:00,1806733,True
wine_quality_red,map,2,100,1.346859094025984,-1.346859094025984,0.8461195856781505,0.4092894146355471,0.0,1151,288,1439,128,9,900,,False,2000,17.849063700065017,2026-08-27T09:49:57.132935+00:00,1806733,True
wine_quality_red,map,2,200,1.4615075047005734,-1.4615075047005734,0.8660841923909912,0.3525330839251811,0.0,1151,288,1439,128,9,1800,,False,2000,17.849063700065017,2026-08-27T09:49:57.132935+00:00,1806733,True
wine_quality_red,map,2,500,1.766137438958185,-1.766137438958185,0.9303525904750304,0.2979203128721714,0.0,1151,288,1439,128,9,4500,,False,2000,17.849063700065017,2026-08-27T09:49:57.132935+00:00,1806733,True
wine_quality_red,map,2,1000,2.134760774884108,-2.134760774884108,1.003529704749314,0.2689091731838229,0.0,1151,288,1439,128,9,9000,,False,2000,17.849063700065017,2026-08-27T09:49:57.132935+00:00,1806733,True
wine_quality_red,map,2,2000,2.234553723091247,-2.234553723091247,1.019107910329364,0.2614188444177595,0.0,1151,288,1439,128,9,18000,,False,2000,17.849063700065017,2026-08-27T09:49:57.132935+00:00,1806733,True
wine_quality_red,mcd,0,5,1.2249123489658449,-1.2249123489658449,0.822926782101805,0.7181355616725061,0.0054590609584898,1151,288,1439,128,9,45,,False,2000,19.92324559995905,2026-08-27T09:49:57.132935+00:00,1806733,True
wine_quality_red,mcd,0,10,1.2187146431595468,-1.2187146431595468,0.8182840688839225,0.6360181832055236,0.0071976650081258,1151,288,1439,128,9,90,,False,2000,19.92324559995905,2026-08-27T09:49:57.132935+00:00,1806733,True
wine_quality_red,mcd,0,20,1.2001260756178287,-1.2001260756178287,0.8029973440697568,0.6083574021649265,0.0160372042524419,1151,288,1439,128,9,180,,False,2000,19.92324559995905,2026-08-27T09:49:57.132935+00:00,1806733,True
wine_quality_red,mcd,0,50,1.2055751706106896,-1.2055751706106896,0.8065253533190206,0.5772808055436284,0.0235109871807237,1151,288,1439,128,9,450,,False,2000,19.92324559995905,2026-08-27T09:49:57.132935+00:00,1806733,True
wine_quality_red,mcd,0,100,1.1965447083763443,-1.1965447083763443,0.7984412120313611,0.5407208898164702,0.0359396607005174,1151,288,1439,128,9,900,,False,2000,19.92324559995905,2026-08-27T09:49:57.132935+00:00,1806733,True
wine_quality_red,mcd,0,200,1.2169398866482923,-1.2169398866482923,0.8116810789878027,0.5174287684209401,0.0440645614977538,1151,288,1439,128,9,1800,,False,2000,19.92324559995905,2026-08-27T09:49:57.132935+00:00,1806733,True
wine_quality_red,mcd,0,500,1.2243994142632963,-1.2243994142632963,0.8146693006174374,0.4947794407757441,0.0523964420207976,1151,288,1439,128,9,4500,,False,2000,19.92324559995905,2026-08-27T09:49:57.132935+00:00,1806733,True
wine_quality_red,mcd,0,1000,1.2267032611482591,-1.2267032611482591,0.8153985321742502,0.488035323455435,0.0544425592754913,1151,288,1439,128,9,9000,,False,2000,19.92324559995905,2026-08-27T09:49:57.132935+00:00,1806733,True
wine_quality_red,mcd,0,2000,1.2067760171389876,-1.2067760171389876,0.8018280161363027,0.4861258806785998,0.0544047139775615,1151,288,1439,128,9,18000,,False,2000,19.92324559995905,2026-08-27T09:49:57.132935+00:00,1806733,True
wine_quality_red,mcd,1,5,1.2257188557222205,-1.2257188557222205,0.8244834393583467,0.6901859830850066,0.0060649277804256,1151,288,1439,128,9,45,,False,2000,19.798778200056404,2026-08-27T09:49:57.132935+00:00,1806733,True
wine_quality_red,mcd,1,10,1.2059109692083774,-1.2059109692083774,0.808306131472855,0.6319991766799687,0.0074033098428082,1151,288,1439,128,9,90,,False,2000,19.798778200056404,2026-08-27T09:49:57.132935+00:00,1806733,True
wine_quality_red,mcd,1,20,1.2052637763414515,-1.2052637763414515,0.8069362265896691,0.5933213791224784,0.0141310561896132,1151,288,1439,128,9,180,,False,2000,19.798778200056404,2026-08-27T09:49:57.132935+00:00,1806733,True
wine_quality_red,mcd,1,50,1.1957022798222257,-1.1957022798222257,0.7990508594811238,0.5673901856966101,0.0249027001918921,1151,288,1439,128,9,450,,False,2000,19.798778200056404,2026-08-27T09:49:57.132935+00:00,1806733,True
wine_quality_red,mcd,1,100,1.2033885004289393,-1.2033885004289393,0.8031539956126731,0.5295128063443196,0.0360183909444294,1151,288,1439,128,9,900,,False,2000,19.798778200056404,2026-08-27T09:49:57.132935+00:00,1806733,True
wine_quality_red,mcd,1,200,1.234442830182096,-1.234442830182096,0.8229897118252654,0.5052960119563467,0.0456660636666663,1151,288,1439,128,9,1800,,False,2000,19.798778200056404,2026-08-27T09:49:57.132935+00:00,1806733,True
wine_quality_red,mcd,1,500,1.2289671380383898,-1.2289671380383898,0.8172321084710471,0.4933258068735621,0.0524336730531096,1151,288,1439,128,9,4500,,False,2000,19.798778200056404,2026-08-27T09:49:57.132935+00:00,1806733,True
wine_quality_red,mcd,1,1000,1.2468411188473238,-1.2468411188473238,0.8280126569986884,0.4791399426842418,0.0593906820329232,1151,288,1439,128,9,9000,,False,2000,19.798778200056404,2026-08-27T09:49:57.132935+00:00,1806733,True
wine_quality_red,mcd,1,2000,1.2395108722625532,-1.2395108722625532,0.8238765637074704,0.4852271091269124,0.0582362773589166,1151,288,1439,128,9,18000,,False,2000,19.798778200056404,2026-08-27T09:49:57.132935+00:00,1806733,True
wine_quality_red,mcd,2,5,1.2236425787951966,-1.2236425787951966,0.8219389508966649,0.7153276312791674,0.005599779532668,1151,288,1439,128,9,45,,False,2000,19.88343759998679,2026-08-27T09:49:57.132935+00:00,1806733,True
wine_quality_red,mcd,2,10,1.2118865910765146,-1.2118865910765146,0.8129472932040053,0.6318375030378274,0.0074959227333486,1151,288,1439,128,9,90,,False,2000,19.88343759998679,2026-08-27T09:49:57.132935+00:00,1806733,True
wine_quality_red,mcd,2,20,1.1918346238215172,-1.1918346238215172,0.7966364445736182,0.6057540454715621,0.0161614011944442,1151,288,1439,128,9,180,,False,2000,19.88343759998679,2026-08-27T09:49:57.132935+00:00,1806733,True
wine_quality_red,mcd,2,50,1.210823042517498,-1.210823042517498,0.8105350258625568,0.5702397732335958,0.0261927692694293,1151,288,1439,128,9,450,,False,2000,19.88343759998679,2026-08-27T09:49:57.132935+00:00,1806733,True
wine_quality_red,mcd,2,100,1.1936406654936167,-1.1936406654936167,0.7955351247755321,0.5293372533500803,0.037166804373772,1151,288,1439,128,9,900,,False,2000,19.88343759998679,2026-08-27T09:49:57.132935+00:00,1806733,True
wine_quality_red,mcd,2,200,1.2118879164671463,-1.2118879164671463,0.8076395437664899,0.5070580950940315,0.0455390379074099,1151,288,1439,128,9,1800,,False,2000,19.88343759998679,2026-08-27T09:49:57.132935+00:00,1806733,True
wine_quality_red,mcd,2,500,1.219635066478591,-1.219635066478591,0.8119480972108298,0.491237943267679,0.0521687443230638,1151,288,1439,128,9,4500,,False,2000,19.88343759998679,2026-08-27T09:49:57.132935+00:00,1806733,True
wine_quality_red,mcd,2,1000,1.2260290950546124,-1.2260290950546124,0.8162154045620672,0.475368617758877,0.0614711887854706,1151,288,1439,128,9,9000,,False,2000,19.88343759998679,2026-08-27T09:49:57.132935+00:00,1806733,True
wine_quality_red,mcd,2,2000,1.221554616854612,-1.221554616854612,0.8124792036523681,0.4736753479566639,0.0605657401119362,1151,288,1439,128,9,18000,,False,2000,19.88343759998679,2026-08-27T09:49:57.132935+00:00,1806733,True
wine_quality_red,bbb,0,5,1.2264532220903055,-1.2264532220903055,0.8240107117310638,0.7293659532469122,0.0238509860271554,1151,288,1439,128,9,45,8.0,False,2000,134.4731398000149,2026-08-27T09:49:57.132935+00:00,1806733,True
wine_quality_red,bbb,0,10,1.226833824438111,-1.226833824438111,0.8265111231760981,0.6650687320152427,0.0216766055636136,1151,288,1439,128,9,90,8.0,False,2000,134.4731398000149,2026-08-27T09:49:57.132935+00:00,1806733,True
wine_quality_red,bbb,0,20,1.2051018846902113,-1.2051018846902113,0.8086683616161526,0.6336265598979852,0.0248086105470894,1151,288,1439,128,9,180,8.0,False,2000,134.4731398000149,2026-08-27T09:49:57.132935+00:00,1806733,True
wine_quality_red,bbb,0,50,1.197653399404791,-1.197653399404791,0.8021215749015713,0.5799100580036547,0.0275842607897669,1151,288,1439,128,9,450,8.0,False,2000,134.4731398000149,2026-08-27T09:49:57.132935+00:00,1806733,True
wine_quality_red,bbb,0,100,1.222759408046868,-1.222759408046868,0.8146836881808914,0.511552529484954,0.0359606762039525,1151,288,1439,128,9,900,8.0,False,2000,134.4731398000149,2026-08-27T09:49:57.132935+00:00,1806733,True
wine_quality_red,bbb,0,200,1.329730468714644,-1.329730468714644,0.8626118826936785,0.4485227294901597,0.0253177455216032,1151,288,1439,128,9,1800,8.0,False,2000,134.4731398000149,2026-08-27T09:49:57.132935+00:00,1806733,True
wine_quality_red,bbb,0,500,1.418019526111315,-1.418019526111315,0.887448850806279,0.4021828715563104,0.0200077842216967,1151,288,1439,128,9,4500,8.0,False,2000,134.4731398000149,2026-08-27T09:49:57.132935+00:00,1806733,True
wine_quality_red,bbb,0,1000,1.582737640557807,-1.582737640557807,0.9110643862675056,0.3347591419486564,0.0122338503186257,1151,288,1439,128,9,9000,8.0,False,2000,134.4731398000149,2026-08-27T09:49:57.132935+00:00,1806733,True
wine_quality_red,bbb,0,2000,1.7862560705032773,-1.7862560705032773,0.9299869718529544,0.2796801706750325,0.0114618499041916,1151,288,1439,128,9,18000,8.0,False,2000,134.4731398000149,2026-08-27T09:49:57.132935+00:00,1806733,True
kin8nm,map,0,5,0.4297868916776247,-0.4297868916776247,0.3715957758628515,0.1461826220619761,0.0,5898,1475,7373,128,47,235,,False,2000,98.67179419996684,2026-08-27T09:49:57.132935+00:00,1806733,True
kin8nm,map,0,10,0.3356871680931675,-0.3356871680931675,0.3382732260043473,0.1087870910901889,0.0,5898,1475,7373,128,47,470,,False,2000,98.67179419996684,2026-08-27T09:49:57.132935+00:00,1806733,True
kin8nm,map,0,20,0.3210647885159985,-0.3210647885159985,0.3322746725835819,0.0976622355884427,0.0,5898,1475,7373,128,47,940,,False,2000,98.67179419996684,2026-08-27T09:49:57.132935+00:00,1806733,True
kin8nm,map,0,50,0.2468143614315901,-0.2468143614315901,0.3080620452899287,0.0822944187678729,0.0,5898,1475,7373,128,47,2350,,False,2000,98.67179419996684,2026-08-27T09:49:57.132935+00:00,1806733,True
kin8nm,map,0,100,0.1322784049266256,-0.1322784049266256,0.2761748540426204,0.0750938541839805,0.0,5898,1475,7373,128,47,4700,,False,2000,98.67179419996684,2026-08-27T09:49:57.132935+00:00,1806733,True
kin8nm,map,0,200,0.1570019874754668,-0.1570019874754668,0.2824601385580855,0.0726236585532154,0.0,5898,1475,7373,128,47,9400,,False,2000,98.67179419996684,2026-08-27T09:49:57.132935+00:00,1806733,True
kin8nm,map,0,500,0.1506662942931942,-0.1506662942931942,0.2802040965177979,0.0694034631669062,0.0,5898,1475,7373,128,47,23500,,False,2000,98.67179419996684,2026-08-27T09:49:57.132935+00:00,1806733,True
kin8nm,map,0,1000,0.1673186335983912,-0.1673186335983912,0.283581120787816,0.0671515932107791,0.0,5898,1475,7373,128,47,47000,,False,2000,98.67179419996684,2026-08-27T09:49:57.132935+00:00,1806733,True
kin8nm,map,0,2000,0.1358406632668411,-0.1358406632668411,0.2754930865702154,0.0651824408199063,0.0,5898,1475,7373,128,47,94000,,False,2000,98.67179419996684,2026-08-27T09:49:57.132935+00:00,1806733,True
kin8nm,map,1,5,0.4593710206009591,-0.4593710206009591,0.3813289413683267,0.1668670613628019,0.0,5898,1475,7373,128,47,235,,False,2000,99.310510899988,2026-08-27T09:49:57.132935+00:00,1806733,True
kin8nm,map,1,10,0.2897033003395105,-0.2897033003395105,0.3232387089765406,0.1068926647196597,0.0,5898,1475,7373,128,47,470,,False,2000,99.310510899988,2026-08-27T09:49:57.132935+00:00,1806733,True
kin8nm,map,1,20,0.2862774524306907,-0.2862774524306907,0.3210734157967104,0.0919078843279136,0.0,5898,1475,7373,128,47,940,,False,2000,99.310510899988,2026-08-27T09:49:57.132935+00:00,1806733,True
kin8nm,map,1,50,0.1905591114805745,-0.1905591114805745,0.2922563297830929,0.0786586427401195,0.0,5898,1475,7373,128,47,2350,,False,2000,99.310510899988,2026-08-27T09:49:57.132935+00:00,1806733,True
kin8nm,map,1,100,0.2234180630757079,-0.2234180630757079,0.2989678737313496,0.0724145365378954,0.0,5898,1475,7373,128,47,4700,,False,2000,99.310510899988,2026-08-27T09:49:57.132935+00:00,1806733,True
kin8nm,map,1,200,0.1346578978938372,-0.1346578978938372,0.2761299065058088,0.0689685469466354,0.0,5898,1475,7373,128,47,9400,,False,2000,99.310510899988,2026-08-27T09:49:57.132935+00:00,1806733,True
kin8nm,map,1,500,0.2197890351632543,-0.2197890351632543,0.2945329813134588,0.0649112179807856,0.0,5898,1475,7373,128,47,23500,,False,2000,99.310510899988,2026-08-27T09:49:57.132935+00:00,1806733,True
kin8nm,map,1,1000,0.1809958399562868,-0.1809958399562868,0.2854558587099344,0.0640509613338282,0.0,5898,1475,7373,128,47,47000,,False,2000,99.310510899988,2026-08-27T09:49:57.132935+00:00,1806733,True
kin8nm,map,1,2000,0.1331651646490612,-0.1331651646490612,0.2735550159707556,0.0613913472066813,0.0,5898,1475,7373,128,47,94000,,False,2000,99.310510899988,2026-08-27T09:49:57.132935+00:00,1806733,True
kin8nm,map,2,5,0.4373628768768876,-0.4373628768768876,0.3738516913754888,0.1541424711448304,0.0,5898,1475,7373,128,47,235,,False,2000,99.34956070000771,2026-08-27T09:49:57.132935+00:00,1806733,True
kin8nm,map,2,10,0.3697566149951786,-0.3697566149951786,0.3501980377803453,0.1205451203320924,0.0,5898,1475,7373,128,47,470,,False,2000,99.34956070000771,2026-08-27T09:49:57.132935+00:00,1806733,True
kin8nm,map,2,20,0.2915914275274937,-0.2915914275274937,0.3234885522198452,0.0975962130994967,0.0,5898,1475,7373,128,47,940,,False,2000,99.34956070000771,2026-08-27T09:49:57.132935+00:00,1806733,True
kin8nm,map,2,50,0.1795023747628456,-0.1795023747628456,0.2893654417198553,0.0880757328905694,0.0,5898,1475,7373,128,47,2350,,False,2000,99.34956070000771,2026-08-27T09:49:57.132935+00:00,1806733,True
kin8nm,map,2,100,0.1767036975940314,-0.1767036975940314,0.2887370697690447,0.0830380625173523,0.0,5898,1475,7373,128,47,4700,,False,2000,99.34956070000771,2026-08-27T09:49:57.132935+00:00,1806733,True
kin8nm,map,2,200,0.1773544808369984,-0.1773544808369984,0.2875343463620799,0.0721750733926028,0.0,5898,1475,7373,128,47,9400,,False,2000,99.34956070000771,2026-08-27T09:49:57.132935+00:00,1806733,True
kin8nm,map,2,500,0.1241478748038737,-0.1241478748038737,0.2738191284372858,0.0717314228705178,0.0,5898,1475,7373,128,47,23500,,False,2000,99.34956070000771,2026-08-27T09:49:57.132935+00:00,1806733,True
kin8nm,map,2,1000,0.1749612227380428,-0.1749612227380428,0.2857750720512503,0.0682391042310233,0.0,5898,1475,7373,128,47,47000,,False,2000,99.34956070000771,2026-08-27T09:49:57.132935+00:00,1806733,True
kin8nm,map,2,2000,0.1633775874432287,-0.1633775874432287,0.2826087460671021,0.0670400324037085,0.0,5898,1475,7373,128,47,94000,,False,2000,99.34956070000771,2026-08-27T09:49:57.132935+00:00,1806733,True
kin8nm,mcd,0,5,0.6477847689948449,-0.6477847689948449,0.4359861300752652,0.2647755817543809,0.0660449495167571,5898,1475,7373,128,47,235,,False,2000,111.27404720010236,2026-08-27T09:49:57.132935+00:00,1806733,True
kin8nm,mcd,0,10,0.5705184159987424,-0.5705184159987424,0.3967998596390056,0.2308907819920201,0.0630799277919595,5898,1475,7373,128,47,470,,False,2000,111.27404720010236,2026-08-27T09:49:57.132935+00:00,1806733,True
kin8nm,mcd,0,20,0.5550957813260317,-0.5550957813260317,0.3966174044464065,0.2142597315632506,0.0600027361695409,5898,1475,7373,128,47,940,,False,2000,111.27404720010236,2026-08-27T09:49:57.132935+00:00,1806733,True
kin8nm,mcd,0,50,0.4847820180931421,-0.4847820180931421,0.3601008800806051,0.193562486483201,0.0594484778634045,5898,1475,7373,128,47,2350,,False,2000,111.27404720010236,2026-08-27T09:49:57.132935+00:00,1806733,True
kin8nm,mcd,0,100,0.4693284422560425,-0.4693284422560425,0.3578323379710668,0.1841316943824261,0.0557527732492693,5898,1475,7373,128,47,4700,,False,2000,111.27404720010236,2026-08-27T09:49:57.132935+00:00,1806733,True
kin8nm,mcd,0,200,0.4634245216525414,-0.4634245216525414,0.3558102525410802,0.1807477875930785,0.0561247747570639,5898,1475,7373,128,47,9400,,False,2000,111.27404720010236,2026-08-27T09:49:57.132935+00:00,1806733,True
kin8nm,mcd,0,500,0.4293526154999967,-0.4293526154999967,0.3365542679450374,0.1759490373600398,0.055424914399316,5898,1475,7373,128,47,23500,,False,2000,111.27404720010236,2026-08-27T09:49:57.132935+00:00,1806733,True
kin8nm,mcd,0,1000,0.438108232939477,-0.438108232939477,0.3466799272189216,0.1712851435545255,0.0539534992410266,5898,1475,7373,128,47,47000,,False,2000,111.27404720010236,2026-08-27T09:49:57.132935+00:00,1806733,True
kin8nm,mcd,0,2000,0.4330702682219377,-0.4330702682219377,0.3445193846839628,0.1686672712546817,0.0544743749719326,5898,1475,7373,128,47,94000,,False,2000,111.27404720010236,2026-08-27T09:49:57.132935+00:00,1806733,True
kin8nm,mcd,1,5,0.6588539554430121,-0.6588539554430121,0.4366545910986424,0.2721802067515003,0.0715979976068887,5898,1475,7373,128,47,235,,False,2000,111.79402809997556,2026-08-27T09:49:57.132935+00:00,1806733,True
kin8nm,mcd,1,10,0.5702094319536198,-0.5702094319536198,0.3963152527923736,0.2266637847100018,0.0664158695362422,5898,1475,7373,128,47,470,,False,2000,111.79402809997556,2026-08-27T09:49:57.132935+00:00,1806733,True
kin8nm,mcd,1,20,0.5217731357214554,-0.5217731357214554,0.3724008508083993,0.2131525774782535,0.0603592851585525,5898,1475,7373,128,47,940,,False,2000,111.79402809997556,2026-08-27T09:49:57.132935+00:00,1806733,True
kin8nm,mcd,1,50,0.464550135244368,-0.464550135244368,0.350474800193956,0.1863568140745834,0.0588242180115603,5898,1475,7373,128,47,2350,,False,2000,111.79402809997556,2026-08-27T09:49:57.132935+00:00,1806733,True
kin8nm,mcd,1,100,0.4675932166882874,-0.4675932166882874,0.3574590390212809,0.1802491324051066,0.0574379269342092,5898,1475,7373,128,47,4700,,False,2000,111.79402809997556,2026-08-27T09:49:57.132935+00:00,1806733,True
kin8nm,mcd,1,200,0.441707583405128,-0.441707583405128,0.3485640542825577,0.1712640933947305,0.0545484288250703,5898,1475,7373,128,47,9400,,False,2000,111.79402809997556,2026-08-27T09:49:57.132935+00:00,1806733,True
kin8nm,mcd,1,500,0.4821226919716234,-0.4821226919716234,0.3632466016183789,0.1874909310748622,0.0561737543905346,5898,1475,7373,128,47,23500,,False,2000,111.79402809997556,2026-08-27T09:49:57.132935+00:00,1806733,True
kin8nm,mcd,1,1000,0.4500395771753935,-0.4500395771753935,0.3532724889830387,0.1705009024652013,0.0569429551126929,5898,1475,7373,128,47,47000,,False,2000,111.79402809997556,2026-08-27T09:49:57.132935+00:00,1806733,True
kin8nm,mcd,1,2000,0.4326805816532185,-0.4326805816532185,0.3434512375509194,0.170141399342169,0.0544820430708481,5898,1475,7373,128,47,94000,,False,2000,111.79402809997556,2026-08-27T09:49:57.132935+00:00,1806733,True
kin8nm,mcd,2,5,0.6598531097034517,-0.6598531097034517,0.4379687223306548,0.269361108270971,0.0746835001763131,5898,1475,7373,128,47,235,,False,2000,111.78015620005316,2026-08-27T09:49:57.132935+00:00,1806733,True
kin8nm,mcd,2,10,0.5737824634366774,-0.5737824634366774,0.3964292596105033,0.2290649382157293,0.0699438381058314,5898,1475,7373,128,47,470,,False,2000,111.78015620005316,2026-08-27T09:49:57.132935+00:00,1806733,True
kin8nm,mcd,2,20,0.5453391406475356,-0.5453391406475356,0.3826008845263026,0.2183695840663982,0.0671694323084897,5898,1475,7373,128,47,940,,False,2000,111.78015620005316,2026-08-27T09:49:57.132935+00:00,1806733,True
kin8nm,mcd,2,50,0.5169107761299743,-0.5169107761299743,0.3784036300864998,0.1989541704252129,0.0600867705928046,5898,1475,7373,128,47,2350,,False,2000,111.78015620005316,2026-08-27T09:49:57.132935+00:00,1806733,True
kin8nm,mcd,2,100,0.4836934516775187,-0.4836934516775187,0.3578859441184457,0.1962004269646939,0.0582891160446195,5898,1475,7373,128,47,4700,,False,2000,111.78015620005316,2026-08-27T09:49:57.132935+00:00,1806733,True
kin8nm,mcd,2,200,0.4717653579378372,-0.4717653579378372,0.3618110210831596,0.180740201850881,0.055032863763603,5898,1475,7373,128,47,9400,,False,2000,111.78015620005316,2026-08-27T09:49:57.132935+00:00,1806733,True
kin8nm,mcd,2,500,0.4386874897739449,-0.4386874897739449,0.3463288544393105,0.1717342529329592,0.05496320598071,5898,1475,7373,128,47,23500,,False,2000,111.78015620005316,2026-08-27T09:49:57.132935+00:00,1806733,True
kin8nm,mcd,2,1000,0.4253164615130184,-0.4253164615130184,0.3369895186131993,0.1704586538736648,0.0566504269426557,5898,1475,7373,128,47,47000,,False,2000,111.78015620005316,2026-08-27T09:49:57.132935+00:00,1806733,True
kin8nm,mcd,2,2000,0.4268041073429756,-0.4268041073429756,0.3410722447669956,0.1672591321723686,0.0557535813659618,5898,1475,7373,128,47,94000,,False,2000,111.78015620005316,2026-08-27T09:49:57.132935+00:00,1806733,True
power_plant,map,0,5,0.0578781378912368,-0.0578781378912368,0.2429802582973284,0.0975617179177741,0.0,6889,1722,8611,128,54,270,,False,2000,106.15887549996842,2026-08-27T09:49:57.132935+00:00,1806733,True
power_plant,map,0,10,0.0183869403748383,-0.0183869403748383,0.2463613327641574,0.0632018701637195,0.0,6889,1722,8611,128,54,540,,False,2000,106.15887549996842,2026-08-27T09:49:57.132935+00:00,1806733,True
power_plant,map,0,20,0.0609881759183115,-0.0609881759183115,0.2566382092696889,0.0601303645520718,0.0,6889,1722,8611,128,54,1080,,False,2000,106.15887549996842,2026-08-27T09:49:57.132935+00:00,1806733,True
power_plant,map,0,50,-0.018728382247393,0.018728382247393,0.2372548118478496,0.0599145146279125,0.0,6889,1722,8611,128,54,2700,,False,2000,106.15887549996842,2026-08-27T09:49:57.132935+00:00,1806733,True
power_plant,map,0,100,-0.0253614059956352,0.0253614059956352,0.2357964100337778,0.0581267508558471,0.0,6889,1722,8611,128,54,5400,,False,2000,106.15887549996842,2026-08-27T09:49:57.132935+00:00,1806733,True
power_plant,map,0,200,-0.0150602193001423,0.0150602193001423,0.2383355353000795,0.0578127278360997,0.0,6889,1722,8611,128,54,10800,,False,2000,106.15887549996842,2026-08-27T09:49:57.132935+00:00,1806733,True
power_plant,map,0,500,-0.0361383740092267,0.0361383740092267,0.233250301880791,0.0570792696736095,0.0,6889,1722,8611,128,54,27000,,False,2000,106.15887549996842,2026-08-27T09:49:57.132935+00:00,1806733,True
power_plant,map,0,1000,-0.0420374954243281,0.0420374954243281,0.2319786289498606,0.0550794415130981,0.0,6889,1722,8611,128,54,54000,,False,2000,106.15887549996842,2026-08-27T09:49:57.132935+00:00,1806733,True
power_plant,map,0,2000,-0.0206966737261757,0.0206966737261757,0.2369828541568097,0.0548885983465143,0.0,6889,1722,8611,128,54,108000,,False,2000,106.15887549996842,2026-08-27T09:49:57.132935+00:00,1806733,True
power_plant,map,1,5,0.0750836959013473,-0.0750836959013473,0.249924374865585,0.0973793009923063,0.0,6889,1722,8611,128,54,270,,False,2000,105.37898459995633,2026-08-27T09:49:57.132935+00:00,1806733,True
power_plant,map,1,10,-0.0172764926955574,0.0172764926955574,0.2371155237175155,0.0628521118001863,0.0,6889,1722,8611,128,54,540,,False,2000,105.37898459995633,2026-08-27T09:49:57.132935+00:00,1806733,True
power_plant,map,1,20,-0.0093646786835631,0.0093646786835631,0.2395523321397833,0.0604856415299781,0.0,6889,1722,8611,128,54,1080,,False,2000,105.37898459995633,2026-08-27T09:49:57.132935+00:00,1806733,True
power_plant,map,1,50,-0.0258836226746118,0.0258836226746118,0.2356227048868705,0.0585654185589533,0.0,6889,1722,8611,128,54,2700,,False,2000,105.37898459995633,2026-08-27T09:49:57.132935+00:00,1806733,True
power_plant,map,1,100,-0.0019148285338415,0.0019148285338415,0.2414966408472689,0.0591220258744506,0.0,6889,1722,8611,128,54,5400,,False,2000,105.37898459995633,2026-08-27T09:49:57.132935+00:00,1806733,True
power_plant,map,1,200,-0.0226149572255918,0.0226149572255918,0.2364984087118588,0.0577758202600746,0.0,6889,1722,8611,128,54,10800,,False,2000,105.37898459995633,2026-08-27T09:49:57.132935+00:00,1806733,True
power_plant,map,1,500,-0.0365130167793156,0.0365130167793156,0.2330656406420801,0.0578742345679761,0.0,6889,1722,8611,128,54,27000,,False,2000,105.37898459995633,2026-08-27T09:49:57.132935+00:00,1806733,True
power_plant,map,1,1000,-0.0394454758013293,0.0394454758013293,0.232579100262763,0.0553977466812275,0.0,6889,1722,8611,128,54,54000,,False,2000,105.37898459995633,2026-08-27T09:49:57.132935+00:00,1806733,True
power_plant,map,1,2000,-0.0381609776563664,0.0381609776563664,0.2327901149324453,0.0567360257576339,0.0,6889,1722,8611,128,54,108000,,False,2000,105.37898459995633,2026-08-27T09:49:57.132935+00:00,1806733,True
power_plant,map,2,5,0.048599726932617,-0.048599726932617,0.2406938776866564,0.0958195616502299,0.0,6889,1722,8611,128,54,270,,False,2000,106.19063169998115,2026-08-27T09:49:57.132935+00:00,1806733,True
power_plant,map,2,10,-0.0073632327721136,0.0073632327721136,0.2395342373741658,0.0638492837003452,0.0,6889,1722,8611,128,54,540,,False,2000,106.19063169998115,2026-08-27T09:49:57.132935+00:00,1806733,True
power_plant,map,2,20,0.0122539242577768,-0.0122539242577768,0.2449050008270761,0.0617086528148902,0.0,6889,1722,8611,128,54,1080,,False,2000,106.19063169998115,2026-08-27T09:49:57.132935+00:00,1806733,True
power_plant,map,2,50,-0.0199967228044762,0.0199967228044762,0.2365881335227367,0.0619647167116645,0.0,6889,1722,8611,128,54,2700,,False,2000,106.19063169998115,2026-08-27T09:49:57.132935+00:00,1806733,True
power_plant,map,2,100,-0.0046831961161835,0.0046831961161835,0.2408282773910813,0.057190460674278,0.0,6889,1722,8611,128,54,5400,,False,2000,106.19063169998115,2026-08-27T09:49:57.132935+00:00,1806733,True
power_plant,map,2,200,-0.0363835259436942,0.0363835259436942,0.2332467487497123,0.0564492566895666,0.0,6889,1722,8611,128,54,10800,,False,2000,106.19063169998115,2026-08-27T09:49:57.132935+00:00,1806733,True
power_plant,map,2,500,-0.0273771731209743,0.0273771731209743,0.235430722980479,0.0559611900678634,0.0,6889,1722,8611,128,54,27000,,False,2000,106.19063169998115,2026-08-27T09:49:57.132935+00:00,1806733,True
power_plant,map,2,1000,-0.0363525117179568,0.0363525117179568,0.2331887218626236,0.0571683002026955,0.0,6889,1722,8611,128,54,54000,,False,2000,106.19063169998115,2026-08-27T09:49:57.132935+00:00,1806733,True
power_plant,map,2,2000,-0.0363055298759463,0.0363055298759463,0.2331984515722552,0.0571853604543607,0.0,6889,1722,8611,128,54,108000,,False,2000,106.19063169998115,2026-08-27T09:49:57.132935+00:00,1806733,True
power_plant,mcd,0,5,0.0877836524745143,-0.0877836524745143,0.2466704908660023,0.102834789841175,0.0053550979391618,6889,1722,8611,128,54,270,,False,2000,118.1461624999065,2026-08-27T09:49:57.132935+00:00,1806733,True
power_plant,mcd,0,10,0.0188043931814841,-0.0188043931814841,0.2430344378523166,0.0707726192298656,0.0054681886133014,6889,1722,8611,128,54,540,,False,2000,118.1461624999065,2026-08-27T09:49:57.132935+00:00,1806733,True
power_plant,mcd,0,20,0.1042659956651295,-0.1042659956651295,0.2690168502279571,0.0672780350920572,0.0035814048067503,6889,1722,8611,128,54,1080,,False,2000,118.1461624999065,2026-08-27T09:49:57.132935+00:00,1806733,True
power_plant,mcd,0,50,0.002836938538902,-0.002836938538902,0.2399227826938555,0.0678339561419154,0.0041008208032708,6889,1722,8611,128,54,2700,,False,2000,118.1461624999065,2026-08-27T09:49:57.132935+00:00,1806733,True
power_plant,mcd,0,100,-0.0156621729192771,0.0156621729192771,0.23513927181006,0.0656534430731898,0.0044265027441546,6889,1722,8611,128,54,5400,,False,2000,118.1461624999065,2026-08-27T09:49:57.132935+00:00,1806733,True
power_plant,mcd,0,200,0.0508668567697112,-0.0508668567697112,0.2541395198430586,0.0676150911661193,0.0037164539528221,6889,1722,8611,128,54,10800,,False,2000,118.1461624999065,2026-08-27T09:49:57.132935+00:00,1806733,True
power_plant,mcd,0,500,0.0264428067170284,-0.0264428067170284,0.247278038925274,0.0670032569380732,0.0040200732237416,6889,1722,8611,128,54,27000,,False,2000,118.1461624999065,2026-08-27T09:49:57.132935+00:00,1806733,True
power_plant,mcd,0,1000,0.0002499247908409,-0.0002499247908409,0.2402554243744547,0.0648924306829725,0.0041281538646429,6889,1722,8611,128,54,54000,,False,2000,118.1461624999065,2026-08-27T09:49:57.132935+00:00,1806733,True
power_plant,mcd,0,2000,0.0096870713972805,-0.0096870713972805,0.2426690405910754,0.0653766367856769,0.0041519577393373,6889,1722,8611,128,54,108000,,False,2000,118.1461624999065,2026-08-27T09:49:57.132935+00:00,1806733,True
power_plant,mcd,1,5,0.083274471243608,-0.083274471243608,0.2442040121741215,0.1025576165064409,0.0060188072284656,6889,1722,8611,128,54,270,,False,2000,118.60174910002388,2026-08-27T09:49:57.132935+00:00,1806733,True
power_plant,mcd,1,10,0.0071403468003025,-0.0071403468003025,0.2391920528788752,0.0711097112546877,0.0052665846903294,6889,1722,8611,128,54,540,,False,2000,118.60174910002388,2026-08-27T09:49:57.132935+00:00,1806733,True
power_plant,mcd,1,20,0.0158021469430143,-0.0158021469430143,0.2437166532108762,0.0684493836623359,0.0039412895104678,6889,1722,8611,128,54,1080,,False,2000,118.60174910002388,2026-08-27T09:49:57.132935+00:00,1806733,True
power_plant,mcd,1,50,0.0005354036127869,-0.0005354036127869,0.2399135254715608,0.0664587820551911,0.0039596345133766,6889,1722,8611,128,54,2700,,False,2000,118.60174910002388,2026-08-27T09:49:57.132935+00:00,1806733,True
power_plant,mcd,1,100,0.0007207794247913,-0.0007207794247913,0.239585707761025,0.0672719584928238,0.0040092692929357,6889,1722,8611,128,54,5400,,False,2000,118.60174910002388,2026-08-27T09:49:57.132935+00:00,1806733,True
power_plant,mcd,1,200,-0.0028922829777766,0.0028922829777766,0.2391075881131305,0.0659956025888791,0.003774356792369,6889,1722,8611,128,54,10800,,False,2000,118.60174910002388,2026-08-27T09:49:57.132935+00:00,1806733,True
power_plant,mcd,1,500,-0.001470041547473,0.001470041547473,0.2386411778852411,0.0678834092813584,0.0040654951003602,6889,1722,8611,128,54,27000,,False,2000,118.60174910002388,2026-08-27T09:49:57.132935+00:00,1806733,True
power_plant,mcd,1,1000,-0.0005860754141889,0.0005860754141889,0.2403038616075218,0.0642657074545864,0.0040713438246763,6889,1722,8611,128,54,54000,,False,2000,118.60174910002388,2026-08-27T09:49:57.132935+00:00,1806733,True
power_plant,mcd,1,2000,-0.0127593485992087,0.0127593485992087,0.2364294806663012,0.0649906749222595,0.0041543836919156,6889,1722,8611,128,54,108000,,False,2000,118.60174910002388,2026-08-27T09:49:57.132935+00:00,1806733,True
power_plant,mcd,2,5,0.0676260611520442,-0.0676260611520442,0.2401854153578028,0.0998425848768249,0.0056726267676891,6889,1722,8611,128,54,270,,False,2000,117.84019679995254,2026-08-27T09:49:57.132935+00:00,1806733,True
power_plant,mcd,2,10,0.0147808603350396,-0.0147808603350396,0.2426129437776839,0.0699538819520901,0.0042784505317088,6889,1722,8611,128,54,540,,False,2000,117.84019679995254,2026-08-27T09:49:57.132935+00:00,1806733,True
power_plant,mcd,2,20,0.0072175833099213,-0.0072175833099213,0.2413284757673796,0.067795695826742,0.0039226583654005,6889,1722,8611,128,54,1080,,False,2000,117.84019679995254,2026-08-27T09:49:57.132935+00:00,1806733,True
power_plant,mcd,2,50,0.0051393965606406,-0.0051393965606406,0.2402364328097744,0.0690459996994936,0.0038973706274523,6889,1722,8611,128,54,2700,,False,2000,117.84019679995254,2026-08-27T09:49:57.132935+00:00,1806733,True
power_plant,mcd,2,100,0.0066678362179656,-0.0066678362179656,0.2415537785949144,0.0662818227226573,0.0040977724876388,6889,1722,8611,128,54,5400,,False,2000,117.84019679995254,2026-08-27T09:49:57.132935+00:00,1806733,True
power_plant,mcd,2,200,-0.0111906218255779,0.0111906218255779,0.2352024882401824,0.0683949306198936,0.0045552895635008,6889,1722,8611,128,54,10800,,False,2000,117.84019679995254,2026-08-27T09:49:57.132935+00:00,1806733,True
power_plant,mcd,2,500,-0.0127895542301852,0.0127895542301852,0.2364494483945093,0.0647561647804038,0.0043053020531796,6889,1722,8611,128,54,27000,,False,2000,117.84019679995254,2026-08-27T09:49:57.132935+00:00,1806733,True
power_plant,mcd,2,1000,0.0141779646899065,-0.0141779646899065,0.2441283622673944,0.065286248285079,0.0040740349780757,6889,1722,8611,128,54,54000,,False,2000,117.84019679995254,2026-08-27T09:49:57.132935+00:00,1806733,True
power_plant,mcd,2,2000,0.0085420946101533,-0.0085420946101533,0.2421777523099594,0.0665108812970232,0.0040231196064209,6889,1722,8611,128,54,108000,,False,2000,117.84019679995254,2026-08-27T09:49:57.132935+00:00,1806733,True
power_plant,bbb,0,5,0.1058606023160391,-0.1058606023160391,0.245712575589294,0.1065952564325514,0.0115060684108286,6889,1722,8611,128,54,270,8.0,True,500,182.62212940002792,2026-08-27T09:49:57.132935+00:00,1806733,True
power_plant,bbb,0,10,0.0677917157384129,-0.0677917157384129,0.2553872401287695,0.0757405424093873,0.0093006299830919,6889,1722,8611,128,54,540,8.0,True,500,182.62212940002792,2026-08-27T09:49:57.132935+00:00,1806733,True
power_plant,bbb,0,20,0.0423337315769157,-0.0423337315769157,0.2510687425816713,0.0687144102204238,0.0060851278989192,6889,1722,8611,128,54,1080,8.0,True,500,182.62212940002792,2026-08-27T09:49:57.132935+00:00,1806733,True
power_plant,bbb,0,50,0.0094484740494761,-0.0094484740494761,0.2433272907186924,0.0654406522393216,0.0021288068214519,6889,1722,8611,128,54,2700,8.0,True,500,182.62212940002792,2026-08-27T09:49:57.132935+00:00,1806733,True
power_plant,bbb,0,100,0.0027730262769168,-0.0027730262769168,0.2424770908446977,0.0615368083267186,0.0008910757989129,6889,1722,8611,128,54,5400,8.0,True,500,182.62212940002792,2026-08-27T09:49:57.132935+00:00,1806733,True
power_plant,bbb,0,200,-0.0055956495773639,0.0055956495773639,0.2400040267203848,0.0632832208055049,0.0006834681546936,6889,1722,8611,128,54,10800,8.0,True,500,182.62212940002792,2026-08-27T09:49:57.132935+00:00,1806733,True
power_plant,bbb,0,500,-0.0055400053198657,0.0055400053198657,0.2403741554132645,0.0616334036314502,0.0003290842104732,6889,1722,8611,128,54,27000,8.0,True,500,182.62212940002792,2026-08-27T09:49:57.132935+00:00,1806733,True
yacht,map,0,5,1.1372240178756887,-1.1372240178756887,0.6700484046945161,0.9775521784291632,0.0,222,55,277,128,2,10,,False,5000,11.51516479998827,2026-08-28T15:51:40.101745+00:00,1806733,True
yacht,map,0,10,1.0737160124598863,-1.0737160124598863,0.6177235896184023,0.885865138131605,0.0,222,55,277,128,2,20,,False,5000,11.51516479998827,2026-08-28T15:51:40.101745+00:00,1806733,True
yacht,map,0,20,1.0211517298218238,-1.0211517298218238,0.6186291372254458,0.7221510967611079,0.0,222,55,277,128,2,40,,False,5000,11.51516479998827,2026-08-28T15:51:40.101745+00:00,1806733,True
yacht,map,0,50,0.7083456812979029,-0.7083456812979029,0.4381629562308468,0.4116597053711671,0.0,222,55,277,128,2,100,,False,5000,11.51516479998827,2026-08-28T15:51:40.101745+00:00,1806733,True
yacht,map,0,100,-0.0856572948683491,0.0856572948683491,0.1320649006297393,0.1152672283316815,0.0,222,55,277,128,2,200,,False,5000,11.51516479998827,2026-08-28T15:51:40.101745+00:00,1806733,True
yacht,map,0,200,-0.8903222568504514,0.8903222568504514,0.0981484249413255,0.0120942496685087,0.0,222,55,277,128,2,400,,False,5000,11.51516479998827,2026-08-28T15:51:40.101745+00:00,1806733,True
yacht,map,0,500,-1.0449339542849947,1.0449339542849947,0.0601684118393568,0.0013514082974772,0.0,222,55,277,128,2,1000,,False,5000,11.51516479998827,2026-08-28T15:51:40.101745+00:00,1806733,True
yacht,map,0,1000,-0.7906939923161804,0.7906939923161804,0.0562786252097273,0.0008742429753784,0.0,222,55,277,128,2,2000,,False,5000,11.51516479998827,2026-08-28T15:51:40.101745+00:00,1806733,True
yacht,map,0,2000,-0.3456435750741642,0.3456435750741642,0.0570325438828495,0.0006834608307252,0.0,222,55,277,128,2,4000,,False,5000,11.51516479998827,2026-08-28T15:51:40.101745+00:00,1806733,True
yacht,map,0,5000,0.0444559303260822,-0.0444559303260822,0.0530531041314251,0.0004771623012972,0.0,222,55,277,128,2,10000,,False,5000,11.51516479998827,2026-08-28T15:51:40.101745+00:00,1806733,True
yacht,map,1,5,1.1349030664049382,-1.1349030664049382,0.692426931621339,0.9087805978821438,0.0,222,55,277,128,2,10,,False,5000,10.679656399879605,2026-08-28T15:51:40.101745+00:00,1806733,True
yacht,map,1,10,1.046507045176059,-1.046507045176059,0.6098048670267207,0.8201466666470053,0.0,222,55,277,128,2,20,,False,5000,10.679656399879605,2026-08-28T15:51:40.101745+00:00,1806733,True
yacht,map,1,20,0.9930972396051072,-0.9930972396051072,0.6071501038099366,0.6679125507846799,0.0,222,55,277,128,2,40,,False,5000,10.679656399879605,2026-08-28T15:51:40.101745+00:00,1806733,True
yacht,map,1,50,0.5510275343984447,-0.5510275343984447,0.3203746234170055,0.3603618865807727,0.0,222,55,277,128,2,100,,False,5000,10.679656399879605,2026-08-28T15:51:40.101745+00:00,1806733,True
yacht,map,1,100,-0.1619874776606947,0.1619874776606947,0.1188189107994604,0.0999480488161348,0.0,222,55,277,128,2,200,,False,5000,10.679656399879605,2026-08-28T15:51:40.101745+00:00,1806733,True
yacht,map,1,200,-0.9480975207198404,0.9480975207198404,0.0895008627753513,0.0127460512637439,0.0,222,55,277,128,2,400,,False,5000,10.679656399879605,2026-08-28T15:51:40.101745+00:00,1806733,True
yacht,map,1,500,-1.017754886493382,1.017754886493382,0.064494378442148,0.0016364059799901,0.0,222,55,277,128,2,1000,,False,5000,10.679656399879605,2026-08-28T15:51:40.101745+00:00,1806733,True
yacht,map,1,1000,-0.6518130442274017,0.6518130442274017,0.0556328232498326,0.0007679352703106,0.0,222,55,277,128,2,2000,,False,5000,10.679656399879605,2026-08-28T15:51:40.101745+00:00,1806733,True
yacht,map,1,2000,-0.1775182187857152,0.1775182187857152,0.0535909754919466,0.0005384391322966,0.0,222,55,277,128,2,4000,,False,5000,10.679656399879605,2026-08-28T15:51:40.101745+00:00,1806733,True
yacht,map,1,5000,1.4273949413129507,-1.4273949413129507,0.0538345016229927,0.0003197074612623,0.0,222,55,277,128,2,10000,,False,5000,10.679656399879605,2026-08-28T15:51:40.101745+00:00,1806733,True
yacht,map,2,5,1.0922330372541604,-1.0922330372541604,0.622222856620466,0.934555639069974,0.0,222,55,277,128,2,10,,False,5000,10.53421950014308,2026-08-28T15:51:40.101745+00:00,1806733,True
yacht,map,2,10,1.0567054660141395,-1.0567054660141395,0.6130531616208786,0.8437496978520398,0.0,222,55,277,128,2,20,,False,5000,10.53421950014308,2026-08-28T15:51:40.101745+00:00,1806733,True
yacht,map,2,20,0.9860950049495522,-0.9860950049495522,0.591854691504576,0.6867862404926521,0.0,222,55,277,128,2,40,,False,5000,10.53421950014308,2026-08-28T15:51:40.101745+00:00,1806733,True
yacht,map,2,50,0.5749492216985264,-0.5749492216985264,0.3351761211909735,0.3714062453491072,0.0,222,55,277,128,2,100,,False,5000,10.53421950014308,2026-08-28T15:51:40.101745+00:00,1806733,True
yacht,map,2,100,-0.1030327970783981,0.1030327970783981,0.1375941389603578,0.1088385440779956,0.0,222,55,277,128,2,200,,False,5000,10.53421950014308,2026-08-28T15:51:40.101745+00:00,1806733,True
yacht,map,2,200,-1.0320814559216085,1.0320814559216085,0.0776182244407544,0.0124522185349751,0.0,222,55,277,128,2,400,,False,5000,10.53421950014308,2026-08-28T15:51:40.101745+00:00,1806733,True
yacht,map,2,500,-0.9512726406596108,0.9512726406596108,0.0610223219422848,0.0012724709738047,0.0,222,55,277,128,2,1000,,False,5000,10.53421950014308,2026-08-28T15:51:40.101745+00:00,1806733,True
yacht,map,2,1000,0.2813790724227553,-0.2813790724227553,0.0664482862979861,0.0007449501172221,0.0,222,55,277,128,2,2000,,False,5000,10.53421950014308,2026-08-28T15:51:40.101745+00:00,1806733,True
yacht,map,2,2000,0.2758312079986856,-0.2758312079986856,0.0555649316437853,0.0004868837609267,0.0,222,55,277,128,2,4000,,False,5000,10.53421950014308,2026-08-28T15:51:40.101745+00:00,1806733,True
yacht,map,2,5000,2.5731468315534136,-2.5731468315534136,0.0533048176665068,0.0002444210851926,0.0,222,55,277,128,2,10000,,False,5000,10.53421950014308,2026-08-28T15:51:40.101745+00:00,1806733,True
yacht,mcd,0,5,1.1400353168303137,-1.1400353168303137,0.6687119406374908,0.9802648745316086,0.0124789566923454,222,55,277,128,2,10,,False,5000,11.738970499951392,2026-08-28T15:51:40.101745+00:00,1806733,True
yacht,mcd,0,10,1.0808721194494022,-1.0808721194494022,0.6230511716260182,0.8884630959558083,0.0092984862146304,222,55,277,128,2,20,,False,5000,11.738970499951392,2026-08-28T15:51:40.101745+00:00,1806733,True
yacht,mcd,0,20,1.0268932738037475,-1.0268932738037475,0.6220425714263652,0.7241141448117648,0.0081747097347431,222,55,277,128,2,40,,False,5000,11.738970499951392,2026-08-28T15:51:40.101745+00:00,1806733,True
yacht,mcd,0,50,0.7744474667763458,-0.7744474667763458,0.4806246491595359,0.4216244196079537,0.0187503427713648,222,55,277,128,2,100,,False,5000,11.738970499951392,2026-08-28T15:51:40.101745+00:00,1806733,True
yacht,mcd,0,100,0.3273115699592531,-0.3273115699592531,0.2640107208998162,0.1697499424565482,0.0449868294914547,222,55,277,128,2,200,,False,5000,11.738970499951392,2026-08-28T15:51:40.101745+00:00,1806733,True
yacht,mcd,0,200,-0.0383932338919457,0.0383932338919457,0.177833890633957,0.0709354229788852,0.0342234555182198,222,55,277,128,2,400,,False,5000,11.738970499951392,2026-08-28T15:51:40.101745+00:00,1806733,True
yacht,mcd,0,500,-0.1976318400684224,0.1976318400684224,0.1510719902387403,0.0460103964803213,0.0271494840072515,222,55,277,128,2,1000,,False,5000,11.738970499951392,2026-08-28T15:51:40.101745+00:00,1806733,True
yacht,mcd,0,1000,-0.2108602983909789,0.2108602983909789,0.1466132653003547,0.0454129386920368,0.0265043526618057,222,55,277,128,2,2000,,False,5000,11.738970499951392,2026-08-28T15:51:40.101745+00:00,1806733,True
yacht,mcd,0,2000,-0.3295998842853527,0.3295998842853527,0.1321655721623465,0.035263534420801,0.0208940835920148,222,55,277,128,2,4000,,False,5000,11.738970499951392,2026-08-28T15:51:40.101745+00:00,1806733,True
yacht,mcd,0,5000,-0.3662570764116853,0.3662570764116853,0.126750215189828,0.033144088801325,0.0191346704262672,222,55,277,128,2,10000,,False,5000,11.738970499951392,2026-08-28T15:51:40.101745+00:00,1806733,True
yacht,mcd,1,5,1.1374200902932443,-1.1374200902932443,0.6911759372411694,0.9094105399134236,0.0150931809597326,222,55,277,128,2,10,,False,5000,11.701973099960014,2026-08-28T15:51:40.101745+00:00,1806733,True
yacht,mcd,1,10,1.0495679727737934,-1.0495679727737934,0.6092631444716445,0.821003389807392,0.0107043029871952,222,55,277,128,2,20,,False,5000,11.701973099960014,2026-08-28T15:51:40.101745+00:00,1806733,True
yacht,mcd,1,20,0.9957473866719948,-0.9957473866719948,0.6061245866041136,0.6691377421732922,0.0103781820936424,222,55,277,128,2,40,,False,5000,11.701973099960014,2026-08-28T15:51:40.101745+00:00,1806733,True
yacht,mcd,1,50,0.6669645533622949,-0.6669645533622949,0.3901899455816888,0.374031165558871,0.0369083400669283,222,55,277,128,2,100,,False,5000,11.701973099960014,2026-08-28T15:51:40.101745+00:00,1806733,True
yacht,mcd,1,100,0.2578663021961318,-0.2578663021961318,0.2418380092312154,0.1459197622443019,0.0483152942048926,222,55,277,128,2,200,,False,5000,11.701973099960014,2026-08-28T15:51:40.101745+00:00,1806733,True
yacht,mcd,1,200,-0.030778752872856,0.030778752872856,0.1758144937517753,0.0696413221385833,0.0389461633568041,222,55,277,128,2,400,,False,5000,11.701973099960014,2026-08-28T15:51:40.101745+00:00,1806733,True
yacht,mcd,1,500,-0.1732843090735946,0.1732843090735946,0.1541115311629854,0.0483396159301724,0.0305676501906098,222,55,277,128,2,1000,,False,5000,11.701973099960014,2026-08-28T15:51:40.101745+00:00,1806733,True
yacht,mcd,1,1000,-0.2394643751628624,0.2394643751628624,0.1436176261647178,0.0449413160302474,0.0263601598997148,222,55,277,128,2,2000,,False,5000,11.701973099960014,2026-08-28T15:51:40.101745+00:00,1806733,True
yacht,mcd,1,2000,-0.3118536105244863,0.3118536105244863,0.1364658064158068,0.0358743223944997,0.0226060394425726,222,55,277,128,2,4000,,False,5000,11.701973099960014,2026-08-28T15:51:40.101745+00:00,1806733,True
yacht,mcd,1,5000,-0.3764896746431422,0.3764896746431422,0.1211508509810191,0.0326864443718571,0.0206712651969722,222,55,277,128,2,10000,,False,5000,11.701973099960014,2026-08-28T15:51:40.101745+00:00,1806733,True
yacht,mcd,2,5,1.0952664346281502,-1.0952664346281502,0.6204200878699182,0.934483900709931,0.014939563108329,222,55,277,128,2,10,,False,5000,11.75970650021918,2026-08-28T15:51:40.101745+00:00,1806733,True
yacht,mcd,2,10,1.0632345612180902,-1.0632345612180902,0.6170759745857012,0.8433676572798574,0.0132143061320539,222,55,277,128,2,20,,False,5000,11.75970650021918,2026-08-28T15:51:40.101745+00:00,1806733,True
yacht,mcd,2,20,0.9943035238226762,-0.9943035238226762,0.5966737588976888,0.6870331492881249,0.0123479745815807,222,55,277,128,2,40,,False,5000,11.75970650021918,2026-08-28T15:51:40.101745+00:00,1806733,True
yacht,mcd,2,50,0.6959508388821652,-0.6959508388821652,0.4128402148633335,0.389240522584042,0.0350212459890882,222,55,277,128,2,100,,False,5000,11.75970650021918,2026-08-28T15:51:40.101745+00:00,1806733,True
yacht,mcd,2,100,0.2728402381001965,-0.2728402381001965,0.2432584855348314,0.1556675976129504,0.0445080576024342,222,55,277,128,2,200,,False,5000,11.75970650021918,2026-08-28T15:51:40.101745+00:00,1806733,True
yacht,mcd,2,200,-0.0716306912369135,0.0716306912369135,0.1678325047216673,0.0670638305113735,0.035494746189665,222,55,277,128,2,400,,False,5000,11.75970650021918,2026-08-28T15:51:40.101745+00:00,1806733,True
yacht,mcd,2,500,-0.1920859760627965,0.1920859760627965,0.1521823852677512,0.0478850269306404,0.0302718260528469,222,55,277,128,2,1000,,False,5000,11.75970650021918,2026-08-28T15:51:40.101745+00:00,1806733,True
yacht,mcd,2,1000,-0.1599185638683205,0.1599185638683205,0.1621242026136194,0.0469348717435908,0.0307600920026061,222,55,277,128,2,2000,,False,5000,11.75970650021918,2026-08-28T15:51:40.101745+00:00,1806733,True
yacht,mcd,2,2000,-0.2765206824496631,0.2765206824496631,0.1382355439742364,0.0376601774476643,0.0254215133663033,222,55,277,128,2,4000,,False,5000,11.75970650021918,2026-08-28T15:51:40.101745+00:00,1806733,True
yacht,mcd,2,5000,-0.350304509157626,0.350304509157626,0.1285542446588596,0.0323636375882984,0.0209355315250706,222,55,277,128,2,10000,,False,5000,11.75970650021918,2026-08-28T15:51:40.101745+00:00,1806733,True
yacht,bbb,0,5,1.1162999667848943,-1.1162999667848943,0.6445635262306346,0.9425376242293404,0.02447847450611,222,55,277,128,2,10,8.0,False,5000,75.01271610008553,2026-08-28T15:51:40.101745+00:00,1806733,True
yacht,bbb,0,10,1.0754653479350946,-1.0754653479350946,0.6240705817510698,0.8513259610784305,0.0258564992768611,222,55,277,128,2,20,8.0,False,5000,75.01271610008553,2026-08-28T15:51:40.101745+00:00,1806733,True
yacht,bbb,0,20,1.0042822741575326,-1.0042822741575326,0.6002266831263147,0.6952182286239448,0.0237039676745655,222,55,277,128,2,40,8.0,False,5000,75.01271610008553,2026-08-28T15:51:40.101745+00:00,1806733,True
yacht,bbb,0,50,0.7695263930231799,-0.7695263930231799,0.4790580313060754,0.415348215633649,0.0259523206452704,222,55,277,128,2,100,8.0,False,5000,75.01271610008553,2026-08-28T15:51:40.101745+00:00,1806733,True
yacht,bbb,0,100,0.3043364215279791,-0.3043364215279791,0.2935741337579621,0.1455529847908726,0.0399700683997175,222,55,277,128,2,200,8.0,False,5000,75.01271610008553,2026-08-28T15:51:40.101745+00:00,1806733,True
yacht,bbb,0,200,-0.3179847399187633,0.3179847399187633,0.1287653493693905,0.042909851499643,0.0260553445582709,222,55,277,128,2,400,8.0,False,5000,75.01271610008553,2026-08-28T15:51:40.101745+00:00,1806733,True
yacht,bbb,0,500,-0.730884706564924,0.730884706564924,0.1047469556957952,0.0152422727587397,0.0106525642448531,222,55,277,128,2,1000,8.0,False,5000,75.01271610008553,2026-08-28T15:51:40.101745+00:00,1806733,True
yacht,bbb,0,1000,-1.213219597711557,1.213219597711557,0.0687530331777439,0.005286931442321,0.0033170197845418,222,55,277,128,2,2000,8.0,False,5000,75.01271610008553,2026-08-28T15:51:40.101745+00:00,1806733,True
yacht,bbb,0,2000,-1.3112143851579905,1.3112143851579905,0.0629415921662034,0.0016164590686666,0.0006018202585494,222,55,277,128,2,4000,8.0,False,5000,75.01271610008553,2026-08-28T15:51:40.101745+00:00,1806733,True
yacht,bbb,0,5000,-0.7797576606951643,0.7797576606951643,0.0594975665946671,0.0008666802313997,0.000131548800238,222,55,277,128,2,10000,8.0,False,5000,75.01271610008553,2026-08-28T15:51:40.101745+00:00,1806733,True
kin8nm,bbb,0,5,0.645837451038248,-0.645837451038248,0.4511122657577042,0.2384287346788942,0.0417058923964391,5898,1475,7373,128,47,235,8.0,False,2000,698.2504183000419,2026-08-28T16:03:49.983803+00:00,1806733,True
kin8nm,bbb,0,10,0.5193684935812761,-0.5193684935812761,0.398309626569643,0.1823329371400509,0.0327845676652619,5898,1475,7373,128,47,470,8.0,False,2000,698.2504183000419,2026-08-28T16:03:49.983803+00:00,1806733,True
kin8nm,bbb,0,20,0.4572328638874336,-0.4572328638874336,0.3758111630098637,0.1621407444296072,0.0228115632526371,5898,1475,7373,128,47,940,8.0,False,2000,698.2504183000419,2026-08-28T16:03:49.983803+00:00,1806733,True
kin8nm,bbb,0,50,0.3428262889927046,-0.3428262889927046,0.3380842365737503,0.1264436904440256,0.0125645583537315,5898,1475,7373,128,47,2350,8.0,False,2000,698.2504183000419,2026-08-28T16:03:49.983803+00:00,1806733,True
kin8nm,bbb,0,100,0.3051945131546743,-0.3051945131546743,0.3277418525134311,0.11180493830599,0.0067069631051482,5898,1475,7373,128,47,4700,8.0,False,2000,698.2504183000419,2026-08-28T16:03:49.983803+00:00,1806733,True
kin8nm,bbb,0,200,0.2692983074409181,-0.2692983074409181,0.3165705157526218,0.1024897192563247,0.0030688580756758,5898,1475,7373,128,47,9400,8.0,False,2000,698.2504183000419,2026-08-28T16:03:49.983803+00:00,1806733,True
kin8nm,bbb,0,500,0.2474739421875211,-0.2474739421875211,0.3098771774869814,0.0926130336847068,0.00152012590302,5898,1475,7373,128,47,23500,8.0,False,2000,698.2504183000419,2026-08-28T16:03:49.983803+00:00,1806733,True
kin8nm,bbb,0,1000,0.2230110381999753,-0.2230110381999753,0.3024392555920184,0.0900490334772616,0.0012854293838048,5898,1475,7373,128,47,47000,8.0,False,2000,698.2504183000419,2026-08-28T16:03:49.983803+00:00,1806733,True
kin8nm,bbb,0,2000,0.2112661927442219,-0.2112661927442219,0.2988081287081095,0.0859642130596461,0.0010036965611229,5898,1475,7373,128,47,94000,8.0,False,2000,698.2504183000419,2026-08-28T16:03:49.983803+00:00,1806733,True
