x,mean,std_alea,std_epi,y_true
-2.0,-0.04541019296410535,0.10000000000000002,0.35528150647804646,-0.9092974268256817
-1.98998998998999,-0.04533100810418965,0.10000000000000002,0.3549472951971978,-0.913417435701936
-1.97997997997998,-0.04525075752336154,0.10000000000000002,0.3546092782476335,-0.917445920640973
-1.96996996996997,-0.04516942268038614,0.10000000000000002,0.35426739936821894,-0.921382477990762
-1.95995995995996,-0.04508698464287207,0.10000000000000002,0.35392160132272066,-0.9252267133103678
-1.94994994994995,-0.04500342407768469,0.10000000000000002,0.35357182588135233,-0.9289782414094727
-1.93993993993994,-0.044918721241106116,0.10000000000000002,0.3532180138019558,-0.9326366863869732
-1.92992992992993,-0.0448328559687106,0.10000000000000002,0.35286010481083,-0.9362016816686444
-1.91991991991992,-0.04474580766496704,0.10000000000000002,0.3524980375831881,-0.9396728700438709
-1.90990990990991,-0.044657555292548154,0.10000000000000002,0.3521317497232378,-0.9430499037014389
-1.8998998998999,-0.04456807736134187,0.10000000000000002,0.3517611777438927,-0.9463324442643871
-1.88988988988989,-0.04447735191715256,0.10000000000000002,0.3513862570460868,-0.9495201628239114
-1.87987987987988,-0.044385356530088446,0.10000000000000002,0.3510069218977053,-0.9526127399723214
-1.86986986986987,-0.04429206828261871,0.10000000000000002,0.35062310541212,-0.9556098658350456
-1.85985985985986,-0.044197463757294594,0.10000000000000002,0.3502347395263133,-0.9585112401016795
-1.84984984984985,-0.04410151902412211,0.10000000000000002,0.349841754978602,-0.9613165720560779
-1.83983983983984,-0.04400420962757444,0.10000000000000002,0.34944408128593685,-0.964025580605483
-1.82982982982983,-0.0439055105732372,0.10000000000000002,0.34904164672079263,-0.9666379943086911
-1.8198198198198199,-0.043805396314068976,0.10000000000000002,0.34863437828761684,-0.9691535514032502
-1.8098098098098099,-0.04370384073627019,0.10000000000000002,0.34822220169886386,-0.9715719998316883
-1.7997997997997999,-0.043600817144743495,0.10000000000000002,0.3478050413505696,-0.9738930972667699
-1.7897897897897899,-0.04349629824813843,0.10000000000000002,0.34738282029750456,-0.9761166111357765
-1.7797797797797799,-0.04339025614345986,0.10000000000000002,0.34695546022785584,-0.9782423186438112
-1.7697697697697699,-0.043282662300233185,0.10000000000000002,0.3465228814374753,-0.9802700067961214
-1.7597597597597598,-0.04317348754420956,0.10000000000000002,0.3460850028036496,-0.9821994724194418
-1.7497497497497498,-0.0430627020405928,0.10000000000000002,0.3456417417584218,-0.9840305221823515
-1.7397397397397398,-0.04295027527677962,0.10000000000000002,0.3451930142614224,-0.9857629726146463
-1.7297297297297298,-0.042836176044592375,0.10000000000000002,0.34473873477225014,-0.987396650125722
-1.7197197197197198,-0.042720372421989714,0.10000000000000002,0.3442788162223575,-0.9889313910219679
-1.7097097097097098,-0.042602831754239776,0.10000000000000002,0.34381316998645634,-0.9903670415231693
-1.6996996996996998,-0.04248352063453352,0.10000000000000002,0.3433417058534414,-0.991703457777916
-1.6896896896896898,-0.04236240488402791,0.10000000000000002,0.3428643319968188,-0.9929405058780159
-1.6796796796796798,-0.042239449531292814,0.10000000000000002,0.3423809549446424,-0.9940780618719127
-1.6696696696696698,-0.04211461879114696,0.10000000000000002,0.3418914795489535,-0.9951160117771058
-1.6596596596596598,-0.04198787604286218,0.10000000000000002,0.34139580895471905,-0.9960542515915716
-1.6496496496496498,-0.04185918380771285,0.10000000000000002,0.3408938445682823,-0.9968926873041835
-1.6396396396396398,-0.0417285037258535,0.10000000000000002,0.3403854860252847,-0.9976312349041329
-1.6296296296296298,-0.04159579653249733,0.10000000000000002,0.3398706311581146,-0.9982698203893463
-1.6196196196196198,-0.041461022033377856,0.10000000000000002,0.3393491759628265,-0.9988083797739007
-1.6096096096096097,-0.04132413907946651,0.10000000000000002,0.3388210145655809,-0.9992468590944343
-1.5995995995995997,-0.041185105540920516,0.10000000000000002,0.338286039188551,-0.9995852144155545
-1.5895895895895895,-0.0410438782802444,0.10000000000000002,0.3377441401153637,-0.9998234118342396
-1.5795795795795795,-0.04090041312462399,0.10000000000000002,0.33719520565601446,-0.9999614274832359
-1.5695695695695695,-0.04075466483741917,0.10000000000000002,0.33663912211129776,-0.9999992475334494
-1.5595595595595595,-0.040606587088782384,0.10000000000000002,0.3360757737367461,-0.9999368681953315
-1.5495495495495495,-0.040456132425369315,0.10000000000000002,0.3355050427060796,-0.9997742957192581
-1.5395395395395395,-0.04030325223912172,0.10000000000000002,0.33492680907418226,-0.9995115463949044
-1.5295295295295295,-0.04014789673507817,0.10000000000000002,0.33434095073959486,-0.9991486465496117
-1.5195195195195195,-0.03999001489819441,0.10000000000000002,0.3337473434065538,-0.9986856325457498
-1.5095095095095095,-0.039829554459125546,0.10000000000000002,0.3331458605465663,-0.9981225507770738
-1.4994994994994995,-0.039666461858950605,0.10000000000000002,0.3325363733595533,-0.9974594576640748
-1.4894894894894894,-0.03950068221278767,0.10000000000000002,0.3319187507345491,-0.9966964196483272
-1.4794794794794794,-0.03933215927227611,0.10000000000000002,0.331292859209997,-0.9958335131858309
-1.4694694694694694,-0.039160835386878576,0.10000000000000002,0.33065856293363527,-0.9948708247393507
-1.4594594594594594,-0.038986651463967445,0.10000000000000002,0.3300157236219997,-0.9938084507697528
-1.4494494494494494,-0.03880954692765186,0.10000000000000002,0.329364200519576,-0.9926464977263391
-1.4394394394394394,-0.03862945967630531,0.10000000000000002,0.32870385035759475,-0.9913850820361815
-1.4294294294294294,-0.03844632603874602,0.10000000000000002,0.3280345273125228,-0.9900243300924556
-1.4194194194194194,-0.03826008072902852,0.10000000000000002,0.32735608296425545,-0.9885643782417765
-1.4094094094094094,-0.03807065679979492,0.10000000000000002,0.32666836625404666,-0.9870053727705367
-1.3993993993993994,-0.037877985594140004,0.10000000000000002,0.32597122344222046,-0.9853474698902484
-1.3893893893893894,-0.037681996695938566,0.10000000000000002,0.32526449806567376,-0.983590835721891
-1.3793793793793794,-0.03748261787858047,0.10000000000000002,0.3245480308952258,-0.9817356462792662
-1.3693693693693694,-0.03727977505206058,0.10000000000000002,0.3238216598928564,-0.9797820874513614
-1.3593593593593594,-0.03707339220836896,0.10000000000000002,0.3230852201688634,-0.9777303549837233
-1.3493493493493494,-0.03686339136512022,0.10000000000000002,0.3223385439390021,-0.975580654458845
-1.3393393393393394,-0.03664969250736137,0.10000000000000002,0.3215814604816486,-0.9733332012755663
-1.3293293293293293,-0.036432213527498855,0.10000000000000002,0.3208137960950458,-0.9709882206274908
-1.3193193193193193,-0.03621087016327833,0.10000000000000002,0.3200353740546998,-0.968545947480422
-1.3093093093093093,-0.03598557593374817,0.10000000000000002,0.3192460145709813,-0.9660066265488194
-1.2992992992992993,-0.03575624207314314,0.10000000000000002,0.3184455347470094,-0.9633705122712787
-1.2892892892892893,-0.03552277746260933,0.10000000000000002,0.3176337485368948,-0.9606378687850368
-1.2792792792792793,-0.0352850885597034,0.10000000000000002,0.31681046670440655,-0.9578089698995055
-1.2692692692692693,-0.03504307932558452,0.10000000000000002,0.31597549678218967,-0.9548840990688361
-1.2592592592592593,-0.03479665114982243,0.10000000000000002,0.31512864303157784,-0.9518635493635174
-1.2492492492492493,-0.03454570277273876,0.10000000000000002,0.31426970640313817,-0.9487476234410099
-1.2392392392392393,-0.03429013020519604,0.10000000000000002,0.31339848449804514,-0.9455366335154203
-1.2292292292292293,-0.034029826645751424,0.10000000000000002,0.31251477153039353,-0.9422309013262169
-1.2192192192192193,-0.03376468239507717,0.10000000000000002,0.31161835829057616,-0.9388307581059925
-1.2092092092092093,-0.03349458476756077,0.10000000000000002,0.31070903210987355,-0.9353365445472741
-1.1991991991991993,-0.033219417999986,0.10000000000000002,0.30978657682637745,-0.9317486107683867
-1.189189189189189,-0.032939063157195456,0.10000000000000002,0.30885077275239997,-0.9280673162783707
-1.179179179179179,-0.032653398034630174,0.10000000000000002,0.307901396643549,-0.9242930299409599
-1.169169169169169,-0.03236229705764247,0.10000000000000002,0.30693822166962414,-0.9204261299376212
-1.159159159159159,-0.032065631177469786,0.10000000000000002,0.30596101738752207,-0.9164670037296613
-1.149149149149149,-0.03176326776376058,0.10000000000000002,0.30496954971634993,-0.912416048019403
-1.139139139139139,-0.0314550704935289,0.10000000000000002,0.3039635809149443,-0.908273668710436
-1.129129129129129,-0.03114089923642381,0.10000000000000002,0.30294286956203414,-0.9040402808669459
-1.119119119119119,-0.030820609936186114,0.10000000000000002,0.301907170539277,-0.8997163086721239
-1.109109109109109,-0.030494054488165265,0.10000000000000002,0.3008562350174192,-0.8953021853856656
-1.099099099099099,-0.030161080612765387,0.10000000000000002,0.29978981044582476,-0.8907983533003568
-1.089089089089089,-0.029821531724682757,0.10000000000000002,0.2987076405457226,-0.8862052636977573
-1.079079079079079,-0.02947524679780099,0.10000000000000002,0.2976094653073868,-0.8815233768029821
-1.069069069069069,-0.02912206022559148,0.10000000000000002,0.29649502099164227,-0.8767531617385873
-1.059059059059059,-0.028761801676879903,0.10000000000000002,0.2953640401360015,-0.8718950964775642
-1.049049049049049,-0.02839429594682545,0.10000000000000002,0.29421625156579945,-0.8669496677954468
-1.039039039039039,-0.028019362802952016,0.10000000000000002,0.2930513804107078,-0.8619173712215369
-1.029029029029029,-0.0276368168260797,0.10000000000000002,0.2918691481270528,-0.8567987109892524
-1.019019019019019,-0.027246467245988157,0.10000000000000002,0.29066927252632946,-0.8515941999856037
-1.009009009009009,-0.02684811777164485,0.10000000000000002,0.2894514678104215,-0.8463043596998024
-0.9989989989989989,-0.02644156641582894,0.10000000000000002,0.2882154446139523,-0.8409297201710083
-0.9889889889889889,-0.026026605313972925,0.10000000000000002,0.28696091005432794,-0.8354708199352199
-0.9789789789789789,-0.025603020537044427,0.10000000000000002,0.2856875677899825,-0.8299282059713132
-0.9689689689689689,-0.02517059189828312,0.10000000000000002,0.284395118087408,-0.8243024336462355
-0.9589589589589589,-0.02472909275361261,0.10000000000000002,0.2830832578975754,-0.8185940666593563
-0.9489489489489489,-0.024278289795527805,0.10000000000000002,0.28175168094238473,-0.8128036769859867
-0.9389389389389389,-0.02381794284027282,0.10000000000000002,0.2804000778118197,-0.8069318448200667
-0.9289289289289289,-0.023347804608111075,0.10000000000000002,0.2790281360725116,-0.8009791585160305
-0.9189189189189189,-0.022867620496485982,0.10000000000000002,0.2776355403884756,-0.7949462145298536
-0.9089089089089089,-0.022377128345877947,0.10000000000000002,0.2762219726548195,-0.7888336173592878
-0.8988988988988988,-0.02187605819814574,0.10000000000000002,0.2747871121452308,-0.7826419794832918
-0.8888888888888888,-0.02136413204715741,0.10000000000000002,0.273330635674137,-0.7763719213006605
-0.8788788788788788,-0.02084106358149722,0.10000000000000002,0.2718522177745047,-0.770024071067861
-0.8688688688688688,-0.02030655791904555,0.10000000000000002,0.27035153089217795,-0.7635990648360828
-0.8588588588588588,-0.019760311333225575,0.10000000000000002,0.2688282455978498,-0.7570975463875044
-0.8488488488488488,-0.019202010970714264,0.10000000000000002,0.2672820308176983,-0.7505201671707881
-0.8388388388388388,-0.01863133456040343,0.10000000000000002,0.2657125540838574,-0.743867586235804
-0.8288288288288288,-0.018047950113422903,0.10000000000000002,0.26411948180588773,-0.7371404701675942
-0.8188188188188188,-0.017451515614016574,0.10000000000000002,0.2625024795644816,-0.7303394930195812
-0.8088088088088088,-0.016841678701082483,0.10000000000000002,0.26086121242876326,-0.7234653362460282
-0.7987987987987988,-0.016218076340185947,0.10000000000000002,0.2591953452984833,-0.7165186886337571
-0.7887887887887888,-0.015580334485866362,0.10000000000000002,0.2575045432726031,-0.7095002462331338
-0.7787787787787788,-0.014928067734062508,0.10000000000000002,0.2557884720457178,-0.7024107122883227
-0.7687687687687688,-0.014260878964488674,0.10000000000000002,0.2540467983339183,-0.6952507971668235
-0.7587587587587588,-0.013578358972820101,0.10000000000000002,0.252279190331706,-0.6880212182882914
-0.7487487487487487,-0.012880086092534035,0.10000000000000002,0.25048531820168074,-0.6807227000526531
-0.7387387387387387,-0.012165625806297473,0.10000000000000002,0.24866485459875198,-0.673355973767522
-0.7287287287287287,-0.01143453034678392,0.10000000000000002,0.2468174752307531,-0.6659217775749211
-0.7187187187187187,-0.010686338286841665,0.10000000000000002,0.24494285945734348,-0.6584208563773222
-0.7087087087087087,-0.009920574118948963,0.10000000000000002,0.24304069092922617,-0.6508539617630068
-0.6986986986986987,-0.0091367478239157,0.10000000000000002,0.24111065826971761,-0.6432218519307573
-0.6886886886886887,-0.008334354428832444,0.10000000000000002,0.23915245580082042,-0.635525291613886
-0.6786786786786787,-0.00751287355428186,0.10000000000000002,0.23716578431603355,-0.6277650520036092
-0.6686686686686687,-0.006671768950886767,0.10000000000000002,0.23515035190212671,-0.6199419106717744
-0.6586586586586587,-0.00581048802528332,0.10000000000000002,0.23310587481229023,-0.6120566514929475
-0.6486486486486487,-0.004928461355678634,0.10000000000000002,0.2310320783930482,-0.6041100645658698
-0.6386386386386387,-0.0040251021971843964,0.10000000000000002,0.22892869806743124,-0.5961029461342897
-0.6286286286286287,-0.0030998059771813885,0.10000000000000002,0.22679548037693506,-0.58803609850718
-0.6186186186186187,-0.002151949781023052,0.10000000000000002,0.22463218408489924,-0.5799103299783471
-0.6086086086086087,-0.0011808918284673536,0.10000000000000002,0.2224385813439327,-0.5717264547454398
-0.5985985985985987,-0.00018597094128035285,0.10000000000000002,0.22021445893008262,-0.5634852928283679
-0.5885885885885886,0.0008334939974473793,0.10000000000000002,0.2179596195465148,-0.5551876699871356
-0.5785785785785786,0.0018782045916565099,0.10000000000000002,0.21567388319943764,-0.5468344176391022
-0.5685685685685686,0.002948883487626189,0.10000000000000002,0.21335708864905364,-0.5384263727756732
-0.5585585585585586,0.004046274935414387,0.10000000000000002,0.21100909493840656,-0.5299643778784349
-0.5485485485485486,0.005171145355497522,0.10000000000000002,0.20862978300279408,-0.5214492808347381
-0.5385385385385386,0.006324283909549713,0.10000000000000002,0.20621905736268342,-0.51288193485274
-0.5285285285285286,0.00750650307417873,0.10000000000000002,0.20377684790273504,-0.5042631983759139
-0.5185185185185186,0.008718639216278481,0.10000000000000002,0.2013031117397721,-0.49559393499703264
-0.5085085085085086,0.009961553168515894,0.10000000000000002,0.1987978351822562,-0.48687501337163763
-0.4984984984984986,0.011236130803290958,0.10000000000000002,0.19626103578389958,-0.4781073071310001
-0.4884884884884886,0.012543283603337882,0.10000000000000002,0.19369276449386538,-0.46929169479458344
-0.4784784784784786,0.013883949226942374,0.10000000000000002,0.19109310790591966,-0.46042905968201625
-0.46846846846846857,0.015259092065530569,0.10000000000000002,0.18846219060874667,-0.45152028982458403
-0.45845845845845856,0.016669703791182752,0.10000000000000002,0.1858001776395135,-0.4425662778762489
-0.44844844844844856,0.01811680389137517,0.10000000000000002,0.18310727704252533,-0.4335679210242064
-0.43843843843843855,0.019601440188002542,0.10000000000000002,0.18038374253468414,-0.42452612089898745
-0.42842842842842854,0.021124689337476535,0.10000000000000002,0.177629876279152,-0.4154417834841158
-0.41841841841841854,0.02268765730839996,0.10000000000000002,0.17484603176847902,-0.4063158190253287
-0.40840840840840853,0.02429147983302328,0.10000000000000002,0.17203261681806561,-0.397149141939371
-0.3983983983983985,0.025937322828366874,0.10000000000000002,0.16919009667070342,-0.38794267072237076
-0.3883883883883883,0.02762638278257408,0.10000000000000002,0.16631899721248591,-0.3786973278578067
-0.3783783783783783,0.029359887101687007,0.10000000000000002,0.16341990830022468,-0.3694140397240761
-0.3683683683683683,0.031139094411688176,0.10000000000000002,0.16049348720015755,-0.3600937365016714
-0.3583583583583583,0.03296529481027076,0.10000000000000002,0.1575404621374188,-0.3507373520799774
-0.34834834834834827,0.034839810062381474,0.10000000000000002,0.1545616359555924,-0.3413458239636955
-0.33833833833833826,0.036763993733197234,0.10000000000000002,0.1515578898853839,-0.33192009317890653
-0.32832832832832826,0.03873923125175312,0.10000000000000002,0.14853018742127314,-0.32246110417878043
-0.31831831831831825,0.040766939898007046,0.10000000000000002,0.14547957830501174,-0.3129698047489423
-0.30830830830830824,0.0428485687056943,0.10000000000000002,0.1424072026148235,-0.30344714591250527
-0.29829829829829824,0.04498559827285138,0.10000000000000002,0.1393142949593361,-0.29389408183477794
-0.28828828828828823,0.04717954047146013,0.10000000000000002,0.13620218877560014,-0.2843115697276578
-0.2782782782782782,0.049431938047186305,0.10000000000000002,0.13307232073120476,-0.2747005697537192
-0.2682682682682682,0.05174436409974688,0.10000000000000002,0.12992623523124094,-0.26506204493000546
-0.2582582582582582,0.054118421433993105,0.10000000000000002,0.126765589032078,-0.255396961031535
-0.2482482482482482,0.056555741771366755,0.10000000000000002,0.12359215596548712,-0.24570628649453133
-0.2382382382382382,0.059057984810977696,0.10000000000000002,0.12040783177858704,-0.23599099231938625
-0.2282282282282282,0.061626837129165044,0.10000000000000002,0.11721463909778965,-0.22625205197336606
-0.21821821821821819,0.06426401090605431,0.10000000000000002,0.11401473252785585,-0.21649044129307074
-0.20820820820820818,0.06697124246731408,0.10000000000000002,0.11081040390126638,-0.20670713838665553
-0.19819819819819817,0.06975029062905976,0.10000000000000002,0.10760408769749305,-0.19690312353582518
-0.18818818818818817,0.0726029348336545,0.10000000000000002,0.10439836665728207,-0.1870793790976101
-0.17817817817817816,0.07553097306403116,0.10000000000000002,0.10119597762320921,-0.17723688940593485
-0.16816816816816815,0.07853621952412605,0.10000000000000002,0.09799981764457676,-0.16737664067298824
-0.15815815815815815,0.08162050207306339,0.10000000000000002,0.09481295039238052,-0.15749962089040556
-0.14814814814814814,0.08478565940090353,0.10000000000000002,0.0916386129375273,-0.14760681973027226
-0.13813813813813813,0.0880335379340542,0.10000000000000002,0.08848022295298424,-0.13769922844595933
-0.12812812812812813,0.09136598845887568,0.10000000000000002,0.08534138640658114,-0.12777783977280036
-0.11811811811811812,0.09478486245259556,0.10000000000000002,0.08222590581413182,-0.11784364782861975
-0.10810810810810811,0.09829200811140289,0.10000000000000002,0.07913778912107838,-0.10789764801412295
-0.09809809809809811,0.10188926606652683,0.10000000000000002,0.07608125927024507,-0.0979408369131576
-0.0880880880880881,0.10557846478025788,0.10000000000000002,0.07306076448991666,-0.08797421219285644
-0.0780780780780781,0.10936141561521022,0.10000000000000002,0.07008098929223827,-0.07799877250367163
-0.06806806806806809,0.11323990757172729,0.10000000000000002,0.06714686609759218,-0.0680155173793105
-0.05805805805805808,0.11721570169015934,0.10000000000000002,0.06426358728209856,-0.05802544713658276
-0.048048048048048075,0.12129052511682838,0.10000000000000002,0.061436617263630144,-0.048029562775169336
-0.03803803803803807,0.12546606483486006,0.10000000000000002,0.0586717039729533,-0.038028865877322744
-0.028028028028028062,0.12974396106368224,0.10000000000000002,0.055974888668556905,-0.028024358507509048
-0.018018018018018056,0.13412580033390364,0.10000000000000002,0.05335251250960413,-0.018017043112001568
-0.00800800800800805,0.13861310824747114,0.10000000000000002,0.05081121756035911,-0.008007922418436297
0.002002002002002179,0.14320734193646256,0.10000000000000002,0.04835793892386152,0.0020020006646611003
0.012012012012012185,0.14790988223760398,0.10000000000000002,0.04599988347317915,0.012011723148365292
0.022022022022022192,0.15272202560358272,0.10000000000000002,0.04374448919221164,0.02202024206385157
0.0320320320320322,0.15764497577643444,0.10000000000000002,0.04159935756242432,0.03202655456289188
0.042042042042042205,0.16267983525271257,0.10000000000000002,0.039572149994955036,0.04202965801833992
0.05205205205205221,0.16782759657473778,0.10000000000000002,0.03767043847151292,0.05202855012459384
0.06206206206206222,0.17308913348694915,0.10000000000000002,0.03590150105102033,0.06202222899802672
0.07207207207207222,0.17846519200119293,0.10000000000000002,0.034272055690859886,0.07200969327737476
0.08208208208208223,0.18395638141960624,0.10000000000000002,0.032787931962469784,0.08198994222407317
0.09209209209209224,0.1895631653685676,0.10000000000000002,0.031453690412523945,0.09196197582252963
0.10210210210210224,0.1952858529018467,0.10000000000000002,0.03027221322233276,0.10192479488032526
0.11211211211211225,0.2011245897355905,0.10000000000000002,0.029244305404095113,0.11187740112833328
0.12212212212212226,0.20707934968199992,0.10000000000000002,0.028368358903436103,0.12181879732074492
0.13213213213213226,0.21314992635237517,0.10000000000000002,0.027640137129564746,0.131747987334993
0.14214214214214227,0.21933592520360923,0.10000000000000002,0.0270527297358595,0.14166397627156282
0.15215215215215228,0.22563675600500477,0.10000000000000002,0.026596705539424524,0.15156577055368065
0.16216216216216228,0.2320516258044404,0.10000000000000002,0.026260459363663058,0.1614523780268694
0.1721721721721723,0.2385795324743073,0.10000000000000002,0.02603071514834322,0.17132280805836222
0.1821821821821823,0.24521925891814533,0.10000000000000002,0.02589312296292449,0.18117607163636318
0.1921921921921923,0.25196936801850833,0.10000000000000002,0.02583287829883127,0.19101118146914575
0.2022022022022023,0.25882819840512633,0.10000000000000002,0.02583529888539773,0.20082715208397903
0.21221221221221231,0.2657938611199034,0.10000000000000002,0.025886312489802277,0.2106229999258714
0.22222222222222232,0.27286423725159775,0.10000000000000002,0.02597283153328301,0.22039774345612237
0.23223223223223233,0.28003697660816945,0.10000000000000002,0.02608301056076028,0.23015040325067213
0.24224224224224233,0.28730949748870105,0.10000000000000002,0.02620639703606659,0.2398800020982393
0.25225225225225234,0.29467898760955746,0.10000000000000002,0.026333993814426245,0.2495855650982371
0.26226226226226235,0.30214240623101585,0.10000000000000002,0.026458254056580414,0.2592661197584577
0.27227227227227235,0.30969648752107826,0.10000000000000002,0.026573028119659496,0.2689206960925157
0.28228228228228236,0.31733774518263824,0.10000000000000002,0.026673478838376802,0.27854832671703966
0.29229229229229237,0.32506247835871016,0.10000000000000002,0.026755977898569486,0.28814804694860424
0.3023023023023024,0.33286677881818655,0.10000000000000002,0.02681799248641526,0.2977188949003902
0.3123123123123124,0.34074653941174005,0.10000000000000002,0.026857968454897446,0.30725991157856536
0.3223223223223224,0.34869746377418875,0.10000000000000002,0.02687521398674086,0.31677014097837514
0.3323323323323324,0.3567150772360864,0.10000000000000002,0.02686978611247468,0.3262486301799338
0.3423423423423424,0.36479473889377345,0.10000000000000002,0.026842381356491706,0.3356944294437063
0.3523523523523524,0.3729316547737182,0.10000000000000002,0.0267942311158813,0.345106592305672
0.3623623623623624,0.38112089201408006,0.10000000000000002,0.026727002014192983,0.35448417567215956
0.3723723723723724,0.3893573939741256,0.10000000000000002,0.026642701324038363,0.3638262399143446
0.3823823823823824,0.39763599617076667,0.10000000000000002,0.0265435875489833,0.3731318489624
0.39239239239239243,0.4059514429311709,0.10000000000000002,0.026432086337959078,0.38240007039928936
0.40240240240240244,0.4142984046414342,0.10000000000000002,0.026310712031878562,0.3916299755541951
0.41241241241241244,0.4226714954637478,0.10000000000000002,0.02618199528215467,0.40082063959557035
0.42242242242242245,0.4310652913886023,0.10000000000000002,0.026048417299881988,0.40997114162380693
0.43243243243243246,0.4394743484843804,0.10000000000000002,0.025912351377776657,0.41908056476350874
0.44244244244244246,0.4478932212043254,0.10000000000000002,0.025776012351794754,0.42814799625536226
0.45245245245245247,0.4563164806103517,0.10000000000000002,0.025641414627227254,0.43717252754759467
0.4624624624624625,0.464738732374515,0.10000000000000002,0.0255103392767243,0.4461532543870101
0.4724724724724725,0.47315463442212946,0.10000000000000002,0.025384310529857575,0.45508927690959533
0.4824824824824825,0.48155891408546003,0.10000000000000002,0.025264581724262353,0.4639796997306857
0.4924924924924925,0.48994638464350415,0.10000000000000002,0.025152130494099232,0.47282363203468225
0.5025025025025025,0.49831196113149434,0.10000000000000002,0.025047662657742588,0.4816201876643109
0.5125125125125125,0.5066506753132263,0.10000000000000002,0.02495162395895963,0.49036848520941484
0.5225225225225225,0.5149576897199593,0.10000000000000002,0.02486421854273222,0.4990676480952716
0.5325325325325325,0.5232283106712541,0.10000000000000002,0.024785432832556794,0.507716804670425
0.5425425425425425,0.5314580002054735,0.10000000000000002,0.024715063337169673,0.5163150882940246
0.5525525525525525,0.5396423868605769,0.10000000000000002,0.024652746863041145,0.5248616374226623
0.5625625625625625,0.5477772752590238,0.10000000000000002,0.0245979916449423,0.5333555956966989
0.5725725725725725,0.5558586544639055,0.10000000000000002,0.024550208020669692,0.54179611202607
0.5825825825825826,0.5638827050865576,0.10000000000000002,0.024508737457604915,0.5501823406755662
0.5925925925925926,0.5718458051387554,0.10000000000000002,0.024472878965993705,0.5585134413495737
0.6026026026026026,0.5797445346349028,0.10000000000000002,0.024441912188006707,0.5667885792762731
0.6126126126126126,0.5875756789612872,0.10000000000000002,0.024415116714239665,0.5750069252912817
0.6226226226226226,0.5953362310403143,0.10000000000000002,0.02439178742950912,0.583167655920736
0.6326326326326326,0.6030233923275755,0.10000000000000002,0.024371245919946313,0.5912699534638034
0.6426426426426426,0.6106345726884965,0.10000000000000002,0.02435284816494032,0.5993130060746151
0.6526526526526526,0.6181673892091778,0.10000000000000002,0.024335988895884,0.6072960078436127
0.6626626626626626,0.6256196640027409,0.10000000000000002,0.024320103114091156,0.6152181588783001
0.6726726726726726,0.632989421078105,0.10000000000000002,0.024304665334070365,0.623078665383392
0.6826826826826826,0.640274882342555,0.10000000000000002,0.02428918715099971,0.6308767397403519
0.6926926926926926,0.6474744628128324,0.10000000000000002,0.02427321372951371,0.6386116005863112
0.7027027027027026,0.6545867651117547,0.10000000000000002,0.024256319780441255,0.6462824728923611
0.7127127127127126,0.6616105733286496,0.10000000000000002,0.024238105536384495,0.6538885880412102
0.7227227227227226,0.6685448463222019,0.10000000000000002,0.024218193163715526,0.6614291839041995
0.7327327327327327,0.6753887105437915,0.10000000000000002,0.024196223963301317,0.6689035049176674
0.7427427427427427,0.682141452458046,0.10000000000000002,0.024171856617569567,0.6763108021586565
0.7527527527527527,0.6888025106353253,0.10000000000000002,0.024144766648124965,0.6836503334199557
0.7627627627627627,0.6953714675881978,0.10000000000000002,0.024114647154347645,0.6909213632844686
0.7727727727727727,0.7018480414208306,0.10000000000000002,0.024081210816901347,0.698123163198902
0.7827827827827827,0.70823207735661,0.10000000000000002,0.024044193073851368,0.7052550115467666
0.7927927927927927,0.7145235392053908,0.10000000000000002,0.024003356310345305,0.7123161937206824
0.8028028028028027,0.7207225008275686,0.10000000000000002,0.02395849485147086,0.7193060021939826
0.8128128128128127,0.7268291376477887,0.10000000000000002,0.02390944050859878,0.7262237365916063
0.8228228228228227,0.7328437182666097,0.10000000000000002,0.023856068404334966,0.7330687037602769
0.8328328328328327,0.7387665962138787,0.10000000000000002,0.023798302790213634,0.7398402178379546
0.8428428428428427,0.7445982018830417,0.10000000000000002,0.02373612256993054,0.7465376003225603
0.8528528528528527,0.7503390346811039,0.10000000000000002,0.023669566253170734,0.7531601801399609
0.8628628628628627,0.7559896554245809,0.10000000000000002,0.023598736083217997,0.7597072937112097
0.8728728728728727,0.761550679007508,0.10000000000000002,0.023523801109984303,0.7661782850190384
0.8828828828828827,0.7670227673634944,0.10000000000000002,0.023444999011786996,0.7725725056735878
0.8928928928928928,0.7724066227399135,0.10000000000000002,0.023362636507781486,0.7788893149773776
0.9029029029029028,0.7777029812986243,0.10000000000000002,0.023277088242532672,0.7851280799895028
0.9129129129129128,0.7829126070541669,0.10000000000000002,0.02318879406797972,0.7912881755890553
0.9229229229229228,0.7880362861571425,0.10000000000000002,0.02309825469227944,0.7973689845377591
0.9329329329329328,0.793074821527509,0.10000000000000002,0.02300602571028625,0.8033698975418186
0.9429429429429428,0.79802902783978,0.10000000000000002,0.022912710076442404,0.8092903133129691
0.9529529529529528,0.8028997268595982,0.10000000000000002,0.02281894912619973,0.8151296386287251
0.9629629629629628,0.8076877431289273,0.10000000000000002,0.022725412296842155,0.8208872883918215
0.9729729729729728,0.8123938999950383,0.10000000000000002,0.022632785741500124,0.8265626856888396
0.9829829829829828,0.8170190159766846,0.10000000000000002,0.022541760070632962,0.8321552618480139
0.9929929929929928,0.8215639014592679,0.10000000000000002,0.02245301749142687,0.8376644564962125
1.0030030030030028,0.8260293557094083,0.10000000000000002,0.022367218646352414,0.8430897176150858
1.0130130130130128,0.8304161641981498,0.10000000000000002,0.022284989475707236,0.8484305015963792
1.0230230230230228,0.8347250962210375,0.10000000000000002,0.022206908443827614,0.853686273296402
1.0330330330330328,0.8389569028024431,0.10000000000000002,0.022133494472361116,0.8588565060896483
1.0430430430430429,0.843112314870891,0.10000000000000002,0.022065195916271655,0.8639406819215649
1.0530530530530529,0.8471920416915755,0.10000000000000002,0.02200238089761448,0.8689382913604599
1.0630630630630629,0.8511967695418953,0.10000000000000002,0.0219453292782911,0.8738488336485476
1.0730730730730729,0.8551271606155764,0.10000000000000002,0.021894226506674393,0.8786718167521241
1.0830830830830829,0.8589838521408045,0.10000000000000002,0.02184915951753058,0.8834067574108689
1.0930930930930929,0.8627674556977571,0.10000000000000002,0.0218101147976459,0.8880531811862673
1.1031031031031029,0.8664785567209798,0.10000000000000002,0.02177697866138322,0.8926106225091486
1.113113113113113,0.8701177141721951,0.10000000000000002,0.021749539706951,0.8970786247263363
1.123123123123123,0.8736854603693553,0.10000000000000002,0.021727493355677936,0.9014567401464042
1.133133133133133,0.8771823009580297,0.10000000000000002,0.02171044831204879,0.9057445300845354
1.143143143143143,0.8806087150115645,0.10000000000000002,0.02169793472820669,0.9099415649064772
1.153153153153153,0.8839651552468551,0.10000000000000002,0.02168941381300175,0.9140474240715912
1.163163163163163,0.8872520483430106,0.10000000000000002,0.02168428859604113,0.9180616961749911
1.173173173173173,0.8904697953506557,0.10000000000000002,0.02168191553985737,0.9219839789887648
1.183183183183183,0.8936187721801525,0.10000000000000002,0.021681616691482358,0.9258138795022778
1.193193193193193,0.8966993301575363,0.10000000000000002,0.021682692071251616,0.9295510139615525
1.203203203203203,0.8997117966375263,0.10000000000000002,0.021684432018502967,0.93319500790772
1.2132132132132134,0.9026564756635458,0.10000000000000002,0.021686129237278425,0.9367454962145416
1.2232232232232234,0.9055336486652641,0.10000000000000002,0.021687090320866066,0.9402021231249924
1.2332332332332334,0.9083435751847657,0.10000000000000002,0.021686646566917794,0.9435645422869098
1.2432432432432434,0.9110864936230363,0.10000000000000002,0.021684163933134815,0.9468324167876971
1.2532532532532534,0.9137626219990544,0.10000000000000002,0.02167905201866106,0.9500054191880818
1.2632632632632634,0.9163721587143565,0.10000000000000002,0.021670771989933738,0.9530832315549248
1.2732732732732734,0.9189152833165264,0.10000000000000002,0.02165884340018311,0.9560655454930775
1.2832832832832834,0.9213921572556221,0.10000000000000002,0.02164284987829594,0.9589520621762828
1.2932932932932935,0.9238029246281165,0.10000000000000002,0.021622443684923096,0.961742492377117
1.3033033033033035,0.9261477129034685,0.10000000000000002,0.02159734915146892,0.9644365564959703
1.3133133133133135,0.9284266336289546,0.10000000000000002,0.02156736503223119,0.9670339845890626
1.3233233233233235,0.9306397831089195,0.10000000000000002,0.021532365810282953,0.9695345163954922
1.3333333333333335,0.9327872430550708,0.10000000000000002,0.021492302004399725,0.9719379013633128
1.3433433433433435,0.934869081204925,0.10000000000000002,0.02144719952999543,0.9742438986746397
1.3533533533533535,0.936885351905945,0.10000000000000002,0.02139715816906167,0.9764522772697788
1.3633633633633635,0.9388360966633473,0.10000000000000002,0.021342349205328907,0.9785628158703792
1.3733733733733735,0.9407213446499374,0.10000000000000002,0.021283012281134585,0.980575303001605
1.3833833833833835,0.9425411131767316,0.10000000000000002,0.02121945153201381,0.9824895370133249
1.3933933933933935,0.9442954081234611,0.10000000000000002,0.021152031054336693,0.9843053261003173
1.4034034034034035,0.9459842243283849,0.10000000000000002,0.021081169761374245,0.9860224883214896
1.4134134134134135,0.9476075459371573,0.10000000000000002,0.02100733568291425,0.9876408516181081
1.4234234234234235,0.9491653467107639,0.10000000000000002,0.020931039765075866,0.9891602538310383
1.4334334334334335,0.9506575902928147,0.10000000000000002,0.02085282922893537,0.9905805427169934
1.4434434434434436,0.9520842304367085,0.10000000000000002,0.020773280549224497,0.9919015759637884
1.4534534534534536,0.9534452111934142,0.10000000000000002,0.02069299211908186,0.9931232212046007
1.4634634634634636,0.9547404670607926,0.10000000000000002,0.020612576671524264,0.9942453560312322
1.4734734734734736,0.9559699230955849,0.10000000000000002,0.020532653534414403,0.995267868006375
1.4834834834834836,0.9571334949893151,0.10000000000000002,0.020453840802175122,0.9961906546748777
1.4934934934934936,0.9582310891095269,0.10000000000000002,0.020376747513767397,0.9970136235740107
1.5035035035035036,0.9592626025078723,0.10000000000000002,0.02030196593308575,0.9977366922427319
1.5135135135135136,0.9602279228966832,0.10000000000000002,0.02023006403319229,0.9983597882299482
1.5235235235235236,0.961126928595746,0.10000000000000002,0.0201615782894495,0.9988828491017762
1.5335335335335336,0.961959488451066,0.10000000000000002,0.020097006889209252,0.9993058224477966
1.5435435435435436,0.9627254617274816,0.10000000000000002,0.020036803464587596,0.9996286658863074
1.5535535535535536,0.9634246979770213,0.10000000000000002,0.01998137145163107,0.9998513470685688
1.5635635635635636,0.9640570368849462,0.10000000000000002,0.01993105917223349,0.999973843682046
1.5735735735735736,0.9646223080954412,0.10000000000000002,0.019886155724585203,0.999996143452644
1.5835835835835836,0.965120331018932,0.10000000000000002,0.019846887755031604,0.9999182441459377
1.5935935935935936,0.9655509146230234,0.10000000000000002,0.01981341716619009,0.9997401535673958
1.6036036036036037,0.9659138572090451,0.10000000000000002,0.019785839798262463,0.9994618895615988
1.6136136136136137,0.9662089461761929,0.10000000000000002,0.019764185097998526,0.9990834800104509
1.6236236236236237,0.9664359577752388,0.10000000000000002,0.019748416768641742,0.9986049628303862
1.6336336336336337,0.966594656853768,0.10000000000000002,0.019738434371182063,0.9980263859685695
1.6436436436436437,0.9666847965948886,0.10000000000000002,0.01973407582677316,0.997347807398092
1.6536536536536537,0.9667061182513172,0.10000000000000002,0.019735120750476873,0.9965692951121627
1.6636636636636637,0.9666583508767459,0.10000000000000002,0.01974129452999183,0.9956909271172951
1.6736736736736737,0.9665412110563438,0.10000000000000002,0.01975227305022213,0.9947127914254913
1.6836836836836837,0.9663544026382287,0.10000000000000002,0.019767687954887554,0.9936349860454229
1.6936936936936937,0.9660976164677215,0.10000000000000002,0.01978713233112951,0.9924576189726111
1.7037037037037037,0.9657705301261459,0.10000000000000002,0.01981016670148797,0.9911808081786052
1.7137137137137137,0.9653728076759305,0.10000000000000002,0.019836325210158018,0.9898046815991621
1.7237237237237237,0.9649040994137208,0.10000000000000002,0.019865121895172304,0.988329377121427
1.7337337337337337,0.9643640416331962,0.10000000000000002,0.01989605694705882,0.9867550425701175
1.7437437437437437,0.9637522563992462,0.10000000000000002,0.019928622863472592,0.9850818356927111
1.7537537537537538,0.9630683513351466,0.10000000000000002,0.019962310421629447,0.98330992414364
1.7637637637637638,0.9623119194243457,0.10000000000000002,0.01999661440213536,0.9814394854674909
1.7737737737737738,0.9614825388284476,0.10000000000000002,0.020031039009318043,0.9794707070812163
1.7837837837837838,0.9605797727229668,0.10000000000000002,0.020065102946401292,0.9774037862553546
1.7937937937937938,0.959603169152399,0.10000000000000002,0.020098344113454153,0.9752389300942641
1.8038038038038038,0.9585522609061485,0.10000000000000002,0.020130323907269147,0.9729763555153712
1.8138138138138138,0.9574265654168279,0.10000000000000002,0.0201606311104597,0.9706162892274354
1.8238238238238238,0.9562255846824437,0.10000000000000002,0.020188885364625687,0.9681589677078329
1.8338338338338338,0.9549488052139594,0.10000000000000002,0.020214740228781728,0.9656046371788626
1.8438438438438438,0.9535956980097282,0.10000000000000002,0.020237885828427383,0.9629535535830733
1.8538538538538538,0.952165718558279,0.10000000000000002,0.020258051104521557,0.9602059825576198
1.8638638638638638,0.9506583068709242,0.10000000000000002,0.020275005673964046,0.9573621994076453
1.8738738738738738,0.9490728875456662,0.10000000000000002,0.020288561313748173,0.9544224890786964
1.8838838838838838,0.9474088698638667,0.10000000000000002,0.02029857308221287,0.9513871461281717
1.8938938938938938,0.9456656479211403,0.10000000000000002,0.02030494008975759,0.948256474695807
1.9039039039039038,0.9438426007939298,0.10000000000000002,0.020307605931014286,0.9450307884732008
1.9139139139139139,0.9419390927432256,0.10000000000000002,0.020306558788519453,0.9417104106723829
1.9239239239239239,0.9399544734568712,0.10000000000000002,0.020301831216778143,0.9382956739934283
1.9339339339339339,0.9378880783319046,0.10000000000000002,0.020293499613503223,0.934786920591121
1.9439439439439439,0.9357392287983757,0.10000000000000002,0.020281683382929447,0.9311845020406703
1.9539539539539539,0.9335072326860667,0.10000000000000002,0.020266543794636552,0.927488779302483
1.9639639639639639,0.9311913846355369,0.10000000000000002,0.020248282539125445,0.9237001226859956
1.973973973973974,0.9287909665548937,0.10000000000000002,0.020227139980819684,0.9198189118125693
1.983983983983984,0.92630524812368,0.10000000000000002,0.020203393107793795,0.9158455355774523
1.993993993993994,0.9237334873452454,0.10000000000000002,0.020177353177275315,0.9117803921108124
2.0040040040040044,0.9210749311489346,0.10000000000000002,0.02014936305639442,0.9076238887378449
2.0140140140140144,0.9183288160434104,0.10000000000000002,0.02011979425870089,0.9033764419379592
2.0240240240240244,0.915494368822376,0.10000000000000002,0.020089043678139556,0.8990384773030464
2.0340340340340344,0.912570807323934,0.10000000000000002,0.02005753002579204,0.8946104294948368
2.0440440440440444,0.9095573412447501,0.10000000000000002,0.020025689977347202,0.890092742201346
2.0540540540540544,0.9064531730101542,0.10000000000000002,0.01999397404400334,0.8854858680924184
2.0640640640640644,0.9032574987012314,0.10000000000000002,0.019962842185327477,0.8807902687743688
2.0740740740740744,0.8999695090398818,0.10000000000000002,0.019932759187663796,0.876006414743731
2.0840840840840844,0.8965883904327541,0.10000000000000002,0.019904189839689057,0.8711347853401133
2.0940940940940944,0.8931133260748543,0.10000000000000002,0.019877593943187444,0.8661758686981695
2.1041041041041044,0.8895434971135374,0.10000000000000002,0.019853421205610674,0.8611301616986878
2.1141141141141144,0.8858780838734639,0.10000000000000002,0.019832106067457948,0.8559981699188036
2.1241241241241244,0.8821162671429927,0.10000000000000002,0.01981406252652414,0.8507804075813411
2.1341341341341344,0.8782572295223294,0.10000000000000002,0.019799679025980173,0.8454773975032885
2.1441441441441444,0.8743001568336108,0.10000000000000002,0.01978931348001891,0.8400896710434117
2.1541541541541545,0.870244239592944,0.10000000000000002,0.019783288514085295,0.8346177680490127
2.1641641641641645,0.8660886745442304,0.10000000000000002,0.019781886999306286,0.829062236801837
2.1741741741741745,0.8618326662544429,0.10000000000000002,0.019785347960674143,0.8234236339631364
2.1841841841841845,0.8574754287697957,0.10000000000000002,0.019793862936037663,0.8177025245178916
2.1941941941941945,0.8530161873320611,0.10000000000000002,0.01980757285847711,0.8118994817182008
2.2042042042042045,0.8484541801540293,0.10000000000000002,0.019826565527106682,0.8060150870258406
2.2142142142142145,0.8437886602529007,0.10000000000000002,0.019850873722485014,0.8000499300540034
2.2242242242242245,0.8390188973401238,0.10000000000000002,0.01988047400993566,0.7940046085082191
2.2342342342342345,0.8341441797659341,0.10000000000000002,0.019915286263552844,0.7878797281264643
2.2442442442442445,0.8291638165165769,0.10000000000000002,0.01995517392676432,0.781675902618469
2.2542542542542545,0.824077139261906,0.10000000000000002,0.01999994501298089,0.775393753604222
2.2642642642642645,0.818883504450745,0.10000000000000002,0.020049353834771473,0.7690339105516856
2.2742742742742745,0.8135822954510992,0.10000000000000002,0.02010310343595246,0.762597010713723
2.2842842842842845,0.8081729247319853,0.10000000000000002,0.02016084868907629,0.7560836990642461
2.2942942942942945,0.8026548360833115,0.10000000000000002,0.020222200010338292,0.7494946282335893
2.3043043043043046,0.797027506869923,0.10000000000000002,0.02028672763369515,0.7428304584431162
2.3143143143143146,0.79129045031558,0.10000000000000002,0.020353966381179558,0.7360918574390661
2.3243243243243246,0.7854432178123003,0.10000000000000002,0.020423420860306365,0.7292795004256459
2.3343343343343346,0.7794854012501453,0.10000000000000002,0.020494571017832003,0.7223940699973751
2.3443443443443446,0.7734166353622055,0.10000000000000002,0.02056687797841393,0.71543625607069
2.3543543543543546,0.7672366000791733,0.10000000000000002,0.020639790097698292,0.7084067558148148
2.3643643643643646,0.7609450228875778,0.10000000000000002,0.02071274916202504,0.7013062735819054
2.3743743743743746,0.7545416811854093,0.10000000000000002,0.020785196669353235,0.694135520836474
2.3843843843843846,0.7480264046285392,0.10000000000000002,0.02085658013180485,0.6868952160841
2.3943943943943946,0.7413990774610406,0.10000000000000002,0.0209263593416868,0.6795860847994367
2.4044044044044046,0.7346596408221968,0.10000000000000002,0.020994012548917664,0.6722088593535195
2.4144144144144146,0.7278080950227099,0.10000000000000002,0.021059042500643516,0.6647642789403816
2.4244244244244246,0.7208445017823626,0.10000000000000002,0.02112098229607569,0.6572530895029881
2.4344344344344346,0.7137689864211234,0.10000000000000002,0.021179401012939254,0.6496760436584926
2.4444444444444446,0.7065817399954801,0.10000000000000002,0.02123390906239513,0.6420339006228256
2.4544544544544546,0.6992830213715746,0.10000000000000002,0.021284163229412796,0.6343274261346207
2.4644644644644647,0.6918731592265577,0.10000000000000002,0.021329871356336027,0.626557392378489
2.4744744744744747,0.6843525539694345,0.10000000000000002,0.021370796623437188,0.6187245779076459
2.4844844844844847,0.6767216795725743,0.10000000000000002,0.02140676138088537,0.610829767565901
2.4944944944944947,0.6689810853049756,0.10000000000000002,0.021437650481039565,0.6028737524090167
2.5045045045045047,0.661131397358371,0.10000000000000002,0.021463414058404035,0.5948573296254454
2.5145145145145147,0.6531733203572357,0.10000000000000002,0.02148406970031722,0.5867813024564505
2.5245245245245247,0.6451076387438327,0.10000000000000002,0.021499703948161298,0.5786464801156238
2.5345345345345347,0.6369352180295123,0.10000000000000002,0.021510473065964028,0.5704536777078012
2.5445445445445447,0.628657005903621,0.10000000000000002,0.021516603012004663,0.5622037161473905
2.5545545545545547,0.6202740331915607,0.10000000000000002,0.021518388547095493,0.5538974220761158
2.5645645645645647,0.6117874146537596,0.10000000000000002,0.021516191416174633,0.5455356277801886
2.5745745745745747,0.6031983496176079,0.10000000000000002,0.021510437541877765,0.5371191711069131
2.5845845845845847,0.5945081224347106,0.10000000000000002,0.021501613177937924,0.5286488953807346
2.5945945945945947,0.585718102756213,0.10000000000000002,0.02149025997762778,0.5201256493187383
2.6046046046046047,0.5768297456193419,0.10000000000000002,0.02147696895001362,0.511550286945609
2.6146146146146148,0.5678445913387921,0.10000000000000002,0.021462373293745625,0.5029236675080577
2.6246246246246248,0.5587642651970918,0.10000000000000002,0.02144714012308051,0.49424665538872586
2.6346346346346348,0.5495904769286413,0.10000000000000002,0.021431961128239686,0.48552012001957456
2.6446446446446448,0.5403250199927081,0.10000000000000002,0.021417542246767344,0.47674493579476795
2.6546546546546548,0.530969770631323,0.10000000000000002,0.021404592457801443,0.4679219819830596
2.664664664664665,0.5215266867086913,0.10000000000000002,0.021393811850741417,0.45905214263968985
2.674674674674675,0.5119978063294448,0.10000000000000002,0.02138587916102795,0.4501363065178043
2.684684684684685,0.5023852462338417,0.10000000000000002,0.021381439003377356,0.441175366979401
2.694694694694695,0.49269119996877353,0.10000000000000002,0.021381089070310007,0.4321702219058163
2.704704704704705,0.48291793583427733,0.10000000000000002,0.021385367592290545,0.4231217736077572
2.714714714714715,0.47306779460608495,0.10000000000000002,0.021394741377664804,0.41403092873489095
2.724724724724725,0.46314318703559376,0.10000000000000002,0.021409594761337067,0.4048985981849985
2.734734734734735,0.4531465911295358,0.10000000000000002,0.021430219787066822,0.3957256970127036
2.744744744744745,0.4430805492125036,0.10000000000000002,0.02145680793245227,0.3865131443377845
2.754754754754755,0.432947664776403,0.10000000000000002,0.021489443654259543,0.3772618632530788
2.764764764764765,0.4227505991217966,0.10000000000000002,0.02152809998682584,0.3679727807319901
2.774774774774775,0.4124920677970234,0.10000000000000002,0.021572636369069458,0.3586468275356054
2.784784784784785,0.4021748368418723,0.10000000000000002,0.021622798811684062,0.34928493811943373
2.794794794794795,0.3918017188434829,0.10000000000000002,0.021678222442559143,0.3398880505397742
2.804804804804805,0.3813755688130324,0.10000000000000002,0.021738436399465846,0.3304571063597229
2.814814814814815,0.3708992798926105,0.10000000000000002,0.02180287096569309,0.3209930505548292
2.824824824824825,0.360375778902546,0.10000000000000002,0.021870866784049914,0.3114968314184094
2.834834834834835,0.3498080217402274,0.10000000000000002,0.02194168592807681,0.30196940046652837
2.844844844844845,0.3391989886422597,0.10000000000000002,0.02201452456708256,0.2924117123426583
2.854854854854855,0.3285516793225131,0.10000000000000002,0.022088526932349327,0.2828247247220235
2.864864864864865,0.3178691079993227,0.10000000000000002,0.022162800273087466,0.2732093982156426
2.874874874874875,0.3071542983257406,0.10000000000000002,0.022236430485062485,0.2635666962740749
2.884884884884885,0.29641027823733207,0.10000000000000002,0.022308498100367856,0.25389758509088395
2.894894894894895,0.2856400747325404,0.10000000000000002,0.02237809434069229,0.24420303350582495
2.904904904904905,0.2748467086011337,0.10000000000000002,0.02244433695376088,0.23448401290776785
2.914914914914915,0.2640331891166384,0.10000000000000002,0.02250638557904495,0.22474149713736455
2.924924924924925,0.25320250870903666,0.10000000000000002,0.022563456413515107,0.21497646238947057
2.934934934934935,0.24235763763426227,0.10000000000000002,0.022614835973880677,0.20518988711533098
2.944944944944945,0.23150151865724727,0.10000000000000002,0.022659893776331475,0.19538275192453997
2.954954954954955,0.22063706176540254,0.10000000000000002,0.022698093778781236,0.18555603948678437
2.964964964964965,0.20976713892947751,0.10000000000000002,0.022729004446544486,0.17571073443338064
2.974974974974975,0.19889457892872675,0.10000000000000002,0.022752307323445155,0.16584782325861538
2.984984984984985,0.18802216225722257,0.10000000000000002,0.022767803997733378,0.15596829422089914
2.994994994994995,0.17715261612799643,0.10000000000000002,0.022775421367173743,0.14607313724374332
3.005005005005005,0.16628860959143954,0.10000000000000002,0.02277521511262795,0.13616334381657058
3.015015015015015,0.15543274878410357,0.10000000000000002,0.022767371297160225,0.12623990689536796
3.025025025025025,0.14458757232364716,0.10000000000000002,0.022752206014843623,0.11630382080319332
3.035035035035035,0.13375554686524377,0.10000000000000002,0.022730163019141915,0.10635608113054465
3.045045045045045,0.12293906283424645,0.10000000000000002,0.022701809272247294,0.09639768463560246
3.055055055055055,0.11214043034934836,0.10000000000000002,0.0226678283695069,0.08642962914435513
3.065065065065065,0.1013618753498463,0.10000000000000002,0.022629011811800527,0.0764529134506173
3.075075075075075,0.09060553593994815,0.10000000000000002,0.022586248125508,0.06646853721595126
3.085085085085085,0.07987345896234245,0.10000000000000002,0.022540509861162957,0.05647750086950139
3.095095095095095,0.06916759681249045,0.10000000000000002,0.022492838547161272,0.04648080550775167
3.105105105105105,0.05848980450430975,0.10000000000000002,0.02244432772399792,0.03647945279421642
3.115115115115115,0.047841836997094,0.10000000000000002,0.022396104247406925,0.02647444485907408
3.125125125125125,0.03722534679266927,0.10000000000000002,0.022349308114955328,0.016466784198754362
3.135135135135135,0.026641881810926346,0.10000000000000002,0.022305071145920265,0.006457473575488598
3.145145145145145,0.016092883550995515,0.10000000000000002,0.022264494918411922,-0.003552484083166469
3.155155155155155,0.005579685544445753,0.10000000000000002,0.02222862843867993,-0.0135620857848215
3.165165165165165,-0.004896487893975038,0.10000000000000002,0.02219844608212334,-0.023570328572753853
3.175175175175175,-0.015334522613438317,0.10000000000000002,0.022174826391869986,-0.033576209626403314
3.185185185185185,-0.025733415268189466,0.10000000000000002,0.02215853234714709,-0.04357872636185419
3.195195195195195,-0.03609227364985544,0.10000000000000002,0.022150193714525018,-0.05357687653229364
3.205205205205205,-0.046410316708811156,0.10000000000000002,0.022150292062619842,-0.06356965832843632
3.215215215215215,-0.05668687426334107,0.10000000000000002,0.022159148959485578,-0.0735560704789051
3.225225225225225,-0.06692138639611357,0.10000000000000002,0.02217691777754454,-0.08353511235055794
3.235235235235235,-0.07711340253825279,0.10000000000000002,0.02220357941173037,-0.09350578404875076
3.245245245245245,-0.08726258024202942,0.10000000000000002,0.02223894207626943,-0.10346708651752641
3.255255255255255,-0.09736868364390748,0.10000000000000002,0.022282645196106114,-0.11341802163971948
3.265265265265265,-0.10743158162036197,0.10000000000000002,0.02233416725939941,-0.12335759233696712
3.275275275275275,-0.1174512456395476,0.10000000000000002,0.022392837356195936,-0.1332848026696158
3.285285285285285,-0.12742774731252665,0.10000000000000002,0.022457850007865886,-0.14319865793651385
3.295295295295295,-0.13736125564837665,0.10000000000000002,0.022528282795912735,-0.15309816477468002
3.305305305305305,-0.14725203401809372,0.10000000000000002,0.02260311623406656,-0.16298233125883801
3.315315315315315,-0.15710043683277555,0.10000000000000002,0.02268125528939804,-0.1728501670008067
3.325325325325325,-0.16690690594213087,0.10000000000000002,0.022761551959681107,-0.18270068324873653
3.335335335335335,-0.1766719667599203,0.10000000000000002,0.022842828327533437,-0.19253289298618206
3.3453453453453452,-0.18639622412347184,0.10000000000000002,0.022923899559333074,-0.20234581103100033
3.3553553553553552,-0.1960803578949712,0.10000000000000002,0.023003596369120208,-0.21213845413406562
3.3653653653653652,-0.20572511831277285,0.10000000000000002,0.023080786533992908,-0.22190984107779055
3.3753753753753752,-0.215331321101548,0.10000000000000002,0.023154395114332708,-0.23165899277444343
3.3853853853853852,-0.22489984235065713,0.10000000000000002,0.023223423097276118,-0.24138493236425249
3.3953953953953953,-0.2344316131707374,0.10000000000000002,0.023286964243933773,-0.25108668531328654
3.4054054054054053,-0.2439276141391139,0.10000000000000002,0.023344219970853446,-0.26076327951110295
3.4154154154154153,-0.253388869545291,0.10000000000000002,0.023394512144958485,-0.27041374536815227
3.4254254254254253,-0.2628164414484697,0.10000000000000002,0.023437293701399495,-0.28003711591293096
3.4354354354354353,-0.2722114235597417,0.10000000000000002,0.023472157024756673,-0.28963242688887114
3.4454454454454453,-0.2815749349623696,0.10000000000000002,0.023498840051473038,-0.2991987168509588
3.4554554554554553,-0.2909081136843486,0.10000000000000002,0.023517230064815698,-0.3087350272620697
3.4654654654654653,-0.3002121101382769,0.10000000000000002,0.023527365164245688,-0.31824040258901487
3.4754754754754753,-0.3094880804444217,0.10000000000000002,0.023529433397074504,-0.32771389039828397
3.4854854854854853,-0.3187371796537738,0.10000000000000002,0.023523769547392926,-0.33715454145147883
3.4954954954954953,-0.32796055488880704,0.10000000000000002,0.023510849585609755,-0.34656140980042666
3.5055055055055053,-0.33715933842063384,0.10000000000000002,0.023491282794507847,-0.35593355288196366
3.5155155155155153,-0.34633464070220865,0.10000000000000002,0.023465801602639075,-0.3652700316123789
3.5255255255255253,-0.35548754337824817,0.10000000000000002,0.023435249182079555,-0.3745699104815106
3.5355355355355353,-0.3646190922935208,0.10000000000000002,0.023400564898658594,-0.3838322576464833
3.5455455455455454,-0.37373029052216455,0.10000000000000002,0.023362767741902636,-0.39305614502507824
3.5555555555555554,-0.38282209144166857,0.10000000000000002,0.023322937912133586,-0.40224064838872653
3.5655655655655654,-0.3918953918761026,0.10000000000000002,0.023282196799908055,-0.41138484745511655
3.5755755755755754,-0.4009510253340893,0.10000000000000002,0.02324168565427722,-0.4204878259804056
3.5855855855855854,-0.40998975536785465,0.10000000000000002,0.023202543305865027,-0.42954867185102724
3.5955955955955954,-0.4190122690804774,0.10000000000000002,0.023165883374257786,-0.4385664771750841
3.6056056056056054,-0.428019170809119,0.10000000000000002,0.023132771454722985,-0.4475403383733189
3.6156156156156154,-0.4370109760126053,0.10000000000000002,0.023104202825944605,-0.4564693562696519
3.6256256256256254,-0.44598810539215406,0.10000000000000002,0.023081081259274158,-0.46535263618127826
3.6356356356356354,-0.45495087927435124,0.10000000000000002,0.023064199518544583,-0.4741892880083147
3.6456456456456454,-0.463899512285593,0.10000000000000002,0.023054222130557193,-0.4829784263229871
3.6556556556556554,-0.47283410834717277,0.10000000000000002,0.02305167095950342,-0.49171917045834956
3.6656656656656654,-0.481754656019922,0.10000000000000002,0.023056914048646966,-0.5004106445965272
3.6756756756756754,-0.49066102422686253,0.10000000000000002,0.023070158092075983,-0.5090519778564723
3.6856856856856854,-0.4995529583816146,0.10000000000000002,0.02309144477571991,-0.5176423043812264
3.6956956956956954,-0.5084300769493816,0.10000000000000002,0.02312065108902755,-0.5261807634246785
3.7057057057057055,-0.5172918684661346,0.10000000000000002,0.023157493561942164,-0.5346664994378111
3.7157157157157155,-0.5261376890401758,0.10000000000000002,0.023201536239243745,-0.5430986621544267
3.7257257257257255,-0.5349667603585531,0.10000000000000002,0.02325220207446469,-0.5514764066763429
3.7357357357357355,-0.5437781682188284,0.10000000000000002,0.02330878731266942,-0.5597988935580512
3.7457457457457455,-0.5525708616044689,0.10000000000000002,0.02337047834860521,-0.5680652888908294
3.7557557557557555,-0.5613436523196494,0.10000000000000002,0.02343637049300622,-0.5762747643862982
3.7657657657657655,-0.5700952151965306,0.10000000000000002,0.023505488053608574,-0.5844264974594152
3.7757757757757755,-0.5788240888851127,0.10000000000000002,0.02357680514501095,-0.5925196713108982
3.7857857857857855,-0.5875286772326207,0.10000000000000002,0.023649266670624492,-0.6005534750090674
3.7957957957957955,-0.5962072512560018,0.10000000000000002,0.0237218089702678,-0.6085271035711005
3.8058058058058055,-0.6048579517076234,0.10000000000000002,0.02379337969137126,-0.6164397580436918
3.8158158158158155,-0.6134787922306065,0.10000000000000002,0.0238629565158097,-0.6242906455831061
3.8258258258258255,-0.622067663096498,0.10000000000000002,0.023929564447603396,-0.6320789795346226
3.8358358358358355,-0.630622335514173,0.10000000000000002,0.023992291441854045,-0.6398039795113557
3.8458458458458455,-0.6391404664950455,0.10000000000000002,0.02405030222466332,-0.6474648714724506
3.8558558558558556,-0.6476196042558562,0.10000000000000002,0.024102850212072622,-0.655060887800641
3.8658658658658656,-0.6560571941365623,0.10000000000000002,0.024149287488259803,-0.6625912673791645
3.8758758758758756,-0.6644505850072068,0.10000000000000002,0.024189072845928635,-0.6700552556680255
3.8858858858858856,-0.6727970361341628,0.10000000000000002,0.024221777920327186,-0.6774521047796002
3.8958958958958956,-0.6810937244728235,0.10000000000000002,0.024247091472316233,-0.6847810735535744
3.9059059059059056,-0.6893377523507441,0.10000000000000002,0.024264821889637217,-0.6920414276312074
3.9159159159159156,-0.6975261555024163,0.10000000000000002,0.024274897980951126,-0.6992324395289139
3.9259259259259256,-0.7056559114143601,0.10000000000000002,0.024277368139221142,-0.7063533887111582
3.9359359359359356,-0.7137239479370311,0.10000000000000002,0.02427239794806108,-0.713403561662651
3.9459459459459456,-0.7217271521182353,0.10000000000000002,0.024260266298080584,-0.7203822519598433
3.9559559559559556,-0.7296623792113186,0.10000000000000002,0.02424136007388129,-0.72728876034171
3.9659659659659656,-0.7375264618103721,0.10000000000000002,0.024216167465340877,-0.7341223947798147
3.9759759759759756,-0.7453162190640968,0.10000000000000002,0.024185269952567357,-0.7408824705476516
3.9859859859859856,-0.7530284659197847,0.10000000000000002,0.024149333011040115,-0.7475683102892539
3.9959959959959956,-0.7606600223491276,0.10000000000000002,0.02410909558721261,-0.7541792440870649
4.006006006006006,-0.7682077225082253,0.10000000000000002,0.024065358401788615,-0.7607146095290636
4.016016016016016,-0.7756684237852499,0.10000000000000002,0.02401897115269505,-0.767173751775137
4.026026026026026,-0.7830390156906906,0.10000000000000002,0.023970818709891675,-0.7735560236226963
4.036036036036036,-0.7903164285469539,0.10000000000000002,0.02392180642215288,-0.7798607855715247
4.046046046046046,-0.7974976419362916,0.10000000000000002,0.02387284468831541,-0.7860874058878562
4.056056056056056,-0.8045796928685331,0.10000000000000002,0.02382483298484207,-0.7922352606676741
4.066066066066066,-0.8115596836329046,0.10000000000000002,0.023778643581908898,-0.7983037338992266
4.076076076076076,-0.8184347893012451,0.10000000000000002,0.023735105222434667,-0.80429221752475
4.086086086086086,-0.825202264853187,0.10000000000000002,0.02369498707752309,-0.8102001115013966
4.096096096096096,-0.8318594518972728,0.10000000000000002,0.023658983326638357,-0.8160268238613582
4.106106106106106,-0.8384037849655079,0.10000000000000002,0.023627698732431302,-0.821771770771181
4.116116116116116,-0.8448327973624619,0.10000000000000002,0.02360163559477886,-0.8274343765902655
4.126126126126126,-0.8511441265536701,0.10000000000000002,0.02358118246195358,-0.8330140739285453
4.136136136136136,-0.8573355190817239,0.10000000000000002,0.023566604956750625,-0.8385103037033393
4.146146146146146,-0.8634048350020248,0.10000000000000002,0.023558039035533634,-0.8439225151953716
4.156156156156156,-0.8693500518336806,0.10000000000000002,0.023555486941358866,-0.8492501661039532
4.166166166166166,-0.8751692680244061,0.10000000000000002,0.023558816040549123,-0.85449272260132
4.176176176176176,-0.8808607059315104,0.10000000000000002,0.023567760647401906,-0.8596496593861224
4.186186186186186,-0.8864227143241153,0.10000000000000002,0.023581926853071367,-0.8647204597360602
4.196196196196196,-0.89185377041457,0.10000000000000002,0.023600800279962333,-0.8697046155596574
4.206206206206206,-0.8971524814296573,0.10000000000000002,0.023623756595265416,-0.8746016274471736
4.216216216216216,-0.9023175857345446,0.10000000000000002,0.02365007453516155,-0.8794110047206437
4.226226226226226,-0.9073479535245408,0.10000000000000002,0.023678951123949812,-0.8841322654830441
4.236236236236236,-0.9122425871015742,0.10000000000000002,0.023709518717216504,-0.8887649366665782
4.246246246246246,-0.9170006207538652,0.10000000000000002,0.02374086346187848,-0.8933085540800778
4.256256256256256,-0.9216213202585746,0.10000000000000002,0.023772044745277714,-0.8977626624555147
4.266266266266266,-0.9261040820282397,0.10000000000000002,0.02380211520073922,-0.9021268154936183
4.276276276276276,-0.930448431922559,0.10000000000000002,0.02383014084454451,-0.9064005759085946
4.286286286286286,-0.9346540237476169,0.10000000000000002,0.02385522093992932,-0.9105835154719417
4.296296296296296,-0.938720637464879,0.10000000000000002,0.023876507209534114,-0.9146752150553588
4.306306306306306,-0.942648177132341,0.10000000000000002,0.023893222050186142,-0.9186752646727417
4.316316316316316,-0.946436668600011,0.10000000000000002,0.02390467543773104,-0.9225832635212641
4.326326326326326,-0.9500862569815437,0.10000000000000002,0.02391028024375862,-0.926398820021537
4.336336336336336,-0.9535972039232622,0.10000000000000002,0.0239095657177042,-0.9301215518568451
4.346346346346346,-0.9569698846910943,0.10000000000000002,0.023902188917701343,-0.9337510860114552
4.356356356356356,-0.9602047850950848,0.10000000000000002,0.023887943899076412,-0.9372870588079911
4.366366366366366,-0.963302498270159,0.10000000000000002,0.023866768492495853,-0.940729115943875
4.376376376376376,-0.9662637213307375,0.10000000000000002,0.023838748524560673,-0.9440769125268278
4.386386386386386,-0.9690892519156318,0.10000000000000002,0.023804119352666367,-0.9473301131094272
4.396396396396396,-0.9717799846384397,0.10000000000000002,0.02376326460600591,-0.9504883917227193
4.406406406406406,-0.9743369074573964,0.10000000000000002,0.02371671204636494,-0.9535514319088808
4.416416416416417,-0.976761097977343,0.10000000000000002,0.02366512648999299,-0.956518926752928
4.426426426426427,-0.9790537196952082,0.10000000000000002,0.023609299763305693,-0.9593905789134684
4.436436436436437,-0.9812160181991002,0.10000000000000002,0.023550137709936858,-0.9621661006524956
4.446446446446447,-0.9832493173298673,0.10000000000000002,0.023488644316882936,-0.9648452138642201
4.456456456456457,-0.9851550153127716,0.10000000000000002,0.0234259030941225,-0.9674276501029344
4.466466466466467,-0.9869345808657614,0.10000000000000002,0.023363055918279186,-0.9699131506099126
4.476476476476477,-0.9885895492897254,0.10000000000000002,0.023301279638999,-0.9723014663393366
4.486486486486487,-0.9901215185450958,0.10000000000000002,0.02324176084492735,-0.9745923579832512
4.496496496496497,-0.9915321453182062,0.10000000000000002,0.02318566928676682,-0.9767855959955422
4.506506506506507,-0.9928231410799686,0.10000000000000002,0.023134130556886928,-0.9788809606149369
4.516516516516517,-0.9939962681386441,0.10000000000000002,0.023088198716725433,-0.9808782418870242
4.526526526526527,-0.9950533356878213,0.10000000000000002,0.02304882963750148,-0.9827772396852917
4.536536536536537,-0.9959961958501318,0.10000000000000002,0.02301685586855223,-0.9845777637311783
4.546546546546547,-0.9968267397167505,0.10000000000000002,0.022992963860975033,-0.9862796336131404
4.556556556556557,-0.9975468933823489,0.10000000000000002,0.02297767434628611,-0.9878826788047282
4.566566566566567,-0.9981586139748813,0.10000000000000002,0.022971326597532017,-0.9893867386816734
4.576576576576577,-0.9986638856793932,0.10000000000000002,0.0229740671835758,-0.9907916625379828
4.586586586586587,-0.9990647157549347,0.10000000000000002,0.022985843671361614,-0.9920973096010395
4.596596596596597,-0.9993631305436647,0.10000000000000002,0.023006403544556957,-0.9933035490457078
4.606606606606607,-0.9995611714712693,0.10000000000000002,0.023035298403335507,-0.9944102600074424
4.616616616616617,-0.9996608910380035,0.10000000000000002,0.023071893302490848,-0.9954173315943983
4.626626626626627,-0.9996643487998418,0.10000000000000002,0.023115380890038638,-0.9963246628985426
4.636636636636637,-0.9995736073395296,0.10000000000000002,0.023164799837606907,-0.9971321630057652
4.646646646646647,-0.9993907282276578,0.10000000000000002,0.023219056919573464,-0.9978397510049885
4.656656656656657,-0.9991177679742637,0.10000000000000002,0.02327695200396592,-0.9984473559962743
4.666666666666667,-0.9987567739719008,0.10000000000000002,0.02333720517043076,-0.9989549170979283
4.676676676676677,-0.9983097804315786,0.10000000000000002,0.02339848516209586,-0.9993623834526004
4.686686686686687,-0.9977788043134781,0.10000000000000002,0.023459438408458367,-0.9996697142323804
4.696696696696697,-0.9971658412548479,0.10000000000000002,0.023518717914152696,-0.9998768786428889
4.706706706706707,-0.9964728614980336,0.10000000000000002,0.02357501138680181,-0.999983855926363
4.716716716716717,-0.9957018058221158,0.10000000000000002,0.023627068065448165,-0.9999906353637363
4.726726726726727,-0.9948545814821779,0.10000000000000002,0.023673723804227883,-0.9998972162757129
4.736736736736737,-0.9939330581607645,0.10000000000000002,0.023713924053403935,-0.9997036080228353
4.746746746746747,-0.9929390639365991,0.10000000000000002,0.02374674446044606,-0.9994098300045466
4.756756756756757,-0.9918743812761717,0.10000000000000002,0.023771408881895714,-0.9990159116572467
4.766766766766767,-0.990740743054267,0.10000000000000002,0.023787304651009547,-0.9985218924513427
4.776776776776777,-0.9895398286100143,0.10000000000000002,0.02379399498899332,-0.9979278218872941
4.786786786786787,-0.9882732598454647,0.10000000000000002,0.02379122847430129,-0.997233759490653
4.796796796796797,-0.986942597374146,0.10000000000000002,0.023778945504129893,-0.996439774806099
4.806806806806807,-0.9855493367274478,0.10000000000000002,0.023757281689875516,-0.995545947390472
4.816816816816817,-0.984094904627064,0.10000000000000002,0.023726568131940455,-0.9945523668047996
4.826826826826827,-0.9825806553320837,0.10000000000000002,0.02368732852005836,-0.9934591326053237
4.836836836836837,-0.9810078670696468,0.10000000000000002,0.023640273005107196,-0.9922663543335247
4.846846846846847,-0.9793777385584044,0.10000000000000002,0.02358628879497383,-0.9909741515051459
4.856856856856857,-0.9776913856343121,0.10000000000000002,0.02352642743866488,-0.9895826535982177
4.866866866866867,-0.9759498379885765,0.10000000000000002,0.023461888788352845,-0.9880920000400842
4.876876876876877,-0.9741540360278305,0.10000000000000002,0.023394001668454418,-0.9865023401934325
4.886886886886887,-0.9723048278669068,0.10000000000000002,0.023324201338532087,-0.9848138333413267
4.896896896896897,-0.970402966464813,0.10000000000000002,0.023254003914969918,-0.9830266486712479
4.906906906906907,-0.9684491069147987,0.10000000000000002,0.0231849780142487,-0.9811409652581417
4.916916916916917,-0.966443803899667,0.10000000000000002,0.02311871399947541,-0.9791569720464747
4.926926926926927,-0.9643875093237724,0.10000000000000002,0.02305679134281609,-0.9770748678313028
4.936936936936937,-0.962280570133442,0.10000000000000002,0.02300074475895138,-0.9748948612383519
4.946946946946947,-0.9601232263378688,0.10000000000000002,0.02295202990226875,-0.9726171707031134
4.956956956956957,-0.9579156092428713,0.10000000000000002,0.02291198954537798,-0.9702420244489576
4.966966966966967,-0.9556577399102597,0.10000000000000002,0.02288182125164123,-0.9677696604642653
4.976976976976977,-0.953349527855944,0.10000000000000002,0.022862547607022932,-0.965200326478582
4.986986986986987,-0.9509907700003126,0.10000000000000002,0.022854990072692018,-0.9625342799377953
4.996996996996997,-0.9485811498848469,0.10000000000000002,0.02285974745243202,-0.9597717879783386
5.007007007007007,-0.9461202371693753,0.10000000000000002,0.0228771798345935,-0.956913127400425
5.017017017017017,-0.943607487424841,0.10000000000000002,0.0229073986711488,-0.9539585846403114
5.027027027027027,-0.9410422422369206,0.10000000000000002,0.022950263408497373,-0.9509084557415978
5.037037037037037,-0.938423729636306,0.10000000000000002,0.023005384806312045,-0.9477630463255642
5.047047047047047,-0.9357510648719327,0.10000000000000002,0.023072134788671594,-0.9445226715605473
5.057057057057057,-0.9330232515438643,0.10000000000000002,0.023149662398398392,-0.9411876561303608
5.067067067067067,-0.930239183112979,0.10000000000000002,0.023236915180296247,-0.9377583342017624
5.077077077077077,-0.9273976448049407,0.10000000000000002,0.023332665135166943,-0.9342350493909702
5.087087087087087,-0.9244973159262467,0.10000000000000002,0.023435538256118892,-0.9306181547292329
5.097097097097097,-0.9215367726103464,0.10000000000000002,0.02354404660143578,-0.926908012627456
5.107107107107107,-0.9185144910119178,0.10000000000000002,0.02365662185795634,-0.9231049948398883
5.117117117117117,-0.9154288509673556,0.10000000000000002,0.023771649405741713,-0.9192094824268728
5.127127127127127,-0.9122781401393244,0.10000000000000002,0.023887501987333276,-0.9152218657166642
5.137137137137137,-0.9090605586628466,0.10000000000000002,0.024002572208816485,-0.9111425442663184
5.147147147147147,-0.9057742243097799,0.10000000000000002,0.024115303231286064,-0.906971926821657
5.157157157157157,-0.90241717818771,0.10000000000000002,0.0242242171485286,-0.9027104312763115
5.167167167167167,-0.8989873909881243,0.10000000000000002,0.02432794067158795,-0.8983584846298501
5.177177177177177,-0.895482769797319,0.10000000000000002,0.024425227856082452,-0.8939165229449932
5.187187187187187,-0.891901165481692,0.10000000000000002,0.02451497970104493,-0.8893849913039193
5.197197197197197,-0.8882403806569277,0.10000000000000002,0.02459626052728766,-0.8847643437636687
5.207207207207207,-0.8844981782480303,0.10000000000000002,0.02466831110172062,-0.8800550433106472
5.217217217217217,-0.8806722906441787,0.10000000000000002,0.02473055851982011,-0.8752575618142346
5.227227227227227,-0.8767604294489572,0.10000000000000002,0.024782622888203567,-0.8703723799795041
5.237237237237237,-0.8727602958226226,0.10000000000000002,0.02482432087630863,-0.8653999872990557
5.247247247247247,-0.8686695914087091,0.10000000000000002,0.024855666219431798,-0.8603408820039694
5.257257257257257,-0.864486029832401,0.10000000000000002,0.024876867272410067,-0.8551955710138829
5.267267267267267,-0.8602073487527964,0.10000000000000002,0.024888321726504747,-0.849964569886198
5.277277277277277,-0.8558313224453576,0.10000000000000002,0.024890608617840676,-0.8446484027644224
5.287287287287287,-0.8513557748845965,0.10000000000000002,0.024884477774642314,-0.839247602325651
5.297297297297297,-0.8467785932903612,0.10000000000000002,0.024870836873679025,-0.8337627097271911
5.307307307307307,-0.8420977420940357,0.10000000000000002,0.02485073630274719,-0.8281942745523401
5.317317317317317,-0.8373112772735812,0.10000000000000002,0.024825352056984603,-0.8225428547553161
5.327327327327327,-0.8324173609987215,0.10000000000000002,0.024795966929128596,-0.816809016605352
5.337337337337337,-0.8274142765197573,0.10000000000000002,0.024763950285919142,-0.8109933346299556
5.347347347347347,-0.8223004432256352,0.10000000000000002,0.024730736752360087,-0.8050963915573421
5.357357357357357,-0.8170744317890266,0.10000000000000002,0.02469780415243152,-0.7991187782580451
5.367367367367367,-0.8117349793085085,0.10000000000000002,0.024666651064454474,-0.7930610936857113
5.377377377377377,-0.8062810043505269,0.10000000000000002,0.02463877435749321,-0.7869239448170866
5.387387387387387,-0.800711621786878,0.10000000000000002,0.0246156470582519,-0.7807079465911961
5.397397397397397,-0.7950261573170643,0.10000000000000002,0.024598696869661735,-0.7744137218477288
5.407407407407407,-0.7892241615592892,0.10000000000000002,0.024589285615401253,-0.7680419012646287
5.4174174174174174,-0.7833054235891408,0.10000000000000002,0.024588689819062117,-0.7615931232949009
5.4274274274274275,-0.7772699838014039,0.10000000000000002,0.024598082554399627,-0.7550680341026398
5.4374374374374375,-0.7711181459680734,0.10000000000000002,0.02461851661648355,-0.7484672874982833
5.4474474474474475,-0.7648504883646294,0.10000000000000002,0.024650908984611322,-0.7417915448731012
5.4574574574574575,-0.7584678738372062,0.10000000000000002,0.024696026474780808,-0.7350414751329247
5.4674674674674675,-0.7519714586854536,0.10000000000000002,0.0247544724224282,-0.7282177546311219
5.4774774774774775,-0.7453627002398628,0.10000000000000002,0.024826674214354878,-0.7213210671008277
5.4874874874874875,-0.7386433630180621,0.10000000000000002,0.02491287148736887,-0.714352103586434
5.4974974974974975,-0.7318155233522766,0.10000000000000002,0.025013104860971254,-0.7073115623743477
5.5075075075075075,-0.7248815723896165,0.10000000000000002,0.02512720514485186,-0.7002001489230227
5.5175175175175175,-0.7178442173782666,0.10000000000000002,0.025254783079576692,-0.6930185757922732
5.5275275275275275,-0.710706481165787,0.10000000000000002,0.025395219803741084,-0.6857675625718757
5.5375375375375375,-0.7034716998505599,0.10000000000000002,0.025547658395522154,-0.6784478358094661
5.5475475475475475,-0.6961435185437889,0.10000000000000002,0.025710996992064312,-0.6710601289377408
5.5575575575575575,-0.6887258852171385,0.10000000000000002,0.025883884132076106,-0.6636051822009665
5.5675675675675675,-0.6812230426298849,0.10000000000000002,0.02606471709303931,-0.6560837425808084
5.5775775775775776,-0.6736395183491155,0.10000000000000002,0.026251644078455184,-0.6484965637214828
5.587587587587588,-0.6659801128966689,0.10000000000000002,0.026442571170168037,-0.6408444058542427
5.597597597597598,-0.6582498860769361,0.10000000000000002,0.026635174965923995,-0.6331280357212028
5.607607607607608,-0.6504541415599414,0.10000000000000002,0.026826921809919368,-0.6253482264985123
5.617617617617618,-0.642598409813967,0.10000000000000002,0.027015094470957186,-0.6175057577188832
5.627627627627628,-0.6346884295010166,0.10000000000000002,0.027196827057596018,-0.6096014151934814
5.637637637637638,-0.6267301274663017,0.10000000000000002,0.02736914889595829,-0.6016359909331894
5.647647647647648,-0.6187295974693462,0.10000000000000002,0.027529038031245588,-0.5936102830692461
5.657657657657658,-0.6106930778189185,0.10000000000000002,0.027673484980522006,-0.5855250957732758
5.667667667667668,-0.602626928086582,0.10000000000000002,0.02779956735521884,-0.5773812391767096
5.677677677677678,-0.594537605083929,0.10000000000000002,0.027904536003728563,-0.569179529289611
5.687687687687688,-0.5864316382963821,0.10000000000000002,0.027985913387360496,-0.5609207879189125
5.697697697697698,-0.5783156049716393,0.10000000000000002,0.02804160499313027,-0.5526058425860705
5.707707707707708,-0.5701961050633576,0.10000000000000002,0.02807002468241597,-0.5442355264441483
5.717717717717718,-0.5620797362304574,0.10000000000000002,0.028070234924855372,-0.5358106781943345
5.727727727727728,-0.5539730690895224,0.10000000000000002,0.028042102816811625,-0.5273321420019057
5.737737737737738,-0.5458826229122999,0.10000000000000002,0.027986472517081827,-0.5188007674116417
5.747747747747748,-0.5378148419522919,0.10000000000000002,0.02790535409188124,-0.5102174092627012
5.757757757757758,-0.5297760725742293,0.10000000000000002,0.027802127520680796,-0.5015829276029677
5.767767767767768,-0.5217725413478644,0.10000000000000002,0.027681758460807268,-0.49289818760287313
5.777777777777778,-0.513810334253448,0.10000000000000002,0.02755101893427907,-0.48416405946870816
5.787787787787788,-0.5058953771306235,0.10000000000000002,0.027418700969865588,-0.4753814183554279
5.797797797797798,-0.4980334174856574,0.10000000000000002,0.027295804155184903,-0.46655114427896205
5.807807807807808,-0.4902300077542401,0.10000000000000002,0.027195669102964122,-0.4576741220280376
5.817817817817818,-0.4824904900988204,0.10000000000000002,0.027134018977080357,-0.44875124107552367
5.827827827827828,-0.4748199828009647,0.10000000000000002,0.027128862747048243,-0.4397833954893065
5.837837837837838,-0.46722336829077765,0.10000000000000002,0.027200210883894647,-0.43077148384270475
5.847847847847848,-0.4597052828373761,0.10000000000000002,0.02736956244168659,-0.42171640912443253
5.857857857857858,-0.4522701079069418,0.10000000000000002,0.027659147445024523,-0.41261907864812064
5.867867867867868,-0.44492196317829297,0.10000000000000002,0.02809095209818868,-0.40348040396140417
5.877877877877878,-0.4376647011903793,0.10000000000000002,0.02868561035419917,-0.39430130075458586
5.887887887887888,-0.43050190358181667,0.10000000000000002,0.029461297492824383,-0.3850826887688846
5.897897897897898,-0.4234368788696503,0.10000000000000002,0.030432787180653204,-0.3758254917042776
5.907907907907908,-0.4164726617030738,0.10000000000000002,0.0316108158226896,-0.36653063712694645
5.917917917917918,-0.409612013517923,0.10000000000000002,0.03300183695406662,-0.3571990563763352
5.927927927927928,-0.40285742450940554,0.10000000000000002,0.03460816458414759,-0.34783168447183077
5.937937937937938,-0.39621111683375443,0.10000000000000002,0.03642842871081347,-0.3384294600190746
5.947947947947948,-0.3896750489442465,0.10000000000000002,0.03845822292261931,-0.32899332511591467
5.957957957957958,-0.3832509209632927,0.10000000000000002,0.040690819768719515,-0.3195242252580079
5.967967967967968,-0.3769401809899768,0.10000000000000002,0.04311785456422857,-0.3100231092440821
5.977977977977978,-0.37074403224141916,0.10000000000000002,0.04572991578035075,-0.30049092908086666
5.987987987987988,-0.3646634409265709,0.10000000000000002,0.04851701574467552,-0.2909286398877021
5.997997997997998,-0.358699144752378,0.10000000000000002,0.051468941425005646,-0.28133719980083766
6.008008008008009,-0.35285166196457207,0.10000000000000002,0.05457550008361606,-0.27171756987742546
6.018018018018019,-0.3471213008285311,0.10000000000000002,0.05782668067168713,-0.2620707139992268
6.028028028028029,-0.3415081694595551,0.10000000000000002,0.06121275212306968,-0.2523975987760266
6.038038038038039,-0.3360121859164483,0.10000000000000002,0.0647243170070046,-0.2426991934487827
6.048048048048049,-0.3306330884772817,0.10000000000000002,0.06835233523178404,-0.23297646979250797
6.058058058058059,-0.3253704460216199,0.10000000000000002,0.07208812875912322,-0.2232304020188987
6.068068068068069,-0.3202236684491214,0.10000000000000002,0.07592337509623465,-0.2134619666787193
6.078078078078079,-0.31519201707026107,0.10000000000000002,0.07985009482648486,-0.2036721425639523
6.088088088088089,-0.31027461491077574,0.10000000000000002,0.08386063658376178,-0.19386191060972402
6.098098098098099,-0.30547045687735375,0.10000000000000002,0.08794766155917617,-0.1840322537960153
6.108108108108109,-0.30077841973785857,0.10000000000000002,0.09210412873217441,-0.1741841570491675
6.118118118118119,-0.2961972718750605,0.10000000000000002,0.09632328142608149,-0.16431860714319343
6.128128128128129,-0.29172568277831284,0.10000000000000002,0.10059863541322286,-0.15443659260090303
6.138138138138139,-0.2873622322428512,0.10000000000000002,0.10492396856929344,-0.14453910359485397
6.148148148148149,-0.28310541925136484,0.10000000000000002,0.10929331194886423,-0.13462713184813696
6.158158158158159,-0.27895367051716624,0.10000000000000002,0.11370094209204583,-0.1247016705350055
6.168168168168169,-0.2749053486726468,0.10000000000000002,0.11814137434985336,-0.1147637141813604
6.178178178178179,-0.27095876009075454,0.10000000000000002,0.12260935701825403,-0.10481425856509888
6.188188188188189,-0.26711216233093227,0.10000000000000002,0.1270998660867346,-0.09485430061633804
6.198198198198199,-0.26336377120434623,0.10000000000000002,0.13160810043040655,-0.08488483831752312
6.208208208208209,-0.2597117674562731,0.10000000000000002,0.13612947729978944,-0.07490687060343014
6.218218218218219,-0.25615430306626197,0.10000000000000002,0.1406596279880151,-0.06492139726107311
6.228228228228229,-0.25268950716910465,0.10000000000000002,0.14519439357927996,-0.05492941882952605
6.238238238238239,-0.24931549160177574,0.10000000000000002,0.14972982070347277,-0.04493193649966936
6.248248248248249,-0.24603035608335244,0.10000000000000002,0.15426215724144635,-0.03492995201387113
6.258258258258259,-0.24283219303651088,0.10000000000000002,0.15878784794122977,-0.02492446756561305
6.268268268268269,-0.23971909206051806,0.10000000000000002,0.16330352991929298,-0.014916485699071188
6.278278278278279,-0.23668914406675967,0.10000000000000002,0.1678060280324247,-0.0049070092086615676
6.288288288288289,-0.23374044508872682,0.10000000000000002,0.17229235011476052,0.0051029589614392705
6.298298298298299,-0.23087109977908904,0.10000000000000002,0.17675968208185472,0.015112415817788745
6.308308308308309,-0.2280792246070052,0.10000000000000002,0.18120538290958335,0.02512035841817764
6.318318318318319,-0.22536295076919732,0.10000000000000002,0.18562697949952034,0.03512578397212437
6.328328328328329,-0.22272042682852772,0.10000000000000002,0.1900221614459926,0.045127689941354056
6.338338338338339,-0.220149821093933,0.10000000000000002,0.19438877572186233,0.05512507414025233
6.348348348348349,-0.21764932375554846,0.10000000000000002,0.1987248213014909,0.06511693483628377
6.358358358358359,-0.21521714878876264,0.10000000000000002,0.20302844374001405,0.07510227085036497
6.368368368368369,-0.21285153564074039,0.10000000000000002,0.20729792972805383,0.0850800816571822
6.378378378378379,-0.21055075071270823,0.10000000000000002,0.2115317016409366,0.09504936748544342
6.388388388388389,-0.2083130886509708,0.10000000000000002,0.2157283121005048,0.10500912941805488
6.398398398398399,-0.2061368734592563,0.10000000000000002,0.21988643856701198,0.11495836949221208
6.408408408408409,-0.20402045944459407,0.10000000000000002,0.2240048779773787,0.12489609079939508
6.418418418418419,-0.2019622320084754,0.10000000000000002,0.2280825414448905,0.13482129758525824
6.428428428428429,-0.1999606082946035,0.10000000000000002,0.23211844903416956,0.14473299534940418
6.438438438438439,-0.19801403770403936,0.10000000000000002,0.2361117246239624,0.15463019094503233
6.448448448448449,-0.19612100228807972,0.10000000000000002,0.24006159086880774,0.1645118926784516
6.458458458458459,-0.1942800170286918,0.10000000000000002,0.24396736426951524,0.17437711040844756
6.468468468468469,-0.19248963001584368,0.10000000000000002,0.2478284503609282,0.1842248556454941
6.478478478478479,-0.19074842253056418,0.10000000000000002,0.25164433902429767,0.19405414165079957
6.488488488488489,-0.18905500904208206,0.10000000000000002,0.25541459993035276,0.20386398353517735
6.498498498498499,-0.18740803712691123,0.10000000000000002,0.25913887811803576,0.2136533983577314
6.508508508508509,-0.18580618731728077,0.10000000000000002,0.2628168897128571,0.22342140522434628
6.518518518518519,-0.1842481728858446,0.10000000000000002,0.2664484177877643,0.23316702538597225
6.528528528528529,-0.1827327395731715,0.10000000000000002,0.27003330836859646,0.24288928233669543
6.538538538538539,-0.18125866526408385,0.10000000000000002,0.27357146658532855,0.2525872019115831
6.548548548548549,-0.1798247596184961,0.10000000000000002,0.2770628529695404,0.2622598123842947
6.558558558558559,-0.17842986366202662,0.10000000000000002,0.28050747989791536,0.27190614456444784
6.568568568568569,-0.1770728493412601,0.10000000000000002,0.28390540818090215,0.2815252318947312
6.578578578578579,-0.17575261904819528,0.10000000000000002,0.28725674379518257,0.29111611054775277
6.588588588588589,-0.17446810511806282,0.10000000000000002,0.2905616347580896,0.30067781952261474
6.598598598598599,-0.17321826930437567,0.10000000000000002,0.29382026814167617,0.3102094007412056
6.608608608608609,-0.17200210223477547,0.10000000000000002,0.2970328672238141,0.31970989914419873
6.618618618618619,-0.17081862285093874,0.10000000000000002,0.3001996887733856,0.32917836278674895
6.628628628628629,-0.16966687783554735,0.10000000000000002,0.3033210204663164,0.338613842933877
6.638638638638639,-0.16854594102906367,0.10000000000000002,0.30639717842906944,0.34801539415553207
6.648648648648649,-0.16745491283881164,0.10000000000000002,0.30942850490594787,0.35738207442132364
6.658658658658659,-0.16639291964265057,0.10000000000000002,0.31241536604651277,0.36671294519491204
6.668668668668669,-0.1653591131893024,0.10000000000000002,0.31535814980921373,0.3760070715280497
6.678678678678679,-0.16435266999721793,0.10000000000000002,0.3182572639773552,0.38526352215426224
6.688688688688689,-0.16337279075365985,0.10000000000000002,0.3211131342833961,0.3944813695821608
6.698698698698699,-0.16241869971554507,0.10000000000000002,0.3239262026375924,0.40365969018837644
6.708708708708709,-0.16148964411338917,0.10000000000000002,0.32669692545700585,0.4127975643101065
6.718718718718719,-0.16058489355959793,0.10000000000000002,0.32942577209086277,0.4218940763372644
6.728728728728729,-0.1597037394621676,0.10000000000000002,0.33211322333836274,0.4309483148042231
6.738738738738739,-0.1588454944447713,0.10000000000000002,0.33475977005500285,0.4399593724811438
6.748748748748749,-0.1580094917740727,0.10000000000000002,0.3373659118435918,0.4489263464648797
6.758758758758759,-0.15719508479500138,0.10000000000000002,0.3399321558262177,0.4578483382694463
6.768768768768769,-0.15640164637464127,0.10000000000000002,0.3424590154934446,0.4667244539160495
6.778778778778779,-0.15562856835527938,0.10000000000000002,0.3449470096271828,0.47555380402266134
6.788788788788789,-0.1548752610170891,0.10000000000000002,0.34739666129370755,0.4843355038931362
6.798798798798799,-0.15414115255084537,0.10000000000000002,0.3498084969034437,0.4930686736058564
6.808808808808809,-0.15342568854099492,0.10000000000000002,0.35218304533422307,0.5017524381019001
6.818818818818819,-0.15272833145935982,0.10000000000000002,0.35452083711480514,0.5103859272727216
6.828828828828829,-0.15204856016966795,0.10000000000000002,0.3568224036656061,0.518968276047336
6.838838838838839,-0.15138586944308308,0.10000000000000002,0.359088276593652,0.5274986244789983
6.848848848848849,-0.15073976948483636,0.10000000000000002,0.36131898703889564,0.5359761178313706
6.858858858858859,-0.15010978547203818,0.10000000000000002,0.3635150650691479,0.5443999066641648
6.868868868868869,-0.1494954571026929,0.10000000000000002,0.3656770391209893,0.5527691469182577
6.878878878878879,-0.14889633815592296,0.10000000000000002,0.36780543548410205,0.5610830000002638
6.888888888888889,-0.14831199606336615,0.10000000000000002,0.369900777826637,0.5693406328665628
6.898898898898899,-0.14774201149168753,0.10000000000000002,0.3719635867592511,0.57754121810677
6.908908908908909,-0.14718597793612292,0.10000000000000002,0.37399437943561364,0.5856839340266418
6.918918918918919,-0.1466435013249519,0.10000000000000002,0.37599366918727606,0.5937679647304097
6.928928928928929,-0.14611419963477196,0.10000000000000002,0.3779619651908444,0.6017925002025328
6.938938938938939,-0.14559770251643922,0.10000000000000002,0.37989977216556575,0.6097567363888599
6.948948948948949,-0.14509365093151982,0.10000000000000002,0.38180759009946624,0.617659875277196
6.958958958958959,-0.1446016967990857,0.10000000000000002,0.38368591400230895,0.625501124977263
6.968968968968969,-0.14412150265267665,0.10000000000000002,0.38553523368370857,0.6332796998000457
6.978978978978979,-0.14365274130724925,0.10000000000000002,0.387356033554815,0.6409948203365186
6.988988988988989,-0.14319509553591075,0.10000000000000002,0.38914879245208217,0.6486457135357411
6.998998998998999,-0.14274825775624594,0.10000000000000002,0.3909139834817073,0.6562316127823176
7.009009009009009,-0.14231192972602885,0.10000000000000002,0.3926520738833594,0.6637517579732118
7.019019019019019,-0.14188582224811558,0.10000000000000002,0.394363524911976,0.6712053955939085
7.029029029029029,-0.14146965488430446,0.10000000000000002,0.3960487917363774,0.678591778793915
7.039039039039039,-0.14106315567795186,0.10000000000000002,0.39770832335357276,0.6859101674615959
7.049049049049049,-0.14066606088513117,0.10000000000000002,0.3993425625176875,0.6931598282983316
7.059059059059059,-0.14027811471412188,0.10000000000000002,0.4009519456824777,0.7003400348919937
7.069069069069069,-0.1398990690730132,0.10000000000000002,0.4025369029564823,0.7074500677897322
7.079079079079079,-0.13952868332521218,0.10000000000000002,0.404097858069894,0.7144892145700635
7.089089089089089,-0.13916672405264324,0.10000000000000002,0.40563522835229776,0.7214567699142554
7.099099099099099,-0.1388129648264294,0.10000000000000002,0.40714942472047916,0.7283520356769987
7.109109109109109,-0.13846718598485408,0.10000000000000002,0.4086408516755219,0.7351743209563618
7.119119119119119,-0.1381291744183844,0.10000000000000002,0.4101099073085012,0.7419229421630182
7.129129129129129,-0.13779872336157695,0.10000000000000002,0.41155698331408425,0.7485972230887422
7.1391391391391394,-0.1374756321916445,0.10000000000000002,0.412982465011409,0.7551964949741643
7.1491491491491495,-0.137159706233502,0.10000000000000002,0.4143867313716599,0.7617200965757804
7.1591591591591595,-0.13685075657110002,0.10000000000000002,0.41577015505175513,0.7681673742322086
7.1691691691691695,-0.13654859986484785,0.10000000000000002,0.41713310243365487,0.7745376819296852
7.1791791791791795,-0.13625305817495675,0.10000000000000002,0.4184759336687676,0.7808303813667951
7.1891891891891895,-0.13596395879050877,0.10000000000000002,0.41979900272701104,0.7870448420184293
7.1991991991991995,-0.13568113406408627,0.10000000000000002,0.42110265745010245,0.793180441198963
7.2092092092092095,-0.1354044212517827,0.10000000000000002,0.4223872396086555,0.799236564124649
7.2192192192192195,-0.13513366235842955,0.10000000000000002,0.4236530849627164,0.8052126039752175
7.2292292292292295,-0.1348687039878776,0.10000000000000002,0.4249005233253919,0.8111079619546806
7.2392392392392395,-0.13460939719816833,0.10000000000000002,0.42612987862922314,0.8169220473513301
7.2492492492492495,-0.1343555973614421,0.10000000000000002,0.42734146899501513,0.8226542775969271
7.2592592592592595,-0.13410716402843276,0.10000000000000002,0.42853560680282093,0.8283040783250751
7.2692692692692695,-0.13386396079740115,0.10000000000000002,0.42971259876481577,0.8338708834287711
7.2792792792792795,-0.1336258551873612,0.10000000000000002,0.4308727459998248,0.8393541351171289
7.2892892892892895,-0.13339271851546275,0.10000000000000002,0.43201634410923795,0.8447532839712697
7.2992992992992995,-0.1331644257783956,0.10000000000000002,0.433143683254151,0.850067788999374
7.3093093093093096,-0.13294085553767937,0.10000000000000002,0.4342550482334655,0.8552971176908878
7.31931931931932,-0.13272188980871796,0.10000000000000002,0.43535071856283125,0.8604407460698806
7.32932932932933,-0.13250741395349136,0.10000000000000002,0.4364309685541887,0.8654981587475474
7.33933933933934,-0.13229731657676225,0.10000000000000002,0.437496067395816,0.8704688489738498
7.34934934934935,-0.13209148942568733,0.10000000000000002,0.43854627923269207,0.8753523186882929
7.35935935935936,-0.13188982729271564,0.10000000000000002,0.4395818632470414,0.88014807856983
7.36936936936937,-0.13169222792166474,0.10000000000000002,0.44060307373896745,0.884855648085893
7.37937937937938,-0.13149859191687358,0.10000000000000002,0.44161016020701244,0.8894745555405409
7.38938938938939,-0.13130882265532356,0.10000000000000002,0.44260336742857365,0.8940043381217236
7.3993993993994,-0.13112282620163296,0.10000000000000002,0.44358293554005984,0.8984445419476558
7.40940940940941,-0.13094051122582467,0.10000000000000002,0.4445491001167109,0.9027947221122953
7.41941941941942,-0.13076178892377727,0.10000000000000002,0.4455020922519759,0.9070544427299223
7.42942942942943,-0.13058657294027226,0.10000000000000002,0.4464421386364016,0.9112232769788154
7.43943943943944,-0.13041477929454032,0.10000000000000002,0.4473694616359524,0.9153008071440187
7.44944944944945,-0.13024632630823335,0.10000000000000002,0.4482842793696864,0.919286624659196
7.45945945945946,-0.13008113453573478,0.10000000000000002,0.44918680578676423,0.9231803301475698
7.46946946946947,-0.1299191266967316,0.10000000000000002,0.4500772507426959,0.9269815334619383
7.47947947947948,-0.1297602276109709,0.10000000000000002,0.4509558200748242,0.9306898537237681
7.48948948948949,-0.1296043641351276,0.10000000000000002,0.45182271567697335,0.9343049193613573
7.4994994994995,-0.12945146510171274,0.10000000000000002,0.4526781355732412,0.9378263681470678
7.50950950950951,-0.1293014612599533,0.10000000000000002,0.4535222739908973,0.9412538472336197
7.51951951951952,-0.12915428521857614,0.10000000000000002,0.4543553214323634,0.9445870131894466
7.52952952952953,-0.12900987139043552,0.10000000000000002,0.4551774647462443,0.9478255320331073
7.53953953953954,-0.12886815593891526,0.10000000000000002,0.4559888871973951,0.9509690792667502
7.54954954954955,-0.12872907672605238,0.10000000000000002,0.4567897685360044,0.9540173399086285
7.55955955955956,-0.12859257326232404,0.10000000000000002,0.4575802850656746,0.9569700085246604
7.56956956956957,-0.12845858665803356,0.10000000000000002,0.4583606097104943,0.9598267892590342
7.57957957957958,-0.1283270595762538,0.10000000000000002,0.45913091208107853,0.9625873958638521
7.58958958958959,-0.1281979361872656,0.10000000000000002,0.45989135853959245,0.9652515517278129
7.5995995995996,-0.12807116212444625,0.10000000000000002,0.4606421122637223,0.9678189899039277
7.60960960960961,-0.12794668444155888,0.10000000000000002,0.4613833333096192,0.970289453136268
7.61961961961962,-0.12782445157139216,0.10000000000000002,0.4621151786737946,0.9726626938857429
7.62962962962963,-0.1277044132857113,0.10000000000000002,0.46283780235396865,0.9749384743549019
7.63963963963964,-0.12758652065647036,0.10000000000000002,0.4635513554088847,0.9771165665117625
7.64964964964965,-0.12747072601824655,0.10000000000000002,0.46425598601708457,0.9791967521126587
7.65965965965966,-0.12735698293185643,0.10000000000000002,0.46495183953463215,0.9811788227241086
7.66966966966967,-0.12724524614911248,0.10000000000000002,0.4656390585518332,0.9830625797437
7.67967967967968,-0.12713547157868194,0.10000000000000002,0.4663177829489046,0.9848478344199898
7.68968968968969,-0.12702761625301734,0.10000000000000002,0.4669881499506457,0.9865344078714168
7.6996996996997,-0.12692163829630942,0.10000000000000002,0.46765029418008264,0.9881221311042255
7.70970970970971,-0.12681749689344568,0.10000000000000002,0.46830434771112933,0.9896108450293996
7.71971971971972,-0.1267151522599263,0.10000000000000002,0.46895044012024,0.991000400478602
7.72972972972973,-0.12661456561271633,0.10000000000000002,0.4695886985370916,0.992290658219122
7.73973973973974,-0.12651569914199495,0.10000000000000002,0.4702192476942862,0.9934814889678258
7.74974974974975,-0.12641851598377907,0.10000000000000002,0.4708422099761075,0.9945727734041111
7.75975975975976,-0.12632298019338856,0.10000000000000002,0.47145770546630494,0.9955644021818625
7.76976976976977,-0.126229056719725,0.10000000000000002,0.47206585199497186,0.9964562759404084
7.77977977977978,-0.12613671138033833,0.10000000000000002,0.47266676518447087,0.9972483053144763
7.78978978978979,-0.12604591083725963,0.10000000000000002,0.4732605584944665,0.9979404109431478
7.7997997997998,-0.12595662257356433,0.10000000000000002,0.4738473432660529,0.9985325234778101
7.80980980980981,-0.12586881487065393,0.10000000000000002,0.4744272287649936,0.9990245835891045
7.81981981981982,-0.12578245678622385,0.10000000000000002,0.4750003222240917,0.999416541972872
7.82982982982983,-0.12569751813290148,0.10000000000000002,0.47556672888470697,0.9997083593550927
7.83983983983984,-0.12561396945752706,0.10000000000000002,0.4761265520374202,0.9999000064958212
7.84984984984985,-0.12553178202106008,0.10000000000000002,0.4766798930618624,0.999991464192117
7.85985985985986,-0.12545092777908895,0.10000000000000002,0.4772268514657424,0.999982723279968
7.86986986986987,-0.1253713793629282,0.10000000000000002,0.4777675249230574,0.9998737846352087
7.87987987987988,-0.12529311006127836,0.10000000000000002,0.47830200931151023,0.999664659173433
7.88988988988989,-0.12521609380243326,0.10000000000000002,0.4788303987491714,0.9993553678489
7.8998998998999,-0.12514030513702018,0.10000000000000002,0.47935278563035,0.9989459416524346
7.90990990990991,-0.12506571922124976,0.10000000000000002,0.4798692606607395,0.998436421608322
7.91991991991992,-0.1249923118006636,0.10000000000000002,0.4803799128918164,0.9978268587701975
7.92992992992993,-0.12492005919436237,0.10000000000000002,0.48088482975452,0.9971173142159306
7.93993993993994,-0.12484893827969944,0.10000000000000002,0.48138409709222474,0.9963078590415051
7.94994994994995,-0.1247789264774226,0.10000000000000002,0.48187779919302026,0.9953985743538953
7.95995995995996,-0.12471000173725443,0.10000000000000002,0.4823660188213002,0.9943895512629394
7.96996996996997,-0.12464214252389504,0.10000000000000002,0.4828488372486988,0.9932808908722099
7.97997997997998,-0.12457532780343054,0.10000000000000002,0.48332633428435956,0.9920727042688835
7.98998998998999,-0.12450953703013944,0.10000000000000002,0.4837985883045649,0.9907651125126099
8.0,-0.12444475013368204,0.10000000000000002,0.4842656762817379,0.9893582466233818
